seed,effective_seed,case,load_factor,policy,variant,order,max_paths,congestion_lambda,util_cap,total_demand,failed_links,dr,dr_reach,overloaded_arcs,overload_excess,max_util,mean_util,arcs_above_90,latency_stretch,recovery_ratio,churn_flows,churn_rate,p0_greedy_gap,compute_ms,dr_p0,dr_p1,dr_p2,unserved_disconnected,unserved_insufficient_capacity,unserved_path_limit,unserved_overload_loss
100,100,healthy,0.5,S0,default,class_size_desc,3,0,1.0,379,,0.9762532981530343,0.9762532981530343,4,9,1.3,0.1246174435789609,4,1.0,nan,0,0,0.0,28.00765599999977,0.9577861163227017,0.978789592760181,0.9782939832444782,0.0,0.0,0.0,9.0
100,100,healthy,0.5,S0-QoS,default,class_size_desc,3,0,1.0,379,,0.9762532981530343,0.9762532981530343,4,9,1.3,0.1246174435789609,4,1.0,nan,0,0,0.0,32.676360999857934,1.0,1.0,0.9554455445544554,0.0,0.0,0.0,9.0
100,100,healthy,0.5,S1,default,class_size_desc,3,0,1.0,379,,0.9894459102902374,0.9894459102902374,0,0,1.0,0.12174191256791586,4,1.0,nan,0,0,0.0,64.95787199992265,1.0,1.0,0.9801980198019802,0.0,0.0,4.0,0.0
100,100,healthy,0.5,S2,default,class_size_desc,3,0,1.0,379,,1.0,1.0,0,0,1.0,0.12278014536315801,4,1.0,nan,0,0,0.0,48.0729959999735,1.0,1.0,1.0,0.0,0.0,0.0,0.0
100,100,healthy,0.75,S0,default,class_size_desc,3,0,1.0,542,,0.9243542435424354,0.9243542435424354,10,41,2.0,0.1782337192311079,12,1.0,nan,0,0,0.0,29.079025000100955,0.8790237406437985,0.931975859697206,0.9288370558866562,0.0,0.0,0.0,41.0
100,100,healthy,0.75,S0-QoS,default,class_size_desc,3,0,1.0,542,,0.9243542435424354,0.9243542435424354,10,41,2.0,0.1782337192311079,12,1.0,nan,0,0,0.0,27.208076000079018,1.0,0.9948453608247423,0.8606271777003485,0.0,0.0,0.0,41.0
100,100,healthy,0.75,S1,default,class_size_desc,3,0,1.0,542,,0.974169741697417,0.974169741697417,0,0,1.0,0.16627154804147656,12,1.0,nan,0,0,0.0,53.01056600001175,1.0,0.9948453608247423,0.9547038327526133,0.0,3.0,11.0,0.0
100,100,healthy,0.75,S2,default,class_size_desc,3,0,1.0,542,,0.9944649446494465,0.9944649446494465,0,0,1.0,0.16939674527415044,12,1.0012368583797155,nan,0,0,0.0,44.433561000005284,1.0,1.0,0.9895470383275261,0.0,3.0,0.0,0.0
100,100,healthy,1.0,S0,default,class_size_desc,3,0,1.0,655,,0.8641221374045801,0.8641221374045801,16,89,2.4,0.21482927920531,19,1.0,nan,0,0,0.0,25.89975199998662,0.8055921421098061,0.875994953146729,0.8685026545518081,0.0,0.0,0.0,89.0
100,100,healthy,1.0,S0-QoS,default,class_size_desc,3,0,1.0,655,,0.8641221374045801,0.8641221374045801,16,89,2.4,0.21482927920531,19,1.0,nan,0,0,0.0,25.187946999949418,1.0,0.9739130434782609,0.7642045454545454,0.0,0.0,0.0,89.0
100,100,healthy,1.0,S1,default,class_size_desc,3,0,1.0,655,,0.9358778625954198,0.9358778625954198,0,0,1.0,0.19112293932016308,19,1.0065252854812399,nan,0,0,0.0,55.63487799986433,1.0,0.9782608695652174,0.8948863636363636,0.0,7.0,35.0,0.0
100,100,healthy,1.0,S2,default,class_size_desc,3,0,1.0,655,,0.9893129770992366,0.9893129770992366,0,0,1.0,0.20405899488087503,19,1.021604938271605,nan,0,0,0.0,54.68272200005231,1.0,1.0,0.9801136363636364,0.0,7.0,0.0,0.0
100,100,healthy,1.0,S2,lambda=0.5xmean,class_size_desc,3,1,1.0,655,,0.9893129770992366,0.9893129770992366,0,0,1.0,0.23271893243278619,6,1.191358024691358,nan,0,0,0.0,50.12985400003345,1.0,1.0,0.9801136363636364,0.0,7.0,0.0,0.0
100,100,healthy,1.0,S2,lambda=1xmean,class_size_desc,3,2,1.0,655,,0.9893129770992366,0.9893129770992366,0,0,1.0,0.24079303956076908,5,1.227366255144033,nan,0,0,0.0,50.13317999987521,1.0,1.0,0.9801136363636364,0.0,7.0,0.0,0.0
100,100,healthy,1.0,S2,lambda=2xmean,class_size_desc,3,4,1.0,655,,0.9893129770992366,0.9893129770992366,0,0,1.0,0.25113927661123925,4,1.2587448559670782,nan,0,0,0.0,55.498081999985516,1.0,1.0,0.9801136363636364,0.0,7.0,0.0,0.0
100,100,healthy,1.0,S2,max_paths=1,class_size_desc,1,0,1.0,655,,0.9511450381679389,0.9511450381679389,0,0,1.0,0.195145022239992,19,1.0128410914927768,nan,0,0,0.0,62.995682000064335,1.0,0.9826086956521739,0.9204545454545454,0.0,7.0,25.0,0.0
100,100,healthy,1.0,S2,max_paths=2,class_size_desc,2,0,1.0,655,,0.9893129770992366,0.9893129770992366,0,0,1.0,0.20405899488087503,19,1.021604938271605,nan,0,0,0.0,52.82963700005894,1.0,1.0,0.9801136363636364,0.0,7.0,0.0,0.0
100,100,healthy,1.0,S2,max_paths=4,class_size_desc,4,0,1.0,655,,0.9893129770992366,0.9893129770992366,0,0,1.0,0.20405899488087503,19,1.021604938271605,nan,0,0,0.0,49.38321300005555,1.0,1.0,0.9801136363636364,0.0,7.0,0.0,0.0
100,100,healthy,1.0,S2,order=arrival,arrival,3,0,1.0,655,,0.9893129770992366,0.9893129770992366,0,0,1.0,0.20405899488087503,19,1.021604938271605,nan,0,0,0.0,48.01317399983418,1.0,1.0,0.9801136363636364,0.0,7.0,0.0,0.0
100,100,healthy,1.0,S2,order=class_size_asc,class_size_asc,3,0,1.0,655,,0.9893129770992366,0.9893129770992366,0,0,1.0,0.20405899488087503,19,1.021604938271605,nan,0,0,0.0,49.977728999920146,1.0,1.0,0.9801136363636364,0.0,7.0,0.0,0.0
100,100,healthy,1.0,S2,util_cap=0.9,class_size_desc,3,0,0.9,655,,0.9862595419847329,0.9862595419847329,0,0,0.9,0.20491192356296808,0,1.0371517027863777,nan,0,0,0.0,54.3021180001233,1.0,1.0,0.9744318181818182,0.0,9.0,0.0,0.0
100,100,healthy,1.25,S0,default,class_size_desc,3,0,1.0,831,,0.7496395058388312,0.7496395058388312,29,233,3.1,0.2729557734733656,36,1.0,nan,0,0,0.0,26.111190000165152,0.6885677980251087,0.7645430783636988,0.7528789313298411,0.0,0.0,0.0,208.04957064793132
100,100,healthy,1.25,S0-QoS,default,class_size_desc,3,0,1.0,831,,0.749095824080092,0.749095824080092,29,233,3.1,0.2729557734733656,36,1.0,nan,0,0,0.0,25.160025000104724,1.0,0.9385665529010239,0.5699743336581409,0.0,0.0,0.0,208.50137018944358
100,100,healthy,1.25,S1,default,class_size_desc,3,0,1.0,831,,0.9181708784596871,0.9181708784596871,0,0,1.0,0.24126889625858838,38,1.039755351681957,nan,0,0,0.0,60.79229000010855,1.0,0.962457337883959,0.871331828442438,0.0,16.0,52.0,0.0
100,100,healthy,1.25,S2,default,class_size_desc,3,0,1.0,831,,0.9747292418772563,0.9747292418772563,0,0,1.0,0.2607841512985823,42,1.0576131687242798,nan,0,0,0.0,50.60488499998428,1.0,0.9965870307167235,0.9548532731376975,0.0,21.0,0.0,0.0
100,100,healthy,1.5,S0,default,class_size_desc,3,0,1.0,1034,,0.6190896278662236,0.6190896278662236,37,494,3.7,0.3394467227842709,39,1.0,nan,0,0,0.0,25.554534999855605,0.5656941866294798,0.6333675738093307,0.6206444150247283,0.0,0.0,0.0,393.8613247863248
100,100,healthy,1.5,S0-QoS,default,class_size_desc,3,0,1.0,1034,,0.6178226635253511,0.6178226635253511,37,494,3.7,0.3394467227842709,39,1.0,nan,0,0,0.0,24.387076000039087,1.0,0.8989071038251366,0.3534812889624784,0.0,0.0,0.0,395.171365914787
100,100,healthy,1.5,S1,default,class_size_desc,3,0,1.0,1034,,0.8346228239845261,0.8346228239845261,0,0,1.0,0.27834893583601666,50,1.0652761684047896,nan,0,0,0.0,92.09594700018897,1.0,0.9508196721311475,0.723826714801444,0.0,35.0,136.0,0.0
100,100,healthy,1.5,S2,default,class_size_desc,3,0,1.0,1034,,0.9400386847195358,0.9400386847195358,0,0,1.0,0.3319252027064012,53,1.1337448559670782,nan,0,0,0.0,82.55082599998786,1.0,0.9918032786885246,0.8935018050541517,0.0,62.0,0.0,0.0
100,100,healthy,2.0,S0,default,class_size_desc,3,0,1.0,1310,,0.49206997023592575,0.49206997023592575,42,906,4.8,0.42965855841062,43,1.0,nan,0,0,0.0,25.150056000029508,0.4444969502968374,0.5036179413158127,0.4943904165631401,0.0,0.0,0.0,665.3883389909372
100,100,healthy,2.0,S0-QoS,default,class_size_desc,3,0,1.0,1310,,0.4871728618283609,0.4871728618283609,42,906,4.8,0.42965855841062,43,1.0,nan,0,0,0.0,25.726096999960646,0.9726027397260274,0.808695652173913,0.17641541050447837,0.0,0.0,0.0,671.8035510048472
100,100,healthy,2.0,S1,default,class_size_desc,3,0,1.0,1310,,0.8061068702290076,0.8061068702290076,0,0,1.0,0.3735148516500908,70,1.1868686868686869,nan,0,0,4.0,90.401859999929,0.9726027397260274,0.9217391304347826,0.6960227272727273,0.0,124.0,130.0,0.0
100,100,healthy,2.0,S2,default,class_size_desc,3,0,1.0,1310,,0.867175572519084,0.867175572519084,0,0,1.0,0.41223176237359854,77,1.2312206572769953,nan,0,0,0.0,72.11664800001927,1.0,0.9739130434782609,0.7698863636363636,0.0,174.0,0.0,0.0
100,100,uplink,0.5,S0,default,class_size_desc,3,0,1.0,379,L6,0.9762532981530343,0.9762532981530343,4,9,1.3,0.1338333129135016,7,1.072972972972973,1.0,41,81,0.0,26.373421000016606,0.9577861163227017,0.978789592760181,0.9782939832444782,0.0,0.0,0.0,9.0
100,100,uplink,0.5,S0-QoS,default,class_size_desc,3,0,1.0,379,L6,0.9762532981530343,0.9762532981530343,4,9,1.3,0.1338333129135016,7,1.072972972972973,1.0,41,81,0.0,25.29456799993568,1.0,1.0,0.9554455445544554,0.0,0.0,0.0,9.0
100,100,uplink,0.5,S1,default,class_size_desc,3,0,1.0,379,L6,0.9894459102902374,0.9894459102902374,0,0,1.0,0.13093065425140896,7,1.072,1.0,41,81,0.0,55.124190000015005,1.0,1.0,0.9801980198019802,0.0,0.0,4.0,0.0
100,100,uplink,0.5,S2,default,class_size_desc,3,0,1.0,379,L6,1.0,1.0,0,0,1.0,0.13197868169566282,7,1.071240105540897,1.0,41,81,0.0,41.56609400001798,1.0,1.0,1.0,0.0,0.0,0.0,0.0
100,100,uplink,0.75,S0,default,class_size_desc,3,0,1.0,542,L6,0.8985239852398524,0.8985239852398524,13,55,2.0,0.19168154011175653,15,1.0691307323750856,0.8782608695652174,41,118,0.0,26.124734999939392,0.8517013362722138,0.9155301061380503,0.896980410789593,0.0,0.0,0.0,55.0
100,100,uplink,0.75,S0-QoS,default,class_size_desc,3,0,1.0,542,L6,0.8985239852398524,0.8985239852398524,13,55,2.0,0.19168154011175653,15,1.0691307323750856,0.8782608695652174,41,118,0.0,25.27027199994336,1.0,0.9948453608247423,0.8118466898954704,0.0,0.0,0.0,55.0
100,100,uplink,0.75,S1,default,class_size_desc,3,0,1.0,542,L6,0.9723247232472325,0.9723247232472325,0,0,1.0,0.1766833772960299,16,1.0721062618595825,0.991304347826087,41,114,0.0,50.729107000051954,1.0,0.9948453608247423,0.9512195121951219,0.0,3.0,12.0,0.0
100,100,uplink,0.75,S2,default,class_size_desc,3,0,1.0,542,L6,0.9944649446494465,0.9944649446494465,0,0,1.0,0.18013883443600426,16,1.072356215213358,1.0,40,115,0.0,43.95269900010135,1.0,1.0,0.9895470383275261,0.0,3.0,0.0,0.0
100,100,uplink,1.0,S0,default,class_size_desc,3,0,1.0,655,L6,0.8272817789578493,0.8272817789578493,20,118,2.4,0.23090924465841225,23,1.0651261066088957,0.81438127090301,41,144,0.0,27.107087000104002,0.7702585129265466,0.8535540423148475,0.8219410910265298,0.0,0.0,0.0,113.13043478260869
100,100,uplink,1.0,S0-QoS,default,class_size_desc,3,0,1.0,655,L6,0.8273282442748091,0.8273282442748091,20,118,2.4,0.23090924465841225,23,1.0651411699575568,0.8146153846153846,41,144,0.0,26.69562500000211,1.0,0.9739130434782609,0.6957386363636363,0.0,0.0,0.0,113.1
100,100,uplink,1.0,S1,default,class_size_desc,3,0,1.0,655,L6,0.9312977099236641,0.9312977099236641,0,0,1.0,0.20484639181573144,24,1.0836065573770493,0.9770992366412213,40,128,0.0,55.6295379999483,1.0,0.9782608695652174,0.8863636363636364,0.0,7.0,38.0,0.0
100,100,uplink,1.0,S2,default,class_size_desc,3,0,1.0,655,L6,0.9893129770992366,0.9893129770992366,0,0,1.0,0.22110512129380053,24,1.102366255144033,1.0,43,135,0.0,46.63192399993932,1.0,1.0,0.9801136363636364,0.0,7.0,0.0,0.0
100,100,uplink,1.0,S2,lambda=0.5xmean,class_size_desc,3,1,1.0,655,L6,0.9893129770992366,0.9893129770992366,0,0,1.0,0.25008969771442024,8,1.2489711934156378,1.0,60,205,0.0,46.26602799999091,1.0,1.0,0.9801136363636364,0.0,7.0,0.0,0.0
100,100,uplink,1.0,S2,lambda=1xmean,class_size_desc,3,2,1.0,655,L6,0.9893129770992366,0.9893129770992366,0,0,1.0,0.26819497636104184,6,1.3060699588477367,1.0,71,250,0.0,48.45769799999289,1.0,1.0,0.9801136363636364,0.0,7.0,0.0,0.0
100,100,uplink,1.0,S2,lambda=2xmean,class_size_desc,3,4,1.0,655,L6,0.9893129770992366,0.9893129770992366,0,0,1.0,0.29107953284229643,8,1.375514403292181,1.0,69,238,0.0,49.23180900004809,1.0,1.0,0.9801136363636364,0.0,7.0,0.0,0.0
100,100,uplink,1.0,S2,max_paths=1,class_size_desc,1,0,1.0,655,L6,0.9404580152671755,0.9404580152671755,0,0,1.0,0.20829450502327862,24,1.0892857142857142,0.9473684210526315,42,127,0.0,63.30382000010104,1.0,0.9826086956521739,0.9005681818181818,0.0,7.0,32.0,0.0
100,100,uplink,1.0,S2,max_paths=2,class_size_desc,2,0,1.0,655,L6,0.9893129770992366,0.9893129770992366,0,0,1.0,0.22110512129380053,24,1.102366255144033,1.0,43,135,0.0,46.29281799998353,1.0,1.0,0.9801136363636364,0.0,7.0,0.0,0.0
100,100,uplink,1.0,S2,max_paths=4,class_size_desc,4,0,1.0,655,L6,0.9893129770992366,0.9893129770992366,0,0,1.0,0.22110512129380053,24,1.102366255144033,1.0,43,135,0.0,48.6763180001617,1.0,1.0,0.9801136363636364,0.0,7.0,0.0,0.0
100,100,uplink,1.0,S2,order=arrival,arrival,3,0,1.0,655,L6,0.9893129770992366,0.9893129770992366,0,0,1.0,0.22163435228293718,23,1.103395061728395,1.0,41,137,0.0,45.21410500001366,1.0,1.0,0.9801136363636364,0.0,7.0,0.0,0.0
100,100,uplink,1.0,S2,order=class_size_asc,class_size_asc,3,0,1.0,655,L6,0.9862595419847329,0.9862595419847329,0,0,1.0,0.2190909703504043,24,1.0975232198142415,0.9856115107913669,42,145,0.0,45.890252999924996,1.0,1.0,0.9744318181818182,0.0,7.0,2.0,0.0
100,100,uplink,1.0,S2,util_cap=0.9,class_size_desc,3,0,0.9,655,L6,0.9862595419847329,0.9862595419847329,0,0,0.9,0.22534615038125028,0,1.1274509803921569,1.0,42,134,0.0,54.205827999794565,1.0,1.0,0.9744318181818182,0.0,9.0,0.0,0.0
100,100,uplink,1.25,S0,default,class_size_desc,3,0,1.0,831,L6,0.705866574190986,0.705866574190986,29,281,3.1,0.29355552272366925,36,1.060035817837115,0.7438752968648419,41,183,0.0,26.313247999951273,0.6534084030579127,0.7335795499434982,0.6987867194780196,0.0,0.0,0.0,244.42487684729065
100,100,uplink,1.25,S0-QoS,default,class_size_desc,3,0,1.0,831,L6,0.705268257614828,0.705268257614828,29,281,3.1,0.29355552272366925,36,1.0598815221887372,0.7429847764562254,41,183,0.0,26.106159999926604,1.0,0.9385665529010239,0.48776054645129135,0.0,0.0,0.0,244.92207792207793
100,100,uplink,1.25,S1,default,class_size_desc,3,0,1.0,831,L6,0.9049338146811071,0.9049338146811071,0,0,1.0,0.26200898472596584,39,1.127659574468085,0.9556962025316456,43,156,0.0,60.97932100010439,1.0,0.962457337883959,0.8465011286681715,0.0,16.0,63.0,0.0
100,100,uplink,1.25,S2,default,class_size_desc,3,0,1.0,831,L6,0.9747292418772563,0.9747292418772563,0,0,1.0,0.29295766968880177,46,1.1641975308641976,1.0,52,197,0.0,49.08096700000897,1.0,0.9965870307167235,0.9548532731376975,0.0,21.0,0.0,0.0
100,100,uplink,1.5,S0,default,class_size_desc,3,0,1.0,1034,L6,0.5832186430590686,0.5832186430590686,37,527,3.7,0.3647425575719138,39,1.0586762759698327,0.7410678059142223,41,225,0.0,25.941190000139613,0.5306104269843166,0.6090276554803413,0.5769934410488445,0.0,0.0,0.0,430.9519230769231
100,100,uplink,1.5,S0-QoS,default,class_size_desc,3,0,1.0,1034,L6,0.5829905507129879,0.5829905507129879,37,527,3.7,0.3647425575719138,39,1.058671612221577,0.7465780436894605,41,225,0.0,30.99501799988502,1.0,0.8907103825136612,0.29388489068091955,0.0,0.0,0.0,431.18777056277054
100,100,uplink,1.5,S1,default,class_size_desc,3,0,1.0,1034,L6,0.839458413926499,0.839458413926499,0,0,1.0,0.31566203136486154,50,1.1827956989247312,0.9882352941176471,50,218,0.0,84.9933060001149,1.0,0.9508196721311475,0.7328519855595668,0.0,41.0,125.0,0.0
100,100,uplink,1.5,S2,default,class_size_desc,3,0,1.0,1034,L6,0.9303675048355899,0.9303675048355899,0,0,1.0,0.3892216776933758,62,1.2917532917532917,1.0,61,274,0.0,62.079503999939334,1.0,0.9918032786885246,0.8754512635379061,0.0,72.0,0.0,0.0
100,100,uplink,2.0,S0,default,class_size_desc,3,0,1.0,1310,L6,0.4636837180693882,0.4636837180693882,42,917,4.8,0.4618184893168245,43,1.0580974047960243,0.7400590966652596,41,288,0.0,26.796544000035283,0.4187889055145012,0.4844193671161266,0.45944542839824304,0.0,0.0,0.0,702.5743293291015
100,100,uplink,2.0,S0-QoS,default,class_size_desc,3,0,1.0,1310,L6,0.4613773709709137,0.4613773709709137,42,917,4.8,0.4618184893168245,43,1.0576766193948821,0.7557882352941176,41,288,0.0,26.433954000140147,0.9726027397260274,0.7956521739130434,0.1369380056418991,0.0,0.0,0.0,705.595644028103
100,100,uplink,2.0,S1,default,class_size_desc,3,0,1.0,1310,L6,0.7793893129770992,0.7793893129770992,0,0,1.0,0.41561671975822917,75,1.3209271955599087,0.9588235294117647,53,261,4.0,99.26791799989587,0.9726027397260274,0.9152173913043479,0.6505681818181818,0.0,144.0,145.0,0.0
100,100,uplink,2.0,S2,default,class_size_desc,3,0,1.0,1310,L6,0.8083969465648855,0.8083969465648855,0,0,1.0,0.4571961120640366,87,1.3855838841674535,1.0,66,315,0.0,99.19361800007209,1.0,0.9739130434782609,0.6605113636363636,0.0,251.0,0.0,0.0
100,100,multi,0.5,S0,default,class_size_desc,3,0,1.0,379,L20;L33;L57,0.9762532981530343,0.9762532981530343,4,9,1.3,0.13060743851736498,4,1.0162162162162163,1.0,4,9,0.0,28.97937800003092,0.9577861163227017,0.978789592760181,0.9782939832444782,0.0,0.0,0.0,9.0
100,100,multi,0.5,S0-QoS,default,class_size_desc,3,0,1.0,379,L20;L33;L57,0.9762532981530343,0.9762532981530343,4,9,1.3,0.13060743851736498,4,1.0162162162162163,1.0,4,9,0.0,26.57464899994011,1.0,1.0,0.9554455445544554,0.0,0.0,0.0,9.0
100,100,multi,0.5,S1,default,class_size_desc,3,0,1.0,379,L20;L33;L57,0.9894459102902374,0.9894459102902374,0,0,1.0,0.12764895949638597,4,1.016,1.0,4,9,0.0,43.57922899998812,1.0,1.0,0.9801980198019802,0.0,0.0,4.0,0.0
100,100,multi,0.5,S2,default,class_size_desc,3,0,1.0,379,L20;L33;L57,1.0,1.0,0,0,1.0,0.1287171413145678,4,1.0158311345646438,1.0,4,9,0.0,42.32274200012398,1.0,1.0,1.0,0.0,0.0,0.0,0.0
100,100,multi,0.75,S0,default,class_size_desc,3,0,1.0,542,L20;L33;L57,0.9188191881918819,0.9188191881918819,11,44,2.0,0.18683489794519206,13,1.0133868808567603,0.7692307692307693,4,13,0.0,26.712757000041165,0.8790237406437985,0.9272177312277373,0.9216003901134051,0.0,0.0,0.0,44.0
100,100,multi,0.75,S0-QoS,default,class_size_desc,3,0,1.0,542,L20;L33;L57,0.9188191881918819,0.9188191881918819,11,44,2.0,0.18683489794519206,13,1.0133868808567603,0.7692307692307693,4,13,0.0,25.967368999999962,1.0,0.9948453608247423,0.8501742160278746,0.0,0.0,0.0,44.0
100,100,multi,0.75,S1,default,class_size_desc,3,0,1.0,542,L20;L33;L57,0.9686346863468634,0.9686346863468634,0,0,1.0,0.17289064489432138,13,1.0126984126984127,0.7692307692307693,4,10,0.0,56.514067000080104,1.0,0.9948453608247423,0.9442508710801394,0.0,6.0,11.0,0.0
100,100,multi,0.75,S2,default,class_size_desc,3,0,1.0,542,L20;L33;L57,0.988929889298893,0.988929889298893,0,0,1.0,0.17637213215705863,13,1.0149253731343284,0.8,5,11,0.0,48.051636000082,1.0,1.0,0.9790940766550522,0.0,6.0,0.0,0.0
100,100,multi,1.0,S0,default,class_size_desc,3,0,1.0,655,L20;L33;L57,0.8549618320610687,0.8549618320610687,17,95,2.4,0.22528451940216646,20,1.0119047619047619,0.625,4,16,0.0,25.99274699991838,0.8055921421098061,0.8678427792336856,0.8567839045518081,0.0,0.0,0.0,95.0
100,100,multi,1.0,S0-QoS,default,class_size_desc,3,0,1.0,655,L20;L33;L57,0.8549618320610687,0.8549618320610687,17,95,2.4,0.22528451940216646,20,1.0119047619047619,0.625,4,16,0.0,25.787912999930995,1.0,0.9739130434782609,0.7471590909090909,0.0,0.0,0.0,95.0
100,100,multi,1.0,S1,default,class_size_desc,3,0,1.0,655,L20;L33;L57,0.9267175572519084,0.9267175572519084,0,0,1.0,0.19868486476758535,20,1.0219659527732015,0.7,5,14,0.0,56.94021599992993,1.0,0.9782608695652174,0.8778409090909091,0.0,13.0,35.0,0.0
100,100,multi,1.0,S2,default,class_size_desc,3,0,1.0,655,L20;L33;L57,0.9801526717557252,0.9801526717557252,0,0,1.0,0.21226021588705413,20,1.0373831775700935,0.7391304347826086,6,15,0.0,56.55805900005362,1.0,1.0,0.9630681818181818,0.0,13.0,0.0,0.0
100,100,multi,1.0,S2,lambda=0.5xmean,class_size_desc,3,1,1.0,655,L20;L33;L57,0.9801526717557252,0.9801526717557252,0,0,1.0,0.24101645474623415,7,1.205607476635514,0.7391304347826086,20,65,0.0,58.02686399988488,1.0,1.0,0.9630681818181818,0.0,13.0,0.0,0.0
100,100,multi,1.0,S2,lambda=1xmean,class_size_desc,3,2,1.0,655,L20;L33;L57,0.9801526717557252,0.9801526717557252,0,0,1.0,0.2500257720220955,6,1.2445482866043613,0.9444444444444444,21,72,0.0,50.031920000037644,1.0,1.0,0.9630681818181818,0.0,13.0,0.0,0.0
100,100,multi,1.0,S2,lambda=2xmean,class_size_desc,3,4,1.0,655,L20;L33;L57,0.9801526717557252,0.9801526717557252,0,0,1.0,0.27908129982762336,6,1.3302180685358256,0.9565217391304348,26,94,0.0,57.70065199999408,1.0,1.0,0.9630681818181818,0.0,13.0,0.0,0.0
100,100,multi,1.0,S2,max_paths=1,class_size_desc,1,0,1.0,655,L20;L33;L57,0.9419847328244275,0.9419847328244275,0,0,1.0,0.20255682920021156,20,1.0270124257158293,0.6842105263157895,5,13,0.0,53.404403999820715,1.0,0.9826086956521739,0.9034090909090909,0.0,13.0,25.0,0.0
100,100,multi,1.0,S2,max_paths=2,class_size_desc,2,0,1.0,655,L20;L33;L57,0.9801526717557252,0.9801526717557252,0,0,1.0,0.21226021588705413,20,1.0373831775700935,0.7391304347826086,6,15,0.0,60.07120799995391,1.0,1.0,0.9630681818181818,0.0,13.0,0.0,0.0
100,100,multi,1.0,S2,max_paths=4,class_size_desc,4,0,1.0,655,L20;L33;L57,0.9801526717557252,0.9801526717557252,0,0,1.0,0.21226021588705413,20,1.0373831775700935,0.7391304347826086,6,15,0.0,47.038596999982474,1.0,1.0,0.9630681818181818,0.0,13.0,0.0,0.0
100,100,multi,1.0,S2,order=arrival,arrival,3,0,1.0,655,L20;L33;L57,0.9801526717557252,0.9801526717557252,0,0,1.0,0.21226021588705413,20,1.0373831775700935,0.7391304347826086,6,15,0.0,45.58299699988311,1.0,1.0,0.9630681818181818,0.0,13.0,0.0,0.0
100,100,multi,1.0,S2,order=class_size_asc,class_size_asc,3,0,1.0,655,L20;L33;L57,0.9801526717557252,0.9801526717557252,0,0,1.0,0.21226021588705413,20,1.0373831775700935,0.75,6,15,0.0,44.04126500003258,1.0,1.0,0.9630681818181818,0.0,13.0,0.0,0.0
100,100,multi,1.0,S2,util_cap=0.9,class_size_desc,3,0,0.9,655,L20;L33;L57,0.9755725190839695,0.9755725190839695,0,0,0.9,0.21285821531409765,0,1.05320813771518,0.6956521739130435,6,15,0.0,62.20747399993343,1.0,1.0,0.9545454545454546,0.0,16.0,0.0,0.0
100,100,multi,1.25,S0,default,class_size_desc,3,0,1.0,831,L20;L33;L57,0.7376058114946675,0.7376058114946675,30,243,3.1,0.2861522999059764,36,1.010876355325689,0.5,4,20,0.0,28.10101099998974,0.6885677980251087,0.7543041705138694,0.7370775769280352,0.0,0.0,0.0,218.04957064793132
100,100,multi,1.25,S0-QoS,default,class_size_desc,3,0,1.0,831,L20;L33;L57,0.7370621297359283,0.7370621297359283,30,243,3.1,0.2861522999059764,36,1.0108843780903292,0.5,4,20,0.0,26.402995999887935,1.0,0.9385665529010239,0.5474009702269896,0.0,0.0,0.0,218.50137018944358
100,100,multi,1.25,S1,default,class_size_desc,3,0,1.0,831,L20;L33;L57,0.9049338146811071,0.9049338146811071,0,0,1.0,0.25024952376055315,39,1.0576241134751774,0.6551724137931034,8,25,0.0,70.1407429999108,1.0,0.962457337883959,0.8465011286681715,0.0,26.0,53.0,0.0
100,100,multi,1.25,S2,default,class_size_desc,3,0,1.0,831,L20;L33;L57,0.9626955475330926,0.9626955475330926,0,0,1.0,0.27134694961900846,42,1.0791666666666666,0.6551724137931034,12,29,0.0,51.90809900000204,1.0,0.9965870307167235,0.9322799097065463,0.0,31.0,0.0,0.0
100,100,multi,1.5,S0,default,class_size_desc,3,0,1.0,1034,L20;L33;L57,0.6066418834349514,0.6066418834349514,38,517,3.7,0.35589195791953143,40,1.0106281043759406,0.5,4,25,0.0,25.49016499983736,0.5656941866294798,0.6224337581506167,0.6046350446080384,0.0,0.0,0.0,406.73229252826025
100,100,multi,1.5,S0-QoS,default,class_size_desc,3,0,1.0,1034,L20;L33;L57,0.6048304369642766,0.6048304369642766,38,517,3.7,0.35589195791953143,40,1.0106599351850156,0.5,4,25,0.0,25.10495199999241,1.0,0.8989071038251366,0.32923225960480523,0.0,0.0,0.0,408.6053281789379
100,100,multi,1.5,S1,default,class_size_desc,3,0,1.0,1034,L20;L33;L57,0.8201160541586073,0.8201160541586073,0,0,1.0,0.2887429298642534,50,1.0892295597484276,0.6451612903225806,10,33,0.0,86.92834600014976,1.0,0.9508196721311475,0.6967509025270758,0.0,51.0,135.0,0.0
100,100,multi,1.5,S2,default,class_size_desc,3,0,1.0,1034,L20;L33;L57,0.9216634429400387,0.9216634429400387,0,0,1.0,0.34084131432293197,53,1.1493529206016089,0.5476190476190477,15,41,0.0,62.15816200005975,1.0,0.9918032786885246,0.8592057761732852,0.0,81.0,0.0,0.0
100,100,multi,2.0,S0,default,class_size_desc,3,0,1.0,1310,L20;L33;L57,0.48301695495209024,0.48301695495209024,41,930,4.8,0.4505690388043329,42,1.0105359832030696,0.5,4,32,0.0,26.826711000012438,0.446057553730165,0.49618206273611526,0.4820796296648027,0.0,0.0,0.0,677.2477890127618
100,100,multi,2.0,S0-QoS,default,class_size_desc,3,0,1.0,1310,L20;L33;L57,0.4767336826868917,0.4767336826868917,41,930,4.8,0.4505690388043329,42,1.0106748457450938,0.5,4,32,0.0,24.73647100009657,0.9726027397260274,0.808695652173913,0.1569902334088467,0.0,0.0,0.0,685.4788756801719
100,100,multi,2.0,S1,default,class_size_desc,3,0,1.0,1310,L20;L33;L57,0.7847328244274809,0.7847328244274809,0,0,1.0,0.3783140437993379,71,1.1913099870298314,0.5882352941176471,15,72,4.0,107.04184699989128,0.9726027397260274,0.9217391304347826,0.65625,0.0,146.0,136.0,0.0
100,100,multi,2.0,S2,default,class_size_desc,3,0,1.0,1310,L20;L33;L57,0.8412213740458016,0.8412213740458016,0,0,1.0,0.4209317251376075,77,1.2425892316999394,0.5,18,68,0.0,80.49254599995948,1.0,0.9739130434782609,0.7215909090909091,0.0,208.0,0.0,0.0
100,100,recovered,0.5,S0,default,class_size_desc,3,0,1.0,379,,0.9762532981530343,0.9762532981530343,4,9,1.3,0.1246174435789609,4,1.0,nan,0,0,0.0,27.244303999850672,0.9577861163227017,0.978789592760181,0.9782939832444782,0.0,0.0,0.0,9.0
100,100,recovered,0.5,S0-QoS,default,class_size_desc,3,0,1.0,379,,0.9762532981530343,0.9762532981530343,4,9,1.3,0.1246174435789609,4,1.0,nan,0,0,0.0,29.14870599988717,1.0,1.0,0.9554455445544554,0.0,0.0,0.0,9.0
100,100,recovered,0.5,S1,default,class_size_desc,3,0,1.0,379,,0.9894459102902374,0.9894459102902374,0,0,1.0,0.12174191256791586,4,1.0,nan,0,0,0.0,44.614288999810015,1.0,1.0,0.9801980198019802,0.0,0.0,4.0,0.0
100,100,recovered,0.5,S2,default,class_size_desc,3,0,1.0,379,,1.0,1.0,0,0,1.0,0.12278014536315801,4,1.0,nan,0,0,0.0,46.9788850000441,1.0,1.0,1.0,0.0,0.0,0.0,0.0
100,100,recovered,0.75,S0,default,class_size_desc,3,0,1.0,542,,0.9243542435424354,0.9243542435424354,10,41,2.0,0.1782337192311079,12,1.0,nan,0,0,0.0,28.325963000042975,0.8790237406437985,0.931975859697206,0.9288370558866562,0.0,0.0,0.0,41.0
100,100,recovered,0.75,S0-QoS,default,class_size_desc,3,0,1.0,542,,0.9243542435424354,0.9243542435424354,10,41,2.0,0.1782337192311079,12,1.0,nan,0,0,0.0,26.04098699998758,1.0,0.9948453608247423,0.8606271777003485,0.0,0.0,0.0,41.0
100,100,recovered,0.75,S1,default,class_size_desc,3,0,1.0,542,,0.974169741697417,0.974169741697417,0,0,1.0,0.16627154804147656,12,1.0,nan,0,0,0.0,47.38385399991785,1.0,0.9948453608247423,0.9547038327526133,0.0,3.0,11.0,0.0
100,100,recovered,0.75,S2,default,class_size_desc,3,0,1.0,542,,0.9944649446494465,0.9944649446494465,0,0,1.0,0.16939674527415044,12,1.0012368583797155,nan,0,0,0.0,59.13364899993212,1.0,1.0,0.9895470383275261,0.0,3.0,0.0,0.0
100,100,recovered,1.0,S0,default,class_size_desc,3,0,1.0,655,,0.8641221374045801,0.8641221374045801,16,89,2.4,0.21482927920531,19,1.0,nan,0,0,0.0,25.685962000125073,0.8055921421098061,0.875994953146729,0.8685026545518081,0.0,0.0,0.0,89.0
100,100,recovered,1.0,S0-QoS,default,class_size_desc,3,0,1.0,655,,0.8641221374045801,0.8641221374045801,16,89,2.4,0.21482927920531,19,1.0,nan,0,0,0.0,25.482981000095606,1.0,0.9739130434782609,0.7642045454545454,0.0,0.0,0.0,89.0
100,100,recovered,1.0,S1,default,class_size_desc,3,0,1.0,655,,0.9358778625954198,0.9358778625954198,0,0,1.0,0.19112293932016308,19,1.0065252854812399,nan,0,0,0.0,58.06780099987918,1.0,0.9782608695652174,0.8948863636363636,0.0,7.0,35.0,0.0
100,100,recovered,1.0,S2,default,class_size_desc,3,0,1.0,655,,0.9893129770992366,0.9893129770992366,0,0,1.0,0.20405899488087503,19,1.021604938271605,nan,0,0,0.0,47.60836500008736,1.0,1.0,0.9801136363636364,0.0,7.0,0.0,0.0
100,100,recovered,1.0,S2,lambda=0.5xmean,class_size_desc,3,1,1.0,655,,0.9893129770992366,0.9893129770992366,0,0,1.0,0.23271893243278619,6,1.191358024691358,nan,6,23,0.0,47.26241600019421,1.0,1.0,0.9801136363636364,0.0,7.0,0.0,0.0
100,100,recovered,1.0,S2,lambda=1xmean,class_size_desc,3,2,1.0,655,,0.9893129770992366,0.9893129770992366,0,0,1.0,0.24079303956076908,5,1.227366255144033,nan,12,41,0.0,48.73966600007407,1.0,1.0,0.9801136363636364,0.0,7.0,0.0,0.0
100,100,recovered,1.0,S2,lambda=2xmean,class_size_desc,3,4,1.0,655,,0.9893129770992366,0.9893129770992366,0,0,1.0,0.25113927661123925,4,1.2587448559670782,nan,9,39,0.0,55.47767300004125,1.0,1.0,0.9801136363636364,0.0,7.0,0.0,0.0
100,100,recovered,1.0,S2,max_paths=1,class_size_desc,1,0,1.0,655,,0.9511450381679389,0.9511450381679389,0,0,1.0,0.195145022239992,19,1.0128410914927768,nan,0,0,0.0,61.03965400006928,1.0,0.9826086956521739,0.9204545454545454,0.0,7.0,25.0,0.0
100,100,recovered,1.0,S2,max_paths=2,class_size_desc,2,0,1.0,655,,0.9893129770992366,0.9893129770992366,0,0,1.0,0.20405899488087503,19,1.021604938271605,nan,0,0,0.0,52.577324000139924,1.0,1.0,0.9801136363636364,0.0,7.0,0.0,0.0
100,100,recovered,1.0,S2,max_paths=4,class_size_desc,4,0,1.0,655,,0.9893129770992366,0.9893129770992366,0,0,1.0,0.20405899488087503,19,1.021604938271605,nan,0,0,0.0,47.15704899990669,1.0,1.0,0.9801136363636364,0.0,7.0,0.0,0.0
100,100,recovered,1.0,S2,order=arrival,arrival,3,0,1.0,655,,0.9893129770992366,0.9893129770992366,0,0,1.0,0.20405899488087503,19,1.021604938271605,nan,0,0,0.0,45.96221800011335,1.0,1.0,0.9801136363636364,0.0,7.0,0.0,0.0
100,100,recovered,1.0,S2,order=class_size_asc,class_size_asc,3,0,1.0,655,,0.9893129770992366,0.9893129770992366,0,0,1.0,0.20405899488087503,19,1.021604938271605,nan,0,0,0.0,45.02728399984335,1.0,1.0,0.9801136363636364,0.0,7.0,0.0,0.0
100,100,recovered,1.0,S2,util_cap=0.9,class_size_desc,3,0,0.9,655,,0.9862595419847329,0.9862595419847329,0,0,0.9,0.20491192356296808,0,1.0371517027863777,nan,0,0,0.0,45.39562500008287,1.0,1.0,0.9744318181818182,0.0,9.0,0.0,0.0
100,100,recovered,1.25,S0,default,class_size_desc,3,0,1.0,831,,0.7496395058388312,0.7496395058388312,29,233,3.1,0.2729557734733656,36,1.0,nan,0,0,0.0,25.814533000129813,0.6885677980251087,0.7645430783636988,0.7528789313298411,0.0,0.0,0.0,208.04957064793132
100,100,recovered,1.25,S0-QoS,default,class_size_desc,3,0,1.0,831,,0.749095824080092,0.749095824080092,29,233,3.1,0.2729557734733656,36,1.0,nan,0,0,0.0,25.077761000147802,1.0,0.9385665529010239,0.5699743336581409,0.0,0.0,0.0,208.50137018944358
100,100,recovered,1.25,S1,default,class_size_desc,3,0,1.0,831,,0.9181708784596871,0.9181708784596871,0,0,1.0,0.24126889625858838,38,1.039755351681957,nan,0,0,0.0,74.21221799995692,1.0,0.962457337883959,0.871331828442438,0.0,16.0,52.0,0.0
100,100,recovered,1.25,S2,default,class_size_desc,3,0,1.0,831,,0.9747292418772563,0.9747292418772563,0,0,1.0,0.2607841512985823,42,1.0576131687242798,nan,1,1,0.0,50.139331000082166,1.0,0.9965870307167235,0.9548532731376975,0.0,21.0,0.0,0.0
100,100,recovered,1.5,S0,default,class_size_desc,3,0,1.0,1034,,0.6190896278662236,0.6190896278662236,37,494,3.7,0.3394467227842709,39,1.0,nan,0,0,0.0,27.027577999888308,0.5656941866294798,0.6333675738093307,0.6206444150247283,0.0,0.0,0.0,393.8613247863248
100,100,recovered,1.5,S0-QoS,default,class_size_desc,3,0,1.0,1034,,0.6178226635253511,0.6178226635253511,37,494,3.7,0.3394467227842709,39,1.0,nan,0,0,0.0,25.788133000105518,1.0,0.8989071038251366,0.3534812889624784,0.0,0.0,0.0,395.171365914787
100,100,recovered,1.5,S1,default,class_size_desc,3,0,1.0,1034,,0.8346228239845261,0.8346228239845261,0,0,1.0,0.27834893583601666,50,1.0652761684047896,nan,0,0,0.0,92.70373700019263,1.0,0.9508196721311475,0.723826714801444,0.0,35.0,136.0,0.0
100,100,recovered,1.5,S2,default,class_size_desc,3,0,1.0,1034,,0.9400386847195358,0.9400386847195358,0,0,1.0,0.3319252027064012,53,1.1337448559670782,nan,7,18,0.0,64.67629500002658,1.0,0.9918032786885246,0.8935018050541517,0.0,62.0,0.0,0.0
100,100,recovered,2.0,S0,default,class_size_desc,3,0,1.0,1310,,0.49206997023592575,0.49206997023592575,42,906,4.8,0.42965855841062,43,1.0,nan,0,0,0.0,27.19944000000396,0.4444969502968374,0.5036179413158127,0.4943904165631401,0.0,0.0,0.0,665.3883389909372
100,100,recovered,2.0,S0-QoS,default,class_size_desc,3,0,1.0,1310,,0.4871728618283609,0.4871728618283609,42,906,4.8,0.42965855841062,43,1.0,nan,0,0,0.0,24.591309000015826,0.9726027397260274,0.808695652173913,0.17641541050447837,0.0,0.0,0.0,671.8035510048472
100,100,recovered,2.0,S1,default,class_size_desc,3,0,1.0,1310,,0.8061068702290076,0.8061068702290076,0,0,1.0,0.3735148516500908,70,1.1868686868686869,nan,2,18,4.0,98.79571200008286,0.9726027397260274,0.9217391304347826,0.6960227272727273,0.0,124.0,130.0,0.0
100,100,recovered,2.0,S2,default,class_size_desc,3,0,1.0,1310,,0.867175572519084,0.867175572519084,0,0,1.0,0.41223176237359854,77,1.2312206572769953,nan,7,42,0.0,76.48509999989983,1.0,0.9739130434782609,0.7698863636363636,0.0,174.0,0.0,0.0
200,200,healthy,0.5,S0,default,class_size_desc,3,0,1.0,380,,0.9736842105263158,0.9736842105263158,4,10,1.5,0.12479485544217687,6,1.0,nan,0,0,0.0,28.548298999794497,0.9537480063795853,0.9779519331243469,0.9743885556068297,0.0,0.0,0.0,10.0
200,200,healthy,0.5,S0-QoS,default,class_size_desc,3,0,1.0,380,,0.9736842105263158,0.9736842105263158,4,10,1.5,0.12479485544217687,6,1.0,nan,0,0,0.0,27.32143899993389,1.0,1.0,0.949238578680203,0.0,0.0,0.0,10.0
200,200,healthy,0.5,S1,default,class_size_desc,3,0,1.0,380,,0.9868421052631579,0.9868421052631579,0,0,1.0,0.12151360544217688,6,1.0,nan,0,0,0.0,51.95194099997025,1.0,1.0,0.9746192893401016,0.0,2.0,3.0,0.0
200,200,healthy,0.5,S2,default,class_size_desc,3,0,1.0,380,,0.9947368421052631,0.9947368421052631,0,0,1.0,0.12233056972789115,6,1.0,nan,0,0,0.0,50.94490200008295,1.0,1.0,0.9898477157360406,0.0,2.0,0.0,0.0
200,200,healthy,0.75,S0,default,class_size_desc,3,0,1.0,555,,0.8792792792792793,0.8792792792792793,14,67,2.4,0.18259194302721088,16,1.0,nan,0,0,0.0,35.72499899996728,0.859201800378271,0.8839069803423287,0.8795608733989015,0.0,0.0,0.0,67.0
200,200,healthy,0.75,S0-QoS,default,class_size_desc,3,0,1.0,555,,0.8792792792792793,0.8792792792792793,14,67,2.4,0.18259194302721088,16,1.0,nan,0,0,0.0,29.290781999861792,1.0,0.9907834101382489,0.7711267605633803,0.0,0.0,0.0,67.0
200,200,healthy,0.75,S1,default,class_size_desc,3,0,1.0,555,,0.9585585585585585,0.9585585585585585,0,0,1.0,0.1658512967687075,16,1.0031328320802004,nan,0,0,0.0,60.18335800013119,1.0,0.9907834101382489,0.926056338028169,0.0,10.0,13.0,0.0
200,200,healthy,0.75,S2,default,class_size_desc,3,0,1.0,555,,0.9819819819819819,0.9819819819819819,0,0,1.0,0.1696531675170068,16,1.003669724770642,nan,0,0,0.0,54.3630120000671,1.0,1.0,0.9647887323943662,0.0,10.0,0.0,0.0
200,200,healthy,1.0,S0,default,class_size_desc,3,0,1.0,675,,0.8177777777777778,0.8177777777777778,21,123,2.9,0.22111766581632653,27,1.0,nan,0,0,0.0,30.69912299997668,0.7769456504935023,0.8292299068885566,0.8170029748094078,0.0,0.0,0.0,123.0
200,200,healthy,1.0,S0-QoS,default,class_size_desc,3,0,1.0,675,,0.8177777777777778,0.8177777777777778,21,123,2.9,0.22111766581632653,27,1.0,nan,0,0,0.0,35.60414200001105,1.0,0.9613899613899614,0.6771428571428572,0.0,0.0,0.0,123.0
200,200,healthy,1.0,S1,default,class_size_desc,3,0,1.0,675,,0.9348148148148148,0.9348148148148148,0,0,1.0,0.19373852040816328,28,1.0084521922873746,nan,0,0,0.0,71.4416020000499,1.0,0.9768339768339769,0.8914285714285715,0.0,17.0,27.0,0.0
200,200,healthy,1.0,S2,default,class_size_desc,3,0,1.0,675,,0.9748148148148148,0.9748148148148148,0,0,1.0,0.20340826955782312,29,1.0192502532928065,nan,0,0,0.0,59.19647699988673,1.0,1.0,0.9514285714285714,0.0,17.0,0.0,0.0
200,200,healthy,1.0,S2,lambda=0.5xmean,class_size_desc,3,1,1.0,675,,0.9748148148148148,0.9748148148148148,0,0,1.0,0.22973968962585034,6,1.1854103343465046,nan,0,0,0.0,66.42193799984852,1.0,1.0,0.9514285714285714,0.0,17.0,0.0,0.0
200,200,healthy,1.0,S2,lambda=1xmean,class_size_desc,3,2,1.0,675,,0.9748148148148148,0.9748148148148148,0,0,1.0,0.2365671768707483,5,1.2137791286727457,nan,0,0,0.0,59.06381899990265,1.0,1.0,0.9514285714285714,0.0,17.0,0.0,0.0
200,200,healthy,1.0,S2,lambda=2xmean,class_size_desc,3,4,1.0,675,,0.9748148148148148,0.9748148148148148,0,0,1.0,0.25733503401360547,5,1.2745694022289766,nan,0,0,0.0,61.26580800014381,1.0,1.0,0.9514285714285714,0.0,17.0,0.0,0.0
200,200,healthy,1.0,S2,max_paths=1,class_size_desc,1,0,1.0,675,,0.9318518518518518,0.9318518518518518,0,0,1.0,0.1941186224489796,28,1.0137784843667197,nan,0,0,0.0,74.17184199994153,1.0,0.9806949806949807,0.8828571428571429,0.0,17.0,29.0,0.0
200,200,healthy,1.0,S2,max_paths=2,class_size_desc,2,0,1.0,675,,0.9748148148148148,0.9748148148148148,0,0,1.0,0.20340826955782312,29,1.0192502532928065,nan,0,0,0.0,64.5694940001249,1.0,1.0,0.9514285714285714,0.0,17.0,0.0,0.0
200,200,healthy,1.0,S2,max_paths=4,class_size_desc,4,0,1.0,675,,0.9748148148148148,0.9748148148148148,0,0,1.0,0.20340826955782312,29,1.0192502532928065,nan,0,0,0.0,64.79176099992401,1.0,1.0,0.9514285714285714,0.0,17.0,0.0,0.0
200,200,healthy,1.0,S2,order=arrival,arrival,3,0,1.0,675,,0.9748148148148148,0.9748148148148148,0,0,1.0,0.20340826955782312,29,1.0192502532928065,nan,0,0,0.0,57.0063200000277,1.0,1.0,0.9514285714285714,0.0,17.0,0.0,0.0
200,200,healthy,1.0,S2,order=class_size_asc,class_size_asc,3,0,1.0,675,,0.9748148148148148,0.9748148148148148,0,0,1.0,0.20340826955782312,29,1.0192502532928065,nan,0,0,0.0,55.298235999998724,1.0,1.0,0.9514285714285714,0.0,17.0,0.0,0.0
200,200,healthy,1.0,S2,util_cap=0.9,class_size_desc,3,0,0.9,675,,0.9718518518518519,0.9718518518518519,0,0,0.9,0.20507844387755103,0,1.0396341463414633,nan,0,0,0.0,59.09376400018118,1.0,1.0,0.9457142857142857,0.0,19.0,0.0,0.0
200,200,healthy,1.25,S0,default,class_size_desc,3,0,1.0,872,,0.6823394495412844,0.6823394495412844,30,277,3.8,0.28591454081632656,33,1.0,nan,0,0,0.0,32.90206399992712,0.6156011760987901,0.6892596788383258,0.6897608575680613,0.0,0.0,0.0,277.0
200,200,healthy,1.25,S0-QoS,default,class_size_desc,3,0,1.0,872,,0.6823394495412844,0.6823394495412844,30,277,3.8,0.28591454081632656,33,1.0,nan,0,0,0.0,32.65805699993507,1.0,0.8985074626865671,0.46238938053097345,0.0,0.0,0.0,277.0
200,200,healthy,1.25,S1,default,class_size_desc,3,0,1.0,872,,0.8876146788990825,0.8876146788990825,0,0,1.0,0.24415858843537416,36,1.0529715762273901,nan,0,0,0.0,101.20437899990975,1.0,0.9402985074626866,0.827433628318584,0.0,26.0,72.0,0.0
200,200,healthy,1.25,S2,default,class_size_desc,3,0,1.0,872,,0.966743119266055,0.966743119266055,0,0,1.0,0.27009630102040816,38,1.0731514432582048,nan,0,0,0.0,71.5129350001007,1.0,1.0,0.9358407079646017,0.0,29.0,0.0,0.0
200,200,healthy,1.5,S0,default,class_size_desc,3,0,1.0,1055,,0.579819808162011,0.579819808162011,34,486,4.4,0.3459125212585034,38,1.0,nan,0,0,0.0,42.00976499987519,0.5142543037257943,0.5901875688801012,0.5846282855500512,0.0,0.0,0.0,443.2901023890785
200,200,healthy,1.5,S0-QoS,default,class_size_desc,3,0,1.0,1055,,0.5776101404974902,0.5776101404974902,34,486,4.4,0.3459125212585034,38,1.0,nan,0,0,0.0,31.157914000004894,1.0,0.8366336633663366,0.3059939638479928,0.0,0.0,0.0,445.6213017751479
200,200,healthy,1.5,S1,default,class_size_desc,3,0,1.0,1055,,0.833175355450237,0.833175355450237,0,0,1.0,0.28091656037414964,46,1.0754645430413348,nan,0,0,0.0,105.82272999999986,1.0,0.8861386138613861,0.7623400365630713,0.0,55.0,121.0,0.0
200,200,healthy,1.5,S2,default,class_size_desc,3,0,1.0,1055,,0.9289099526066351,0.9289099526066351,0,0,1.0,0.3219402636054422,57,1.1095238095238096,nan,0,0,0.0,80.8822470000905,1.0,0.9925742574257426,0.8683729433272395,0.0,75.0,0.0,0.0
200,200,healthy,2.0,S0,default,class_size_desc,3,0,1.0,1350,,0.45449449449449447,0.45449449449449447,41,928,5.8,0.44223533163265305,43,1.0,nan,0,0,0.0,33.26889300001312,0.3985829212701598,0.4638745796550263,0.45809655671228977,0.0,0.0,0.0,736.4324324324324
200,200,healthy,2.0,S0-QoS,default,class_size_desc,3,0,1.0,1350,,0.4494011768778124,0.4494011768778124,41,928,5.8,0.44223533163265305,43,1.0,nan,0,0,0.0,32.89730500000587,0.9848484848484849,0.7297297297297297,0.14098798397863818,0.0,0.0,0.0,743.3084112149533
200,200,healthy,2.0,S1,default,class_size_desc,3,0,1.0,1350,,0.7703703703703704,0.7703703703703704,0,0,1.0,0.348171768707483,69,1.139102564102564,nan,0,0,2.0,117.1991760002129,0.9848484848484849,0.888030888030888,0.6428571428571429,0.0,150.0,160.0,0.0
200,200,healthy,2.0,S2,default,class_size_desc,3,0,1.0,1350,,0.8518518518518519,0.8518518518518519,0,0,1.0,0.41858630952380954,79,1.24,nan,0,0,0.0,104.61702899988268,1.0,0.9845559845559846,0.7257142857142858,0.0,200.0,0.0,0.0
200,200,uplink,0.5,S0,default,class_size_desc,3,0,1.0,380,L6,0.9736842105263158,0.9736842105263158,4,10,1.5,0.131998712998713,7,1.0954954954954954,1.0,57,108,0.0,30.942920000143204,0.9537480063795853,0.9779519331243469,0.9743885556068297,0.0,0.0,0.0,10.0
200,200,uplink,0.5,S0-QoS,default,class_size_desc,3,0,1.0,380,L6,0.9736842105263158,0.9736842105263158,4,10,1.5,0.131998712998713,7,1.0954954954954954,1.0,57,108,0.0,30.478218999860474,1.0,1.0,0.949238578680203,0.0,0.0,0.0,10.0
200,200,uplink,0.5,S1,default,class_size_desc,3,0,1.0,380,L6,0.9868421052631579,0.9868421052631579,0,0,1.0,0.12864135564135565,7,1.0942222222222222,1.0,57,106,0.0,62.445840999998836,1.0,1.0,0.9746192893401016,0.0,2.0,3.0,0.0
200,200,uplink,0.5,S2,default,class_size_desc,3,0,1.0,380,L6,0.9947368421052631,0.9947368421052631,0,0,1.0,0.12946567996567995,7,1.09347442680776,1.0,56,106,0.0,54.674166000040714,1.0,1.0,0.9898477157360406,0.0,2.0,0.0,0.0
200,200,uplink,0.75,S0,default,class_size_desc,3,0,1.0,555,L6,0.8612031386224934,0.8612031386224934,17,78,2.4,0.19281874731874732,19,1.0913365278621403,0.928849233584992,57,151,0.0,30.849396000121487,0.8489545804536317,0.8674651198392225,0.8587474069925228,0.0,0.0,0.0,77.03225806451613
200,200,uplink,0.75,S0-QoS,default,class_size_desc,3,0,1.0,555,L6,0.8616529573051313,0.8616529573051313,17,78,2.4,0.19281874731874732,19,1.0914628602600236,0.9306197964847364,57,151,0.0,29.89553599991268,1.0,0.9907834101382489,0.7366809552969994,0.0,0.0,0.0,76.78260869565217
200,200,uplink,0.75,S1,default,class_size_desc,3,0,1.0,555,L6,0.9531531531531532,0.9531531531531532,0,0,1.0,0.17406992706992708,19,1.093887838689351,0.9793103448275862,58,142,0.0,61.53852900001766,1.0,0.9907834101382489,0.9154929577464789,0.0,10.0,16.0,0.0
200,200,uplink,0.75,S2,default,class_size_desc,3,0,1.0,555,L6,0.9819819819819819,0.9819819819819819,0,0,1.0,0.17941570141570143,19,1.0954128440366973,1.0,57,145,0.0,56.04106999999203,1.0,1.0,0.9647887323943662,0.0,10.0,0.0,0.0
200,200,uplink,1.0,S0,default,class_size_desc,3,0,1.0,675,L6,0.7688598402323893,0.7688598402323893,24,168,2.9,0.2334212784212784,30,1.0841267442446225,0.7986609277857485,57,185,0.0,31.747048999932304,0.7478309743200026,0.7808159467098905,0.7639777647253742,0.0,0.0,0.0,156.01960784313727
200,200,uplink,1.0,S0-QoS,default,class_size_desc,3,0,1.0,675,L6,0.771817398794143,0.771817398794143,24,168,2.9,0.2334212784212784,30,1.0850816891348987,0.8108338060124787,57,185,0.0,32.43089199986571,1.0,0.9613899613899614,0.5885049833887043,0.0,0.0,0.0,154.02325581395348
200,200,uplink,1.0,S1,default,class_size_desc,3,0,1.0,675,L6,0.9274074074074075,0.9274074074074075,0,0,1.0,0.20725032175032174,29,1.1096911608093716,0.9705882352941176,58,165,0.0,70.79079100003582,1.0,0.9768339768339769,0.8771428571428571,0.0,17.0,32.0,0.0
200,200,uplink,1.0,S2,default,class_size_desc,3,0,1.0,675,L6,0.9748148148148148,0.9748148148148148,0,0,1.0,0.2215143715143715,29,1.127659574468085,1.0,61,177,0.0,56.38309100004335,1.0,1.0,0.9514285714285714,0.0,17.0,0.0,0.0
200,200,uplink,1.0,S2,lambda=0.5xmean,class_size_desc,3,1,1.0,675,L6,0.9748148148148148,0.9748148148148148,0,0,1.0,0.2604352209352209,7,1.289260385005066,1.0,78,250,0.0,58.79544599997644,1.0,1.0,0.9514285714285714,0.0,17.0,0.0,0.0
200,200,uplink,1.0,S2,lambda=1xmean,class_size_desc,3,2,1.0,675,L6,0.9748148148148148,0.9748148148148148,0,0,1.0,0.27222179322179324,11,1.327760891590679,1.0,85,274,0.0,73.77175199985686,1.0,1.0,0.9514285714285714,0.0,17.0,0.0,0.0
200,200,uplink,1.0,S2,lambda=2xmean,class_size_desc,3,4,1.0,675,L6,0.9748148148148148,0.9748148148148148,0,0,1.0,0.2961535821535822,8,1.403242147922999,1.0,96,301,0.0,58.563509999885355,1.0,1.0,0.9514285714285714,0.0,17.0,0.0,0.0
200,200,uplink,1.0,S2,max_paths=1,class_size_desc,1,0,1.0,675,L6,0.9214814814814815,0.9214814814814815,0,0,1.0,0.20672393822393823,28,1.1136120042872455,0.9588235294117647,57,163,0.0,81.66243999994549,1.0,0.9806949806949807,0.8628571428571429,0.0,17.0,36.0,0.0
200,200,uplink,1.0,S2,max_paths=2,class_size_desc,2,0,1.0,675,L6,0.9748148148148148,0.9748148148148148,0,0,1.0,0.2215143715143715,29,1.127659574468085,1.0,61,177,0.0,58.330303000047934,1.0,1.0,0.9514285714285714,0.0,17.0,0.0,0.0
200,200,uplink,1.0,S2,max_paths=4,class_size_desc,4,0,1.0,675,L6,0.9748148148148148,0.9748148148148148,0,0,1.0,0.2215143715143715,29,1.127659574468085,1.0,61,177,0.0,58.110180999847216,1.0,1.0,0.9514285714285714,0.0,17.0,0.0,0.0
200,200,uplink,1.0,S2,order=arrival,arrival,3,0,1.0,675,L6,0.9748148148148148,0.9748148148148148,0,0,1.0,0.2221986271986272,30,1.1286727456940222,1.0,62,178,0.0,61.263694999979634,1.0,1.0,0.9514285714285714,0.0,17.0,0.0,0.0
200,200,uplink,1.0,S2,order=class_size_asc,class_size_asc,3,0,1.0,675,L6,0.9748148148148148,0.9748148148148148,0,0,1.0,0.22334727584727584,30,1.132725430597771,1.0,61,184,0.0,57.082132000005004,1.0,1.0,0.9514285714285714,0.0,17.0,0.0,0.0
200,200,uplink,1.0,S2,util_cap=0.9,class_size_desc,3,0,0.9,675,L6,0.9718518518518519,0.9718518518518519,0,0,0.9,0.22857571857571857,0,1.160569105691057,1.0,63,184,0.0,59.93695600000137,1.0,1.0,0.9457142857142857,0.0,19.0,0.0,0.0
200,200,uplink,1.25,S0,default,class_size_desc,3,0,1.0,872,L6,0.624812769144355,0.624812769144355,32,372,3.8,0.3014903474903475,33,1.0806582512392153,0.7243776631531733,57,236,0.0,35.39996900008191,0.5909252359826365,0.6361294669684627,0.6227980491170761,0.0,0.0,0.0,327.16326530612247
200,200,uplink,1.25,S0-QoS,default,class_size_desc,3,0,1.0,872,L6,0.6283152627189325,0.6283152627189325,32,372,3.8,0.3014903474903475,33,1.0820667684343266,0.7411588411588411,57,236,0.0,34.062962000007246,1.0,0.8985074626865671,0.3581657280772325,0.0,0.0,0.0,324.1090909090909
200,200,uplink,1.25,S1,default,class_size_desc,3,0,1.0,872,L6,0.8704128440366973,0.8704128440366973,0,0,1.0,0.25837237237237237,37,1.1453667105841019,0.9191919191919192,53,188,0.0,90.26075499991748,1.0,0.9402985074626866,0.7942477876106194,0.0,26.0,87.0,0.0
200,200,uplink,1.25,S2,default,class_size_desc,3,0,1.0,872,L6,0.9644495412844036,0.9644495412844036,0,0,1.0,0.31873316173316174,50,1.2366230677764567,1.0,72,259,0.0,67.35966699989149,1.0,1.0,0.9314159292035398,0.0,31.0,0.0,0.0
200,200,uplink,1.5,S0,default,class_size_desc,3,0,1.0,1055,L6,0.5286671105714621,0.5286671105714621,34,575,4.4,0.36541999141999143,38,1.0781385056875152,0.7078332203307007,57,293,0.0,34.50419000000693,0.4857661041504265,0.5422607146386385,0.5267839087883698,0.0,0.0,0.0,497.25619834710744
200,200,uplink,1.5,S0-QoS,default,class_size_desc,3,0,1.0,1055,L6,0.5308196264287706,0.5308196264287706,34,575,4.4,0.36541999141999143,38,1.0791733410362123,0.7293324668781276,57,293,0.0,32.066065999970306,1.0,0.8341584158415841,0.21757715883428325,0.0,0.0,0.0,494.9852941176471
200,200,uplink,1.5,S1,default,class_size_desc,3,0,1.0,1055,L6,0.8161137440758294,0.8161137440758294,0,0,1.0,0.3178018018018018,50,1.2226093689508324,0.961038961038961,71,288,0.0,114.56583699987277,1.0,0.8836633663366337,0.7312614259597806,0.0,44.0,150.0,0.0
200,200,uplink,1.5,S2,default,class_size_desc,3,0,1.0,1055,L6,0.9146919431279621,0.9146919431279621,0,0,1.0,0.4097318747318747,73,1.3595854922279793,1.0,86,363,0.0,79.17034599995532,1.0,0.9925742574257426,0.8409506398537477,0.0,89.0,1.0,0.0
200,200,uplink,2.0,S0,default,class_size_desc,3,0,1.0,1350,L6,0.41554103122730573,0.41554103122730573,41,1004,5.8,0.4668425568425568,43,1.0778282651753466,0.71352687129033,57,370,0.0,30.78436300006615,0.3791223545959709,0.4278912308735853,0.4132694053681106,0.0,0.0,0.0,789.0196078431372
200,200,uplink,2.0,S0-QoS,default,class_size_desc,3,0,1.0,1350,L6,0.41435897435897434,0.41435897435897434,41,1004,5.8,0.4668425568425568,43,1.077099376604327,0.7322624482256346,57,370,0.0,29.669572000102562,0.9848484848484849,0.7053757053757054,0.09142857142857143,0.0,0.0,0.0,790.6153846153846
200,200,uplink,2.0,S1,default,class_size_desc,3,0,1.0,1350,L6,0.7274074074074074,0.7274074074074074,0,0,1.0,0.4133449163449163,78,1.3625254582484725,0.9166666666666666,84,376,2.0,138.66505300006793,0.9848484848484849,0.8918918918918919,0.5571428571428572,0.0,176.0,192.0,0.0
200,200,uplink,2.0,S2,default,class_size_desc,3,0,1.0,1350,L6,0.7585185185185185,0.7585185185185185,0,0,1.0,0.44715100815100817,83,1.404296875,0.9383561643835616,92,382,0.0,106.9631190000564,1.0,0.9845559845559846,0.5457142857142857,0.0,326.0,0.0,0.0
200,200,multi,0.5,S0,default,class_size_desc,3,0,1.0,380,L7;L74;L93,0.9763157894736842,0.9763157894736842,3,9,1.5,0.12654761904761905,5,1.0,1.1,5,11,0.0,30.299082999817983,0.956140350877193,0.9804597701149426,0.9771573604060914,0.0,0.0,0.0,9.0
200,200,multi,0.5,S0-QoS,default,class_size_desc,3,0,1.0,380,L7;L74;L93,0.9763157894736842,0.9763157894736842,3,9,1.5,0.12654761904761905,5,1.0,1.1,5,11,0.0,30.676590999973996,1.0,1.0,0.9543147208121827,0.0,0.0,0.0,9.0
200,200,multi,0.5,S1,default,class_size_desc,3,0,1.0,380,L7;L74;L93,0.9894736842105263,0.9894736842105263,0,0,1.0,0.1236393621668851,5,1.0,1.1,5,11,0.0,50.08036099980018,1.0,1.0,0.9796954314720813,0.0,2.0,2.0,0.0
200,200,multi,0.5,S2,default,class_size_desc,3,0,1.0,380,L7;L74;L93,0.9947368421052631,0.9947368421052631,0,0,1.0,0.12416841415465268,5,1.0,1.0,5,11,0.0,54.30160800005979,1.0,1.0,0.9898477157360406,0.0,2.0,0.0,0.0
200,200,multi,0.75,S0,default,class_size_desc,3,0,1.0,555,L7;L74;L93,0.8918918918918919,0.8918918918918919,13,60,2.4,0.18501802096985584,15,1.0,1.7,5,17,0.0,30.630705000021408,0.8668270727094256,0.8971897127901465,0.8926097549233424,0.0,0.0,0.0,60.0
200,200,multi,0.75,S0-QoS,default,class_size_desc,3,0,1.0,555,L7;L74;L93,0.8918918918918919,0.8918918918918919,13,60,2.4,0.18501802096985584,15,1.0,1.7,5,17,0.0,28.17047099983938,1.0,0.9907834101382489,0.795774647887324,0.0,0.0,0.0,60.0
200,200,multi,0.75,S1,default,class_size_desc,3,0,1.0,555,L7;L74;L93,0.9621621621621622,0.9621621621621622,0,0,1.0,0.16950775447793798,15,1.0031210986267165,1.2,4,12,0.0,66.42113599991717,1.0,0.9907834101382489,0.9330985915492958,0.0,10.0,11.0,0.0
200,200,multi,0.75,S2,default,class_size_desc,3,0,1.0,555,L7;L74;L93,0.9819819819819819,0.9819819819819819,0,0,1.0,0.17279346876365226,15,1.003669724770642,1.0,4,13,0.0,56.35309500007679,1.0,1.0,0.9647887323943662,0.0,10.0,0.0,0.0
200,200,multi,1.0,S0,default,class_size_desc,3,0,1.0,675,L7;L74;L93,0.8325925925925926,0.8325925925925926,20,113,2.9,0.22414536915683705,27,1.0,2.0,5,20,0.0,38.011766999943575,0.7845214080692599,0.844673922332572,0.8327172605236934,0.0,0.0,0.0,113.0
200,200,multi,1.0,S0-QoS,default,class_size_desc,3,0,1.0,675,L7;L74;L93,0.8325925925925926,0.8325925925925926,20,113,2.9,0.22414536915683705,27,1.0,2.0,5,20,0.0,33.76063499990778,1.0,0.9613899613899614,0.7057142857142857,0.0,0.0,0.0,113.0
200,200,multi,1.0,S1,default,class_size_desc,3,0,1.0,675,L7;L74;L93,0.9407407407407408,0.9407407407407408,0,0,1.0,0.19878331148973352,28,1.0083989501312336,1.4,4,14,0.0,67.00036300003376,1.0,0.9768339768339769,0.9028571428571428,0.0,17.0,23.0,0.0
200,200,multi,1.0,S2,default,class_size_desc,3,0,1.0,675,L7;L74;L93,0.9748148148148148,0.9748148148148148,0,0,1.0,0.2074776103101791,29,1.0192502532928065,1.0,4,15,0.0,59.49461699992753,1.0,1.0,0.9514285714285714,0.0,17.0,0.0,0.0
200,200,multi,1.0,S2,lambda=0.5xmean,class_size_desc,3,1,1.0,675,L7;L74;L93,0.9748148148148148,0.9748148148148148,0,0,1.0,0.23379139362166884,6,1.1646403242147922,1.0,25,76,0.0,55.68468199999188,1.0,1.0,0.9514285714285714,0.0,17.0,0.0,0.0
200,200,multi,1.0,S2,lambda=1xmean,class_size_desc,3,2,1.0,675,L7;L74;L93,0.9748148148148148,0.9748148148148148,0,0,1.0,0.2454749890782001,6,1.2041540020263424,1.0,33,111,0.0,58.397177999950145,1.0,1.0,0.9514285714285714,0.0,17.0,0.0,0.0
200,200,multi,1.0,S2,lambda=2xmean,class_size_desc,3,4,1.0,675,L7;L74;L93,0.9748148148148148,0.9748148148148148,0,0,1.0,0.2736814110965487,7,1.2862208713272543,1.0,42,147,0.0,56.66690400016705,1.0,1.0,0.9514285714285714,0.0,17.0,0.0,0.0
200,200,multi,1.0,S2,max_paths=1,class_size_desc,1,0,1.0,675,L7;L74;L93,0.9392592592592592,0.9392592592592592,0,0,1.0,0.19948427260812582,28,1.013669821240799,1.5,4,15,0.0,90.01745000000483,1.0,0.9806949806949807,0.8971428571428571,0.0,17.0,24.0,0.0
200,200,multi,1.0,S2,max_paths=2,class_size_desc,2,0,1.0,675,L7;L74;L93,0.9748148148148148,0.9748148148148148,0,0,1.0,0.2074776103101791,29,1.0192502532928065,1.0,4,15,0.0,52.743134999900576,1.0,1.0,0.9514285714285714,0.0,17.0,0.0,0.0
200,200,multi,1.0,S2,max_paths=4,class_size_desc,4,0,1.0,675,L7;L74;L93,0.9748148148148148,0.9748148148148148,0,0,1.0,0.2074776103101791,29,1.0192502532928065,1.0,4,15,0.0,54.66572000000269,1.0,1.0,0.9514285714285714,0.0,17.0,0.0,0.0
200,200,multi,1.0,S2,order=arrival,arrival,3,0,1.0,675,L7;L74;L93,0.9748148148148148,0.9748148148148148,0,0,1.0,0.2074776103101791,29,1.0192502532928065,1.0,4,14,0.0,56.769855999846186,1.0,1.0,0.9514285714285714,0.0,17.0,0.0,0.0
200,200,multi,1.0,S2,order=class_size_asc,class_size_asc,3,0,1.0,675,L7;L74;L93,0.9748148148148148,0.9748148148148148,0,0,1.0,0.2074776103101791,29,1.0192502532928065,1.0,4,14,0.0,96.85657499994704,1.0,1.0,0.9514285714285714,0.0,17.0,0.0,0.0
200,200,multi,1.0,S2,util_cap=0.9,class_size_desc,3,0,0.9,675,L7;L74;L93,0.9718518518518519,0.9718518518518519,0,0,0.9,0.20972892092616863,0,1.0416666666666667,1.0,4,14,0.0,55.226402000016606,1.0,1.0,0.9457142857142857,0.0,19.0,0.0,0.0
200,200,multi,1.25,S0,default,class_size_desc,3,0,1.0,872,L7;L74;L93,0.6938073394495413,0.6938073394495413,30,267,3.8,0.2898082131935343,33,1.0,2.0,5,26,0.0,36.309393999999884,0.6201260629766181,0.7018888407212192,0.701673723463228,0.0,0.0,0.0,267.0
200,200,multi,1.25,S0-QoS,default,class_size_desc,3,0,1.0,872,L7;L74;L93,0.6938073394495413,0.6938073394495413,30,267,3.8,0.2898082131935343,33,1.0,1.9999999999999998,5,26,0.0,28.41688300009082,1.0,0.9044776119402985,0.48008849557522126,0.0,0.0,0.0,267.0
200,200,multi,1.25,S1,default,class_size_desc,3,0,1.0,872,L7;L74;L93,0.8830275229357798,0.8830275229357798,0,0,1.0,0.24810790738313673,36,1.0532467532467533,1.2,4,14,0.0,95.93596900003831,1.0,0.9462686567164179,0.8141592920353983,0.0,26.0,76.0,0.0
200,200,multi,1.25,S2,default,class_size_desc,3,0,1.0,872,L7;L74;L93,0.966743119266055,0.966743119266055,0,0,1.0,0.27714788117081696,39,1.077896401739818,1.0,4,18,0.0,55.794909000042026,1.0,1.0,0.9358407079646017,0.0,29.0,0.0,0.0
200,200,multi,1.5,S0,default,class_size_desc,3,0,1.0,1055,L7;L74;L93,0.5892984811477929,0.5892984811477929,34,476,4.4,0.3506929882044561,38,1.0,2.0,5,31,0.0,29.387734000010823,0.5204577776712037,0.5997691722017237,0.5946536438091773,0.0,0.0,0.0,433.2901023890785
200,200,multi,1.5,S0-QoS,default,class_size_desc,3,0,1.0,1055,L7;L74;L93,0.5870888134832721,0.5870888134832721,34,476,4.4,0.3506929882044561,38,1.0,2.0,5,31,0.0,27.975365999964197,1.0,0.8465346534653465,0.3169628852373895,0.0,0.0,0.0,435.6213017751479
200,200,multi,1.5,S1,default,class_size_desc,3,0,1.0,1055,L7;L74;L93,0.8350710900473933,0.8350710900473933,0,0,1.0,0.2894601354303189,48,1.082103670071888,1.4,5,29,0.0,92.91352099990036,1.0,0.8960396039603961,0.7586837294332724,0.0,55.0,119.0,0.0
200,200,multi,1.5,S2,default,class_size_desc,3,0,1.0,1055,L7;L74;L93,0.9279620853080569,0.9279620853080569,0,0,1.0,0.3337929226736566,56,1.121893088185223,1.0,11,41,0.0,69.10245499989287,1.0,0.9925742574257426,0.8665447897623401,0.0,76.0,0.0,0.0
200,200,multi,2.0,S0,default,class_size_desc,3,0,1.0,1350,L7;L74;L93,0.4619019019019019,0.4619019019019019,41,918,5.8,0.4482907383136741,44,1.0,2.0,5,40,0.0,29.374519000157306,0.4023708000580386,0.4715965873770341,0.4659536995694326,0.0,0.0,0.0,726.4324324324324
200,200,multi,2.0,S0-QoS,default,class_size_desc,3,0,1.0,1350,L7;L74;L93,0.4568085842852198,0.4568085842852198,41,918,5.8,0.4482907383136741,44,1.0,2.0,5,40,0.0,28.37404299998525,0.9848484848484849,0.7451737451737451,0.14384512683578105,0.0,0.0,0.0,733.3084112149533
200,200,multi,2.0,S1,default,class_size_desc,3,0,1.0,1350,L7;L74;L93,0.7792592592592592,0.7792592592592592,0,0,1.0,0.37824901703800784,68,1.1837769328263625,1.4375,21,102,2.0,114.44000100004814,0.9848484848484849,0.9034749034749034,0.6485714285714286,0.0,152.0,146.0,0.0
200,200,multi,2.0,S2,default,class_size_desc,3,0,1.0,1350,L7;L74;L93,0.837037037037037,0.837037037037037,0,0,1.0,0.4494626474442988,82,1.2861356932153392,0.9487179487179487,28,98,0.0,95.89780700002848,1.0,0.9845559845559846,0.6971428571428572,0.0,220.0,0.0,0.0
200,200,recovered,0.5,S0,default,class_size_desc,3,0,1.0,380,,0.9736842105263158,0.9736842105263158,4,10,1.5,0.12479485544217687,6,1.0,nan,4,10,0.0,30.893237999862322,0.9537480063795853,0.9779519331243469,0.9743885556068297,0.0,0.0,0.0,10.0
200,200,recovered,0.5,S0-QoS,default,class_size_desc,3,0,1.0,380,,0.9736842105263158,0.9736842105263158,4,10,1.5,0.12479485544217687,6,1.0,nan,4,10,0.0,30.74959800005672,1.0,1.0,0.949238578680203,0.0,0.0,0.0,10.0
200,200,recovered,0.5,S1,default,class_size_desc,3,0,1.0,380,,0.9868421052631579,0.9868421052631579,0,0,1.0,0.12151360544217688,6,1.0,nan,4,10,0.0,53.85223500002212,1.0,1.0,0.9746192893401016,0.0,2.0,3.0,0.0
200,200,recovered,0.5,S2,default,class_size_desc,3,0,1.0,380,,0.9947368421052631,0.9947368421052631,0,0,1.0,0.12233056972789115,6,1.0,nan,4,10,0.0,62.419030999990355,1.0,1.0,0.9898477157360406,0.0,2.0,0.0,0.0
200,200,recovered,0.75,S0,default,class_size_desc,3,0,1.0,555,,0.8792792792792793,0.8792792792792793,14,67,2.4,0.18259194302721088,16,1.0,nan,4,15,0.0,30.933873000094536,0.859201800378271,0.8839069803423287,0.8795608733989015,0.0,0.0,0.0,67.0
200,200,recovered,0.75,S0-QoS,default,class_size_desc,3,0,1.0,555,,0.8792792792792793,0.8792792792792793,14,67,2.4,0.18259194302721088,16,1.0,nan,4,15,0.0,29.52983000000131,1.0,0.9907834101382489,0.7711267605633803,0.0,0.0,0.0,67.0
200,200,recovered,0.75,S1,default,class_size_desc,3,0,1.0,555,,0.9585585585585585,0.9585585585585585,0,0,1.0,0.1658512967687075,16,1.0031328320802004,nan,4,15,0.0,67.5677970000379,1.0,0.9907834101382489,0.926056338028169,0.0,10.0,13.0,0.0
200,200,recovered,0.75,S2,default,class_size_desc,3,0,1.0,555,,0.9819819819819819,0.9819819819819819,0,0,1.0,0.1696531675170068,16,1.003669724770642,nan,5,17,0.0,56.9111919999159,1.0,1.0,0.9647887323943662,0.0,10.0,0.0,0.0
200,200,recovered,1.0,S0,default,class_size_desc,3,0,1.0,675,,0.8177777777777778,0.8177777777777778,21,123,2.9,0.22111766581632653,27,1.0,nan,4,19,0.0,31.289450000031138,0.7769456504935023,0.8292299068885566,0.8170029748094078,0.0,0.0,0.0,123.0
200,200,recovered,1.0,S0-QoS,default,class_size_desc,3,0,1.0,675,,0.8177777777777778,0.8177777777777778,21,123,2.9,0.22111766581632653,27,1.0,nan,4,19,0.0,30.809561000069152,1.0,0.9613899613899614,0.6771428571428572,0.0,0.0,0.0,123.0
200,200,recovered,1.0,S1,default,class_size_desc,3,0,1.0,675,,0.9348148148148148,0.9348148148148148,0,0,1.0,0.19373852040816328,28,1.0084521922873746,nan,5,24,0.0,91.98352600014914,1.0,0.9768339768339769,0.8914285714285715,0.0,17.0,27.0,0.0
200,200,recovered,1.0,S2,default,class_size_desc,3,0,1.0,675,,0.9748148148148148,0.9748148148148148,0,0,1.0,0.20340826955782312,29,1.0192502532928065,nan,6,24,0.0,79.12802699979693,1.0,1.0,0.9514285714285714,0.0,17.0,0.0,0.0
200,200,recovered,1.0,S2,lambda=0.5xmean,class_size_desc,3,1,1.0,675,,0.9748148148148148,0.9748148148148148,0,0,1.0,0.22973968962585034,6,1.1854103343465046,nan,24,75,0.0,60.48411200004011,1.0,1.0,0.9514285714285714,0.0,17.0,0.0,0.0
200,200,recovered,1.0,S2,lambda=1xmean,class_size_desc,3,2,1.0,675,,0.9748148148148148,0.9748148148148148,0,0,1.0,0.2365671768707483,5,1.2137791286727457,nan,29,95,0.0,59.089526999969166,1.0,1.0,0.9514285714285714,0.0,17.0,0.0,0.0
200,200,recovered,1.0,S2,lambda=2xmean,class_size_desc,3,4,1.0,675,,0.9748148148148148,0.9748148148148148,0,0,1.0,0.25733503401360547,5,1.2745694022289766,nan,29,99,0.0,57.35395200008497,1.0,1.0,0.9514285714285714,0.0,17.0,0.0,0.0
200,200,recovered,1.0,S2,max_paths=1,class_size_desc,1,0,1.0,675,,0.9318518518518518,0.9318518518518518,0,0,1.0,0.1941186224489796,28,1.0137784843667197,nan,5,22,0.0,78.56116399989332,1.0,0.9806949806949807,0.8828571428571429,0.0,17.0,29.0,0.0
200,200,recovered,1.0,S2,max_paths=2,class_size_desc,2,0,1.0,675,,0.9748148148148148,0.9748148148148148,0,0,1.0,0.20340826955782312,29,1.0192502532928065,nan,6,24,0.0,59.097662000112905,1.0,1.0,0.9514285714285714,0.0,17.0,0.0,0.0
200,200,recovered,1.0,S2,max_paths=4,class_size_desc,4,0,1.0,675,,0.9748148148148148,0.9748148148148148,0,0,1.0,0.20340826955782312,29,1.0192502532928065,nan,6,24,0.0,60.296569999991334,1.0,1.0,0.9514285714285714,0.0,17.0,0.0,0.0
200,200,recovered,1.0,S2,order=arrival,arrival,3,0,1.0,675,,0.9748148148148148,0.9748148148148148,0,0,1.0,0.20340826955782312,29,1.0192502532928065,nan,5,24,0.0,54.80079299991303,1.0,1.0,0.9514285714285714,0.0,17.0,0.0,0.0
200,200,recovered,1.0,S2,order=class_size_asc,class_size_asc,3,0,1.0,675,,0.9748148148148148,0.9748148148148148,0,0,1.0,0.20340826955782312,29,1.0192502532928065,nan,5,24,0.0,65.30191800015928,1.0,1.0,0.9514285714285714,0.0,17.0,0.0,0.0
200,200,recovered,1.0,S2,util_cap=0.9,class_size_desc,3,0,0.9,675,,0.9718518518518519,0.9718518518518519,0,0,0.9,0.20507844387755103,0,1.0396341463414633,nan,6,25,0.0,60.255323000092176,1.0,1.0,0.9457142857142857,0.0,19.0,0.0,0.0
200,200,recovered,1.25,S0,default,class_size_desc,3,0,1.0,872,,0.6823394495412844,0.6823394495412844,30,277,3.8,0.28591454081632656,33,1.0,nan,4,25,0.0,30.659648999971978,0.6156011760987901,0.6892596788383258,0.6897608575680613,0.0,0.0,0.0,277.0
200,200,recovered,1.25,S0-QoS,default,class_size_desc,3,0,1.0,872,,0.6823394495412844,0.6823394495412844,30,277,3.8,0.28591454081632656,33,1.0,nan,4,25,0.0,31.29489099978855,1.0,0.8985074626865671,0.46238938053097345,0.0,0.0,0.0,277.0
200,200,recovered,1.25,S1,default,class_size_desc,3,0,1.0,872,,0.8876146788990825,0.8876146788990825,0,0,1.0,0.24415858843537416,36,1.0529715762273901,nan,5,30,0.0,77.78568000003361,1.0,0.9402985074626866,0.827433628318584,0.0,26.0,72.0,0.0
200,200,recovered,1.25,S2,default,class_size_desc,3,0,1.0,872,,0.966743119266055,0.966743119266055,0,0,1.0,0.27009630102040816,38,1.0731514432582048,nan,9,39,0.0,104.14818999993258,1.0,1.0,0.9358407079646017,0.0,29.0,0.0,0.0
200,200,recovered,1.5,S0,default,class_size_desc,3,0,1.0,1055,,0.579819808162011,0.579819808162011,34,486,4.4,0.3459125212585034,38,1.0,nan,4,29,0.0,31.146863000003577,0.5142543037257943,0.5901875688801012,0.5846282855500512,0.0,0.0,0.0,443.2901023890785
200,200,recovered,1.5,S0-QoS,default,class_size_desc,3,0,1.0,1055,,0.5776101404974902,0.5776101404974902,34,486,4.4,0.3459125212585034,38,1.0,nan,4,29,0.0,30.28068899993741,1.0,0.8366336633663366,0.3059939638479928,0.0,0.0,0.0,445.6213017751479
200,200,recovered,1.5,S1,default,class_size_desc,3,0,1.0,1055,,0.833175355450237,0.833175355450237,0,0,1.0,0.28091656037414964,46,1.0754645430413348,nan,10,54,0.0,102.53816999988885,1.0,0.8861386138613861,0.7623400365630713,0.0,55.0,121.0,0.0
200,200,recovered,1.5,S2,default,class_size_desc,3,0,1.0,1055,,0.9289099526066351,0.9289099526066351,0,0,1.0,0.3219402636054422,57,1.1095238095238096,nan,14,61,0.0,87.111749000087,1.0,0.9925742574257426,0.8683729433272395,0.0,75.0,0.0,0.0
200,200,recovered,2.0,S0,default,class_size_desc,3,0,1.0,1350,,0.45449449449449447,0.45449449449449447,41,928,5.8,0.44223533163265305,43,1.0,nan,4,38,0.0,44.491069000059724,0.3985829212701598,0.4638745796550263,0.45809655671228977,0.0,0.0,0.0,736.4324324324324
200,200,recovered,2.0,S0-QoS,default,class_size_desc,3,0,1.0,1350,,0.4494011768778124,0.4494011768778124,41,928,5.8,0.44223533163265305,43,1.0,nan,4,38,0.0,36.491645999831235,0.9848484848484849,0.7297297297297297,0.14098798397863818,0.0,0.0,0.0,743.3084112149533
200,200,recovered,2.0,S1,default,class_size_desc,3,0,1.0,1350,,0.7703703703703704,0.7703703703703704,0,0,1.0,0.348171768707483,69,1.139102564102564,nan,26,138,2.0,135.33235299996704,0.9848484848484849,0.888030888030888,0.6428571428571429,0.0,150.0,160.0,0.0
200,200,recovered,2.0,S2,default,class_size_desc,3,0,1.0,1350,,0.8518518518518519,0.8518518518518519,0,0,1.0,0.41858630952380954,79,1.24,nan,22,140,0.0,101.27416000000267,1.0,0.9845559845559846,0.7257142857142858,0.0,200.0,0.0,0.0
300,300,healthy,0.5,S0,default,class_size_desc,3,0,1.0,377,,1.0,1.0,0,0,1.0,0.11683372694556905,1,1.0,nan,0,0,0.0,27.356304000022647,1.0,1.0,1.0,0.0,0.0,0.0,0.0
300,300,healthy,0.5,S0-QoS,default,class_size_desc,3,0,1.0,377,,1.0,1.0,0,0,1.0,0.11683372694556905,1,1.0,nan,0,0,0.0,26.41619099995296,1.0,1.0,1.0,0.0,0.0,0.0,0.0
300,300,healthy,0.5,S1,default,class_size_desc,3,0,1.0,377,,1.0,1.0,0,0,1.0,0.11683372694556905,1,1.0,nan,0,0,0.0,45.35222399999839,1.0,1.0,1.0,0.0,0.0,0.0,0.0
300,300,healthy,0.5,S2,default,class_size_desc,3,0,1.0,377,,1.0,1.0,0,0,1.0,0.11683372694556905,1,1.0,nan,0,0,0.0,44.420807000051354,1.0,1.0,1.0,0.0,0.0,0.0,0.0
300,300,healthy,0.75,S0,default,class_size_desc,3,0,1.0,528,,0.9848484848484849,0.9848484848484849,4,8,1.3,0.16265183591992802,11,1.0,nan,0,0,0.0,33.66696900002353,0.9876543209876544,0.9849911992769136,0.9842028475122,0.0,0.0,0.0,8.0
300,300,healthy,0.75,S0-QoS,default,class_size_desc,3,0,1.0,528,,0.9848484848484849,0.9848484848484849,4,8,1.3,0.16265183591992802,11,1.0,nan,0,0,0.0,28.322776000095473,1.0,1.0,0.9712230215827338,0.0,0.0,0.0,8.0
300,300,healthy,0.75,S1,default,class_size_desc,3,0,1.0,528,,0.9886363636363636,0.9886363636363636,0,0,1.0,0.15925760515069726,11,1.0,nan,0,0,0.0,50.6976990000112,1.0,1.0,0.9784172661870504,0.0,2.0,4.0,0.0
300,300,healthy,0.75,S2,default,class_size_desc,3,0,1.0,528,,0.9962121212121212,0.9962121212121212,0,0,1.0,0.16035434941520468,11,1.0,nan,0,0,0.0,46.388076000084766,1.0,1.0,0.9928057553956835,0.0,2.0,0.0,0.0
300,300,healthy,1.0,S0,default,class_size_desc,3,0,1.0,646,,0.9179566563467493,0.9179566563467493,15,53,1.7,0.19929159637876742,22,1.0,nan,0,0,0.0,27.41552500015132,0.9080504187841144,0.9201103523757428,0.9182937779333217,0.0,0.0,0.0,53.0
300,300,healthy,1.0,S0-QoS,default,class_size_desc,3,0,1.0,646,,0.9179566563467493,0.9179566563467493,15,53,1.7,0.19929159637876742,22,1.0,nan,0,0,0.0,29.412881999860474,1.0,0.995850622406639,0.8475073313782991,0.0,0.0,0.0,53.0
300,300,healthy,1.0,S1,default,class_size_desc,3,0,1.0,646,,0.9427244582043344,0.9427244582043344,0,0,1.0,0.18579252417903733,21,1.0076628352490422,nan,0,0,0.0,65.4650839999249,1.0,0.995850622406639,0.8944281524926686,0.0,6.0,31.0,0.0
300,300,healthy,1.0,S2,default,class_size_desc,3,0,1.0,646,,0.9907120743034056,0.9907120743034056,0,0,1.0,0.1994208277103014,21,1.0260416666666667,nan,0,0,0.0,50.746940999943035,1.0,0.995850622406639,0.9853372434017595,0.0,6.0,0.0,0.0
300,300,healthy,1.0,S2,lambda=0.5xmean,class_size_desc,3,1,1.0,646,,0.9907120743034056,0.9907120743034056,0,0,1.0,0.23424959233018444,3,1.2192708333333333,nan,0,0,0.0,55.69334799997705,1.0,0.995850622406639,0.9853372434017595,0.0,6.0,0.0,0.0
300,300,healthy,1.0,S2,lambda=1xmean,class_size_desc,3,2,1.0,646,,0.9907120743034056,0.9907120743034056,0,0,1.0,0.2472887426900585,3,1.2677083333333334,nan,0,0,0.0,57.330316999923525,1.0,0.995850622406639,0.9853372434017595,0.0,6.0,0.0,0.0
300,300,healthy,1.0,S2,lambda=2xmean,class_size_desc,3,4,1.0,646,,0.9907120743034056,0.9907120743034056,0,0,1.0,0.2694370220422852,4,1.3317708333333333,nan,0,0,0.0,70.50300200012316,1.0,0.995850622406639,0.9853372434017595,0.0,6.0,0.0,0.0
300,300,healthy,1.0,S2,max_paths=1,class_size_desc,1,0,1.0,646,,0.958204334365325,0.958204334365325,0,0,1.0,0.1904580521817364,21,1.0156165858912225,nan,0,0,0.0,61.237744999971255,1.0,0.995850622406639,0.9237536656891495,0.0,6.0,21.0,0.0
300,300,healthy,1.0,S2,max_paths=2,class_size_desc,2,0,1.0,646,,0.9907120743034056,0.9907120743034056,0,0,1.0,0.1994208277103014,21,1.0260416666666667,nan,0,0,0.0,50.03363300011188,1.0,0.995850622406639,0.9853372434017595,0.0,6.0,0.0,0.0
300,300,healthy,1.0,S2,max_paths=4,class_size_desc,4,0,1.0,646,,0.9907120743034056,0.9907120743034056,0,0,1.0,0.1994208277103014,21,1.0260416666666667,nan,0,0,0.0,53.86487800001305,1.0,0.995850622406639,0.9853372434017595,0.0,6.0,0.0,0.0
300,300,healthy,1.0,S2,order=arrival,arrival,3,0,1.0,646,,0.9907120743034056,0.9907120743034056,0,0,1.0,0.1994208277103014,21,1.0260416666666667,nan,0,0,0.0,51.097829000127604,1.0,0.995850622406639,0.9853372434017595,0.0,6.0,0.0,0.0
300,300,healthy,1.0,S2,order=class_size_asc,class_size_asc,3,0,1.0,646,,0.9907120743034056,0.9907120743034056,0,0,1.0,0.1994208277103014,21,1.0260416666666667,nan,0,0,0.0,53.814313999964725,1.0,0.995850622406639,0.9853372434017595,0.0,6.0,0.0,0.0
300,300,healthy,1.0,S2,util_cap=0.9,class_size_desc,3,0,0.9,646,,0.9876160990712074,0.9876160990712074,0,0,0.9,0.20398937246963564,0,1.0543364681295715,nan,0,0,0.0,57.3641209998641,1.0,0.991701244813278,0.9824046920821115,0.0,8.0,0.0,0.0
300,300,healthy,1.25,S0,default,class_size_desc,3,0,1.0,828,,0.783544021213493,0.783544021213493,29,226,2.2,0.2552364625506073,33,1.0,nan,0,0,0.0,33.73768200003724,0.7656921538315726,0.7851251928826408,0.7859109685186187,0.0,0.0,0.0,179.22555043522786
300,300,healthy,1.25,S0-QoS,default,class_size_desc,3,0,1.0,828,,0.7835803201892818,0.7835803201892818,29,226,2.2,0.2552364625506073,33,1.0,nan,0,0,0.0,28.03838399995584,1.0,0.9869706840390879,0.5981754704512048,0.0,0.0,0.0,179.1954948832747
300,300,healthy,1.25,S1,default,class_size_desc,3,0,1.0,828,,0.9057971014492754,0.9057971014492754,0,0,1.0,0.2382113416554206,34,1.0502222222222222,nan,0,0,0.0,71.64525299981506,1.0,0.9869706840390879,0.8302752293577982,0.0,15.0,63.0,0.0
300,300,healthy,1.25,S2,default,class_size_desc,3,0,1.0,828,,0.9782608695652174,0.9782608695652174,0,0,1.0,0.268980516194332,40,1.0925925925925926,nan,0,0,0.0,57.616714999994656,1.0,0.9869706840390879,0.9678899082568807,0.0,18.0,0.0,0.0
300,300,healthy,1.5,S0,default,class_size_desc,3,0,1.0,1023,,0.6522888432786017,0.6522888432786017,36,521,2.7,0.31612532332433646,39,1.0,nan,0,0,0.0,28.740539999944303,0.6337588099687642,0.6537604186138043,0.6546800083844209,0.0,0.0,0.0,355.7085133259905
300,300,healthy,1.5,S0-QoS,default,class_size_desc,3,0,1.0,1023,,0.6477809420883425,0.6477809420883425,36,521,2.7,0.31612532332433646,39,1.0,nan,0,0,0.0,33.5395699999026,1.0,0.9636363636363636,0.3562823489895434,0.0,0.0,0.0,360.32009624362564
300,300,healthy,1.5,S1,default,class_size_desc,3,0,1.0,1023,,0.8826979472140762,0.8826979472140762,0,0,1.0,0.3047047627080522,45,1.121077888519749,nan,0,0,0.0,119.57969999980378,1.0,0.9636363636363636,0.8029739776951673,0.0,45.0,75.0,0.0
300,300,healthy,1.5,S2,default,class_size_desc,3,0,1.0,1023,,0.9354838709677419,0.9354838709677419,0,0,1.0,0.33579110436347276,50,1.1647509578544062,nan,0,0,0.0,73.52597099998093,1.0,0.9792207792207792,0.8921933085501859,0.0,66.0,0.0,0.0
300,300,healthy,2.0,S0,default,class_size_desc,3,0,1.0,1292,,0.519199497773687,0.519199497773687,40,1002,3.4,0.39858319275753484,42,1.0,nan,0,0,0.0,32.4730400000135,0.5040657389267551,0.5204107329326427,0.5211838171076908,0.0,0.0,0.0,621.1942488763964
300,300,healthy,2.0,S0-QoS,default,class_size_desc,3,0,1.0,1292,,0.5084006776899979,0.5084006776899979,40,1002,3.4,0.39858319275753484,42,1.0,nan,0,0,0.0,30.440568000130952,1.0,0.8838174273858921,0.15081184101976136,0.0,0.0,0.0,635.1463244245227
300,300,healthy,2.0,S1,default,class_size_desc,3,0,1.0,1292,,0.7956656346749226,0.7956656346749226,0,0,1.0,0.368636583445794,63,1.1990920881971465,nan,0,0,0.0,124.67045799985499,1.0,0.9128630705394191,0.6744868035190615,0.0,150.0,114.0,0.0
300,300,healthy,2.0,S2,default,class_size_desc,3,0,1.0,1292,,0.8297213622291022,0.8297213622291022,0,0,1.0,0.3944841992802519,72,1.2269900497512438,nan,0,0,0.0,85.73314499994922,1.0,0.966804979253112,0.7008797653958945,0.0,220.0,0.0,0.0
300,300,uplink,0.5,S0,default,class_size_desc,3,0,1.0,377,L6,0.9840848806366048,0.9840848806366048,1,6,1.15,0.12098259808096293,2,1.0359389038634321,0.8695652173913043,19,46,0.0,34.39524500004154,0.9891304347826086,0.9836956521739131,0.9834473626131097,0.0,0.0,0.0,6.0
300,300,uplink,0.5,S0-QoS,default,class_size_desc,3,0,1.0,377,L6,0.9840848806366048,0.9840848806366048,1,6,1.15,0.12098259808096293,2,1.0359389038634321,0.8695652173913043,19,46,0.0,29.274541999939174,1.0,1.0,0.9695431472081218,0.0,0.0,0.0,6.000000000000001
300,300,uplink,0.5,S1,default,class_size_desc,3,0,1.0,377,L6,0.9973474801061007,0.9973474801061007,0,0,1.0,0.12131908249588372,2,1.0443262411347518,0.9782608695652174,19,45,0.0,50.98845399993479,1.0,1.0,0.9949238578680203,0.0,0.0,1.0,0.0
300,300,uplink,0.5,S2,default,class_size_desc,3,0,1.0,377,L6,1.0,1.0,0,0,1.0,0.12183776188042923,2,1.0459770114942528,1.0,19,46,0.0,46.87519999993128,1.0,1.0,1.0,0.0,0.0,0.0,0.0
300,300,uplink,0.75,S0,default,class_size_desc,3,0,1.0,528,L6,0.9412878787878788,0.9412878787878788,5,31,1.575,0.1683596207346846,12,1.0268276324614354,0.6349206349206349,19,63,0.0,41.83888499983368,0.9538506760728983,0.9402876035529096,0.939552853221918,0.0,0.0,0.0,31.0
300,300,uplink,0.75,S0-QoS,default,class_size_desc,3,0,1.0,528,L6,0.9412878787878788,0.9412878787878788,5,31,1.575,0.1683596207346846,12,1.0268276324614354,0.6349206349206349,19,63,0.0,32.00191700011601,1.0,1.0,0.8884892086330936,0.0,0.0,0.0,31.0
300,300,uplink,0.75,S1,default,class_size_desc,3,0,1.0,528,L6,0.9867424242424242,0.9867424242424242,0,0,1.0,0.16769377732356783,11,1.053742802303263,0.9841269841269841,19,62,0.0,53.85444900002767,1.0,1.0,0.9748201438848921,0.0,2.0,5.0,0.0
300,300,uplink,0.75,S2,default,class_size_desc,3,0,1.0,528,L6,0.9962121212121212,0.9962121212121212,0,0,1.0,0.1693170101629478,11,1.0544993662864386,1.0,19,63,0.0,50.28717899995172,1.0,1.0,0.9928057553956835,0.0,2.0,0.0,0.0
300,300,uplink,1.0,S0,default,class_size_desc,3,0,1.0,646,L6,0.8637770897832817,0.8637770897832817,16,92,1.975,0.20640365071254188,22,1.02389486260454,0.5333333333333333,19,79,0.0,30.863300999953935,0.8617687732144942,0.864190048438211,0.8638621608230602,0.0,0.0,0.0,88.0
300,300,uplink,1.0,S0-QoS,default,class_size_desc,3,0,1.0,646,L6,0.8637770897832817,0.8637770897832817,16,92,1.975,0.20640365071254188,22,1.02389486260454,0.5333333333333333,19,79,0.0,28.593223999905604,1.0,0.995850622406639,0.7448680351906158,0.0,0.0,0.0,88.0
300,300,uplink,1.0,S1,default,class_size_desc,3,0,1.0,646,L6,0.9458204334365325,0.9458204334365325,0,0,1.0,0.20188534037358769,22,1.0807419530823785,1.025974025974026,21,81,0.0,63.49752300002365,1.0,0.995850622406639,0.9002932551319648,0.0,6.0,29.0,0.0
300,300,uplink,1.0,S2,default,class_size_desc,3,0,1.0,646,L6,0.9907120743034056,0.9907120743034056,0,0,1.0,0.21838113893147107,23,1.1036458333333334,1.0,22,87,0.0,54.201119000026665,1.0,0.995850622406639,0.9853372434017595,0.0,6.0,0.0,0.0
300,300,uplink,1.0,S2,lambda=0.5xmean,class_size_desc,3,1,1.0,646,L6,0.9907120743034056,0.9907120743034056,0,0,1.0,0.2559472264804406,8,1.2880208333333334,1.0,36,124,0.0,53.14477799993256,1.0,0.995850622406639,0.9853372434017595,0.0,6.0,0.0,0.0
300,300,uplink,1.0,S2,lambda=1xmean,class_size_desc,3,2,1.0,646,L6,0.9907120743034056,0.9907120743034056,0,0,1.0,0.2813208993357179,8,1.3625,1.0,48,167,0.0,53.57450399992558,1.0,0.995850622406639,0.9853372434017595,0.0,6.0,0.0,0.0
300,300,uplink,1.0,S2,lambda=2xmean,class_size_desc,3,4,1.0,646,L6,0.9907120743034056,0.9907120743034056,0,0,1.0,0.3018840629080793,7,1.421875,1.0,59,206,0.0,55.025784999997995,1.0,0.995850622406639,0.9853372434017595,0.0,6.0,0.0,0.0
300,300,uplink,1.0,S2,max_paths=1,class_size_desc,1,0,1.0,646,L6,0.958204334365325,0.958204334365325,0,0,1.0,0.2068445466416851,22,1.0893914916532041,1.0,22,83,0.0,60.33253800001148,1.0,0.995850622406639,0.9237536656891495,0.0,6.0,21.0,0.0
300,300,uplink,1.0,S2,max_paths=2,class_size_desc,2,0,1.0,646,L6,0.9907120743034056,0.9907120743034056,0,0,1.0,0.21838113893147107,23,1.1036458333333334,1.0,22,87,0.0,63.779482999962056,1.0,0.995850622406639,0.9853372434017595,0.0,6.0,0.0,0.0
300,300,uplink,1.0,S2,max_paths=4,class_size_desc,4,0,1.0,646,L6,0.9907120743034056,0.9907120743034056,0,0,1.0,0.21838113893147107,23,1.1036458333333334,1.0,22,87,0.0,54.93223999997099,1.0,0.995850622406639,0.9853372434017595,0.0,6.0,0.0,0.0
300,300,uplink,1.0,S2,order=arrival,arrival,3,0,1.0,646,L6,0.9907120743034056,0.9907120743034056,0,0,1.0,0.21838113893147107,23,1.1036458333333334,1.0,22,87,0.0,52.984648000119705,1.0,0.995850622406639,0.9853372434017595,0.0,6.0,0.0,0.0
300,300,uplink,1.0,S2,order=class_size_asc,class_size_asc,3,0,1.0,646,L6,0.9907120743034056,0.9907120743034056,0,0,1.0,0.2242659967069778,24,1.1203125,1.0,22,91,0.0,52.050896999844554,1.0,0.995850622406639,0.9853372434017595,0.0,6.0,0.0,0.0
300,300,uplink,1.0,S2,util_cap=0.9,class_size_desc,3,0,0.9,646,L6,0.9876160990712074,0.9876160990712074,0,0,0.9,0.2382878555612332,0,1.1718913270637408,1.0,29,107,0.0,54.38344100002723,1.0,0.991701244813278,0.9824046920821115,0.0,8.0,0.0,0.0
300,300,uplink,1.25,S0,default,class_size_desc,3,0,1.0,828,L6,0.7406025289966384,0.7406025289966384,29,266,2.475,0.2642023505365355,33,1.0217431874059852,0.5294117647058824,19,99,0.0,29.689590000089083,0.728425368329493,0.7399042538506269,0.7434681921308882,0.0,0.0,0.0,214.7811059907834
300,300,uplink,1.25,S0-QoS,default,class_size_desc,3,0,1.0,828,L6,0.7403982948497503,0.7403982948497503,29,266,2.475,0.2642023505365355,33,1.0217491851255387,0.5280199252801993,19,99,0.0,33.36662600008822,1.0,0.9674267100977199,0.529930706733012,0.0,0.0,0.0,214.95021186440678
300,300,uplink,1.25,S1,default,class_size_desc,3,0,1.0,828,L6,0.892512077294686,0.892512077294686,0,0,1.0,0.25945267699994323,37,1.1253946774921064,1.0125,23,99,0.0,70.95380700002352,1.0,0.9804560260586319,0.8096330275229358,0.0,15.0,74.0,0.0
300,300,uplink,1.25,S2,default,class_size_desc,3,0,1.0,828,L6,0.9456521739130435,0.9456521739130435,0,0,1.0,0.3031689661045818,45,1.2022137079608344,1.0,40,140,0.0,70.37344800005485,1.0,0.9869706840390879,0.9059633027522935,0.0,45.0,0.0,0.0
300,300,uplink,1.5,S0,default,class_size_desc,3,0,1.0,1023,L6,0.6178802411280641,0.6178802411280641,36,561,3.125,0.3273862487935048,39,1.021093992902027,0.5319148936170213,19,125,0.0,33.01597900008346,0.6063088099687642,0.6180926127354721,0.6198790887992125,0.0,0.0,0.0,390.9085133259905
300,300,uplink,1.5,S0-QoS,default,class_size_desc,3,0,1.0,1023,L6,0.6134240908434457,0.6134240908434457,36,561,3.125,0.3273862487935048,39,1.0212472278399392,0.5322896281800391,19,125,0.0,49.913468000113426,1.0,0.9194805194805195,0.3225517563807527,0.0,0.0,0.0,395.4671550671551
300,300,uplink,1.5,S1,default,class_size_desc,3,0,1.0,1023,L6,0.8260019550342131,0.8260019550342131,0,0,1.0,0.30764940668824164,45,1.1719921104536488,0.925,32,112,0.0,92.24644000005355,1.0,0.9532467532467532,0.7026022304832714,0.0,67.0,111.0,0.0
300,300,uplink,1.5,S2,default,class_size_desc,3,0,1.0,1023,L6,0.8709677419354839,0.8709677419354839,0,0,1.0,0.3587641514790212,51,1.2562663673774785,0.9555555555555556,39,154,0.0,78.16427000011572,1.0,0.9792207792207792,0.7695167286245354,0.0,132.0,0.0,0.0
300,300,uplink,2.0,S0,default,class_size_desc,3,0,1.0,1292,L6,0.4917668058428174,0.4917668058428174,40,1042,3.95,0.41280730142508376,42,1.0209853884362399,0.5302013422818792,19,158,0.0,29.91560300006313,0.480924916141945,0.49203039082784034,0.4936153599761467,0.0,0.0,0.0,656.6372868510799
300,300,uplink,2.0,S0-QoS,default,class_size_desc,3,0,1.0,1292,L6,0.48168889138428833,0.48168889138428833,40,1042,3.95,0.41280730142508376,42,1.0214244455814683,0.5368289637952559,19,158,0.0,37.54578300004141,1.0,0.8257261410788381,0.14126399951393037,0.0,0.0,0.0,669.6579523314995
300,300,uplink,2.0,S1,default,class_size_desc,3,0,1.0,1292,L6,0.7352941176470589,0.7352941176470589,0,0,1.0,0.3774618179753591,58,1.2652631578947369,0.975,39,152,0.0,131.13519199987422,1.0,0.9087136929460581,0.5630498533724341,0.0,256.0,86.0,0.0
300,300,uplink,2.0,S2,default,class_size_desc,3,0,1.0,1292,L6,0.7678018575851393,0.7678018575851393,0,0,1.0,0.39452773519559414,68,1.2748655913978495,0.9807692307692307,30,156,0.0,111.99590800015358,1.0,0.966804979253112,0.5835777126099707,0.0,300.0,0.0,0.0
300,300,multi,0.5,S0,default,class_size_desc,3,0,1.0,377,L35;L39;L49,1.0,1.0,0,0,1.0,0.1235918591859186,1,1.0176834659593281,1.0,8,14,0.0,27.881458999900133,1.0,1.0,1.0,0.0,0.0,0.0,0.0
300,300,multi,0.5,S0-QoS,default,class_size_desc,3,0,1.0,377,L35;L39;L49,1.0,1.0,0,0,1.0,0.1235918591859186,1,1.0176834659593281,1.0,8,14,0.0,30.43005900008211,1.0,1.0,1.0,0.0,0.0,0.0,0.0
300,300,multi,0.5,S1,default,class_size_desc,3,0,1.0,377,L35;L39;L49,1.0,1.0,0,0,1.0,0.1235918591859186,1,1.0176834659593281,1.0,8,14,0.0,48.131316000080915,1.0,1.0,1.0,0.0,0.0,0.0,0.0
300,300,multi,0.5,S2,default,class_size_desc,3,0,1.0,377,L35;L39;L49,1.0,1.0,0,0,1.0,0.1235918591859186,1,1.0176834659593281,1.0,8,14,0.0,47.92235399986566,1.0,1.0,1.0,0.0,0.0,0.0,0.0
300,300,multi,0.75,S0,default,class_size_desc,3,0,1.0,528,L35;L39;L49,0.9848484848484849,0.9848484848484849,4,8,1.3,0.17171589658965897,12,1.0166666666666666,1.0,8,18,0.0,29.767466000066634,0.9876543209876544,0.9849911992769136,0.9842028475122,0.0,0.0,0.0,8.0
300,300,multi,0.75,S0-QoS,default,class_size_desc,3,0,1.0,528,L35;L39;L49,0.9848484848484849,0.9848484848484849,4,8,1.3,0.17171589658965897,12,1.0166666666666666,1.0,8,18,0.0,28.44051700003547,1.0,1.0,0.9712230215827338,0.0,0.0,0.0,8.0
300,300,multi,0.75,S1,default,class_size_desc,3,0,1.0,528,L35;L39;L49,0.9886363636363636,0.9886363636363636,0,0,1.0,0.16822084708470847,12,1.016602809706258,1.0,8,18,0.0,51.97808000002624,1.0,1.0,0.9784172661870504,0.0,2.0,4.0,0.0
300,300,multi,0.75,S2,default,class_size_desc,3,0,1.0,528,L35;L39;L49,0.9962121212121212,0.9962121212121212,0,0,1.0,0.169350167911528,12,1.0164765525982256,1.0,8,18,0.0,55.41329199991196,1.0,1.0,0.9928057553956835,0.0,2.0,0.0,0.0
300,300,multi,1.0,S0,default,class_size_desc,3,0,1.0,646,L35;L39;L49,0.913312693498452,0.913312693498452,16,56,1.7,0.2106153812749696,24,1.0169491525423728,0.8695652173913043,8,23,0.0,35.58040800021445,0.9080504187841144,0.9134075116480057,0.9142333222599627,0.0,0.0,0.0,56.0
300,300,multi,1.0,S0-QoS,default,class_size_desc,3,0,1.0,646,L35;L39;L49,0.913312693498452,0.913312693498452,16,56,1.7,0.2106153812749696,24,1.0169491525423728,0.8695652173913043,8,23,0.0,28.834576999997807,1.0,0.995850622406639,0.8387096774193549,0.0,0.0,0.0,56.0
300,300,multi,1.0,S1,default,class_size_desc,3,0,1.0,646,L35;L39;L49,0.9427244582043344,0.9427244582043344,0,0,1.0,0.19678300330033002,23,1.0273672687465791,1.0,8,23,0.0,63.02058999995097,1.0,0.995850622406639,0.8944281524926686,0.0,6.0,31.0,0.0
300,300,multi,1.0,S2,default,class_size_desc,3,0,1.0,646,L35;L39;L49,0.9907120743034056,0.9907120743034056,0,0,1.0,0.21081610792658212,23,1.0447916666666666,1.0,8,23,0.0,49.30659999990894,1.0,0.995850622406639,0.9853372434017595,0.0,6.0,0.0,0.0
300,300,multi,1.0,S2,lambda=0.5xmean,class_size_desc,3,1,1.0,646,L35;L39;L49,0.9907120743034056,0.9907120743034056,0,0,1.0,0.24390187308204506,3,1.2338541666666667,1.0,22,80,0.0,60.22104900011982,1.0,0.995850622406639,0.9853372434017595,0.0,6.0,0.0,0.0
300,300,multi,1.0,S2,lambda=1xmean,class_size_desc,3,2,1.0,646,L35;L39;L49,0.9907120743034056,0.9907120743034056,0,0,1.0,0.254037722193272,4,1.2734375,1.0,13,40,0.0,53.91362900013519,1.0,0.995850622406639,0.9853372434017595,0.0,6.0,0.0,0.0
300,300,multi,1.0,S2,lambda=2xmean,class_size_desc,3,4,1.0,646,L35;L39;L49,0.9907120743034056,0.9907120743034056,0,0,1.0,0.27371130797290255,5,1.3265625,1.0,15,56,0.0,60.13681099989299,1.0,0.995850622406639,0.9853372434017595,0.0,6.0,0.0,0.0
300,300,multi,1.0,S2,max_paths=1,class_size_desc,1,0,1.0,646,L35;L39;L49,0.958204334365325,0.958204334365325,0,0,1.0,0.20158711134271323,23,1.0350026925148088,1.0,8,23,0.0,69.05282200000329,1.0,0.995850622406639,0.9237536656891495,0.0,6.0,21.0,0.0
300,300,multi,1.0,S2,max_paths=2,class_size_desc,2,0,1.0,646,L35;L39;L49,0.9907120743034056,0.9907120743034056,0,0,1.0,0.21081610792658212,23,1.0447916666666666,1.0,8,23,0.0,49.81394099991121,1.0,0.995850622406639,0.9853372434017595,0.0,6.0,0.0,0.0
300,300,multi,1.0,S2,max_paths=4,class_size_desc,4,0,1.0,646,L35;L39;L49,0.9907120743034056,0.9907120743034056,0,0,1.0,0.21081610792658212,23,1.0447916666666666,1.0,8,23,0.0,53.965087000051426,1.0,0.995850622406639,0.9853372434017595,0.0,6.0,0.0,0.0
300,300,multi,1.0,S2,order=arrival,arrival,3,0,1.0,646,L35;L39;L49,0.9907120743034056,0.9907120743034056,0,0,1.0,0.21081610792658212,23,1.0447916666666666,1.0,8,23,0.0,52.90951599999971,1.0,0.995850622406639,0.9853372434017595,0.0,6.0,0.0,0.0
300,300,multi,1.0,S2,order=class_size_asc,class_size_asc,3,0,1.0,646,L35;L39;L49,0.9907120743034056,0.9907120743034056,0,0,1.0,0.21081610792658212,23,1.0447916666666666,1.0,8,23,0.0,52.69166800007952,1.0,0.995850622406639,0.9853372434017595,0.0,6.0,0.0,0.0
300,300,multi,1.0,S2,util_cap=0.9,class_size_desc,3,0,0.9,646,L35;L39;L49,0.9860681114551083,0.9860681114551083,0,0,0.9,0.21501684905332638,0,1.0727367870225013,0.9565217391304348,8,22,0.0,76.86268899988136,1.0,0.991701244813278,0.9794721407624634,0.0,9.0,0.0,0.0
300,300,multi,1.25,S0,default,class_size_desc,3,0,1.0,828,L35;L39;L49,0.7724916257295638,0.7724916257295638,30,243,2.2,0.26986588790457994,35,1.0156342079107772,0.6761177753544165,8,30,0.0,28.16790600013519,0.7687282069625023,0.7696429840776278,0.7752311293587943,0.0,0.0,0.0,188.37693389592124
300,300,multi,1.25,S0-QoS,default,class_size_desc,3,0,1.0,828,L35;L39;L49,0.7718613208623738,0.7718613208623738,30,243,2.2,0.26986588790457994,35,1.015302002189786,0.6681712556631058,8,30,0.0,27.584533000208467,1.0,0.9869706840390879,0.5759201231056088,0.0,0.0,0.0,188.89882632595453
300,300,multi,1.25,S1,default,class_size_desc,3,0,1.0,828,L35;L39;L49,0.8985507246376812,0.8985507246376812,0,0,1.0,0.24933226217358578,35,1.0676523297491038,0.8,8,24,0.0,93.04948599992713,1.0,0.9869706840390879,0.8165137614678899,0.0,18.0,66.0,0.0
300,300,multi,1.25,S2,default,class_size_desc,3,0,1.0,828,L35;L39;L49,0.9746376811594203,0.9746376811594203,0,0,1.0,0.2813410630536738,41,1.1098719537381248,0.9,15,36,0.0,55.45409899991682,1.0,0.9869706840390879,0.9610091743119266,0.0,21.0,0.0,0.0
300,300,multi,1.5,S0,default,class_size_desc,3,0,1.0,1023,L35;L39;L49,0.645293474073115,0.645293474073115,36,523,2.7,0.3342072404608882,40,1.0151484114720586,0.6234304619922669,8,37,0.0,29.393314000117243,0.6390794113503164,0.6422842081098028,0.6486019753150389,0.0,0.0,0.0,362.8647760232034
300,300,multi,1.5,S0-QoS,default,class_size_desc,3,0,1.0,1023,L35;L39;L49,0.6418488299781214,0.6418488299781214,36,523,2.7,0.3342072404608882,40,1.0142529515295569,0.6148062484059298,8,37,0.0,35.24167199998374,1.0,0.961038961038961,0.3468612510550525,0.0,0.0,0.0,366.38864693238173
300,300,multi,1.5,S1,default,class_size_desc,3,0,1.0,1023,L35;L39;L49,0.8680351906158358,0.8680351906158358,0,0,1.0,0.3140296161195067,47,1.1317567567567568,0.8333333333333334,16,58,0.0,81.96918600015124,1.0,0.961038961038961,0.7769516728624535,0.0,51.0,84.0,0.0
300,300,multi,1.5,S2,default,class_size_desc,3,0,1.0,1023,L35;L39;L49,0.9286412512218963,0.9286412512218963,0,0,1.0,0.34971263968502114,51,1.1775438596491228,0.8108108108108109,21,78,0.0,66.12549200008289,1.0,0.9792207792207792,0.879182156133829,0.0,73.0,0.0,0.0
300,300,multi,2.0,S0,default,class_size_desc,3,0,1.0,1292,L35;L39;L49,0.5145070489742669,0.5145070489742669,41,996,3.4,0.4212307625499392,42,1.0150434053254,0.6366630076838639,8,46,0.0,28.114046000155213,0.5085107820302034,0.5115318403728155,0.5177351614592225,0.0,0.0,0.0,627.2568927252471
300,300,multi,2.0,S0-QoS,default,class_size_desc,3,0,1.0,1292,L35;L39;L49,0.5047222409663157,0.5047222409663157,41,996,3.4,0.4212307625499392,42,1.0128045091951763,0.5975854053857497,8,46,0.0,26.918673999944076,1.0,0.8755186721991701,0.1497084095725511,0.0,0.0,0.0,639.8988646715202
300,300,multi,2.0,S1,default,class_size_desc,3,0,1.0,1292,L35;L39;L49,0.7801857585139319,0.7801857585139319,0,0,1.0,0.37909866249782875,65,1.2096560846560847,0.65,17,72,0.0,121.19213500000114,1.0,0.9045643153526971,0.6510263929618768,0.0,160.0,124.0,0.0
300,300,multi,2.0,S2,default,class_size_desc,3,0,1.0,1292,L35;L39;L49,0.8173374613003096,0.8173374613003096,0,0,1.0,0.40617051705170515,73,1.2380050505050506,0.6,14,72,0.0,91.57803600010084,1.0,0.966804979253112,0.6774193548387096,0.0,236.0,0.0,0.0
300,300,recovered,0.5,S0,default,class_size_desc,3,0,1.0,377,,1.0,1.0,0,0,1.0,0.11683372694556905,1,1.0,nan,15,23,0.0,29.074617000105718,1.0,1.0,1.0,0.0,0.0,0.0,0.0
300,300,recovered,0.5,S0-QoS,default,class_size_desc,3,0,1.0,377,,1.0,1.0,0,0,1.0,0.11683372694556905,1,1.0,nan,15,23,0.0,27.4511520001397,1.0,1.0,1.0,0.0,0.0,0.0,0.0
300,300,recovered,0.5,S1,default,class_size_desc,3,0,1.0,377,,1.0,1.0,0,0,1.0,0.11683372694556905,1,1.0,nan,15,23,0.0,45.87594600002376,1.0,1.0,1.0,0.0,0.0,0.0,0.0
300,300,recovered,0.5,S2,default,class_size_desc,3,0,1.0,377,,1.0,1.0,0,0,1.0,0.11683372694556905,1,1.0,nan,15,23,0.0,47.14558700015914,1.0,1.0,1.0,0.0,0.0,0.0,0.0
300,300,recovered,0.75,S0,default,class_size_desc,3,0,1.0,528,,0.9848484848484849,0.9848484848484849,4,8,1.3,0.16265183591992802,11,1.0,nan,15,34,0.0,29.06802500001504,0.9876543209876544,0.9849911992769136,0.9842028475122,0.0,0.0,0.0,8.0
300,300,recovered,0.75,S0-QoS,default,class_size_desc,3,0,1.0,528,,0.9848484848484849,0.9848484848484849,4,8,1.3,0.16265183591992802,11,1.0,nan,15,34,0.0,30.898167000032117,1.0,1.0,0.9712230215827338,0.0,0.0,0.0,8.0
300,300,recovered,0.75,S1,default,class_size_desc,3,0,1.0,528,,0.9886363636363636,0.9886363636363636,0,0,1.0,0.15925760515069726,11,1.0,nan,15,34,0.0,52.33341699999983,1.0,1.0,0.9784172661870504,0.0,2.0,4.0,0.0
300,300,recovered,0.75,S2,default,class_size_desc,3,0,1.0,528,,0.9962121212121212,0.9962121212121212,0,0,1.0,0.16035434941520468,11,1.0,nan,15,34,0.0,54.48725600012949,1.0,1.0,0.9928057553956835,0.0,2.0,0.0,0.0
300,300,recovered,1.0,S0,default,class_size_desc,3,0,1.0,646,,0.9179566563467493,0.9179566563467493,15,53,1.7,0.19929159637876742,22,1.0,nan,15,40,0.0,30.641184000160138,0.9080504187841144,0.9201103523757428,0.9182937779333217,0.0,0.0,0.0,53.0
300,300,recovered,1.0,S0-QoS,default,class_size_desc,3,0,1.0,646,,0.9179566563467493,0.9179566563467493,15,53,1.7,0.19929159637876742,22,1.0,nan,15,40,0.0,30.92103899984977,1.0,0.995850622406639,0.8475073313782991,0.0,0.0,0.0,53.0
300,300,recovered,1.0,S1,default,class_size_desc,3,0,1.0,646,,0.9427244582043344,0.9427244582043344,0,0,1.0,0.18579252417903733,21,1.0076628352490422,nan,18,49,0.0,84.2613340000753,1.0,0.995850622406639,0.8944281524926686,0.0,6.0,31.0,0.0
300,300,recovered,1.0,S2,default,class_size_desc,3,0,1.0,646,,0.9907120743034056,0.9907120743034056,0,0,1.0,0.1994208277103014,21,1.0260416666666667,nan,17,48,0.0,51.52466000004097,1.0,0.995850622406639,0.9853372434017595,0.0,6.0,0.0,0.0
300,300,recovered,1.0,S2,lambda=0.5xmean,class_size_desc,3,1,1.0,646,,0.9907120743034056,0.9907120743034056,0,0,1.0,0.23424959233018444,3,1.2192708333333333,nan,28,93,0.0,55.14316600010716,1.0,0.995850622406639,0.9853372434017595,0.0,6.0,0.0,0.0
300,300,recovered,1.0,S2,lambda=1xmean,class_size_desc,3,2,1.0,646,,0.9907120743034056,0.9907120743034056,0,0,1.0,0.2472887426900585,3,1.2677083333333334,nan,23,75,0.0,67.13430400009202,1.0,0.995850622406639,0.9853372434017595,0.0,6.0,0.0,0.0
300,300,recovered,1.0,S2,lambda=2xmean,class_size_desc,3,4,1.0,646,,0.9907120743034056,0.9907120743034056,0,0,1.0,0.2694370220422852,4,1.3317708333333333,nan,32,100,0.0,53.65295100000367,1.0,0.995850622406639,0.9853372434017595,0.0,6.0,0.0,0.0
300,300,recovered,1.0,S2,max_paths=1,class_size_desc,1,0,1.0,646,,0.958204334365325,0.958204334365325,0,0,1.0,0.1904580521817364,21,1.0156165858912225,nan,17,48,0.0,84.92043999990528,1.0,0.995850622406639,0.9237536656891495,0.0,6.0,21.0,0.0
300,300,recovered,1.0,S2,max_paths=2,class_size_desc,2,0,1.0,646,,0.9907120743034056,0.9907120743034056,0,0,1.0,0.1994208277103014,21,1.0260416666666667,nan,17,48,0.0,55.47159200000351,1.0,0.995850622406639,0.9853372434017595,0.0,6.0,0.0,0.0
300,300,recovered,1.0,S2,max_paths=4,class_size_desc,4,0,1.0,646,,0.9907120743034056,0.9907120743034056,0,0,1.0,0.1994208277103014,21,1.0260416666666667,nan,17,48,0.0,54.37659800008987,1.0,0.995850622406639,0.9853372434017595,0.0,6.0,0.0,0.0
300,300,recovered,1.0,S2,order=arrival,arrival,3,0,1.0,646,,0.9907120743034056,0.9907120743034056,0,0,1.0,0.1994208277103014,21,1.0260416666666667,nan,19,53,0.0,51.71223100001043,1.0,0.995850622406639,0.9853372434017595,0.0,6.0,0.0,0.0
300,300,recovered,1.0,S2,order=class_size_asc,class_size_asc,3,0,1.0,646,,0.9907120743034056,0.9907120743034056,0,0,1.0,0.1994208277103014,21,1.0260416666666667,nan,19,53,0.0,70.9236109998983,1.0,0.995850622406639,0.9853372434017595,0.0,6.0,0.0,0.0
300,300,recovered,1.0,S2,util_cap=0.9,class_size_desc,3,0,0.9,646,,0.9876160990712074,0.9876160990712074,0,0,0.9,0.20398937246963564,0,1.0543364681295715,nan,16,47,0.0,53.56458599999314,1.0,0.991701244813278,0.9824046920821115,0.0,8.0,0.0,0.0
300,300,recovered,1.25,S0,default,class_size_desc,3,0,1.0,828,,0.783544021213493,0.783544021213493,29,226,2.2,0.2552364625506073,33,1.0,nan,15,53,0.0,29.316109999854234,0.7656921538315726,0.7851251928826408,0.7859109685186187,0.0,0.0,0.0,179.22555043522786
300,300,recovered,1.25,S0-QoS,default,class_size_desc,3,0,1.0,828,,0.7835803201892818,0.7835803201892818,29,226,2.2,0.2552364625506073,33,1.0,nan,15,53,0.0,28.12646899997162,1.0,0.9869706840390879,0.5981754704512048,0.0,0.0,0.0,179.1954948832747
300,300,recovered,1.25,S1,default,class_size_desc,3,0,1.0,828,,0.9057971014492754,0.9057971014492754,0,0,1.0,0.2382113416554206,34,1.0502222222222222,nan,17,62,0.0,89.1161590000138,1.0,0.9869706840390879,0.8302752293577982,0.0,15.0,63.0,0.0
300,300,recovered,1.25,S2,default,class_size_desc,3,0,1.0,828,,0.9782608695652174,0.9782608695652174,0,0,1.0,0.268980516194332,40,1.0925925925925926,nan,16,63,0.0,62.79230099994493,1.0,0.9869706840390879,0.9678899082568807,0.0,18.0,0.0,0.0
300,300,recovered,1.5,S0,default,class_size_desc,3,0,1.0,1023,,0.6522888432786017,0.6522888432786017,36,521,2.7,0.31612532332433646,39,1.0,nan,15,63,0.0,31.075659999942218,0.6337588099687642,0.6537604186138043,0.6546800083844209,0.0,0.0,0.0,355.7085133259905
300,300,recovered,1.5,S0-QoS,default,class_size_desc,3,0,1.0,1023,,0.6477809420883425,0.6477809420883425,36,521,2.7,0.31612532332433646,39,1.0,nan,15,63,0.0,28.048451999893587,1.0,0.9636363636363636,0.3562823489895434,0.0,0.0,0.0,360.32009624362564
300,300,recovered,1.5,S1,default,class_size_desc,3,0,1.0,1023,,0.8826979472140762,0.8826979472140762,0,0,1.0,0.3047047627080522,45,1.121077888519749,nan,21,91,0.0,114.60171399994579,1.0,0.9636363636363636,0.8029739776951673,0.0,45.0,75.0,0.0
300,300,recovered,1.5,S2,default,class_size_desc,3,0,1.0,1023,,0.9354838709677419,0.9354838709677419,0,0,1.0,0.33579110436347276,50,1.1647509578544062,nan,31,117,0.0,76.57298499998433,1.0,0.9792207792207792,0.8921933085501859,0.0,66.0,0.0,0.0
300,300,recovered,2.0,S0,default,class_size_desc,3,0,1.0,1292,,0.519199497773687,0.519199497773687,40,1002,3.4,0.39858319275753484,42,1.0,nan,15,80,0.0,29.93816599996535,0.5040657389267551,0.5204107329326427,0.5211838171076908,0.0,0.0,0.0,621.1942488763964
300,300,recovered,2.0,S0-QoS,default,class_size_desc,3,0,1.0,1292,,0.5084006776899979,0.5084006776899979,40,1002,3.4,0.39858319275753484,42,1.0,nan,15,80,0.0,38.16975299992009,1.0,0.8838174273858921,0.15081184101976136,0.0,0.0,0.0,635.1463244245227
300,300,recovered,2.0,S1,default,class_size_desc,3,0,1.0,1292,,0.7956656346749226,0.7956656346749226,0,0,1.0,0.368636583445794,63,1.1990920881971465,nan,35,164,0.0,114.98233899988008,1.0,0.9128630705394191,0.6744868035190615,0.0,150.0,114.0,0.0
300,300,recovered,2.0,S2,default,class_size_desc,3,0,1.0,1292,,0.8297213622291022,0.8297213622291022,0,0,1.0,0.3944841992802519,72,1.2269900497512438,nan,26,150,0.0,106.42632300005062,1.0,0.966804979253112,0.7008797653958945,0.0,220.0,0.0,0.0
400,400,healthy,0.5,S0,default,class_size_desc,3,0,1.0,372,,0.9811827956989247,0.9811827956989247,4,7,1.3,0.12274588477366255,5,1.0,nan,0,0,0.0,27.680852999992567,0.9666414666414667,0.9831613607837384,0.9825114121989122,0.0,0.0,0.0,7.000000000000001
400,400,healthy,0.5,S0-QoS,default,class_size_desc,3,0,1.0,372,,0.9811827956989247,0.9811827956989247,4,7,1.3,0.12274588477366255,5,1.0,nan,0,0,0.0,26.920988000028956,1.0,1.0,0.9635416666666666,0.0,0.0,0.0,7.0
400,400,healthy,0.5,S1,default,class_size_desc,3,0,1.0,372,,0.9919354838709677,0.9919354838709677,0,0,1.0,0.12047376543209877,5,1.0,nan,0,0,0.0,49.4054859998414,1.0,1.0,0.984375,0.0,1.0,2.0,0.0
400,400,healthy,0.5,S2,default,class_size_desc,3,0,1.0,372,,0.9973118279569892,0.9973118279569892,0,0,1.0,0.12099742798353909,5,1.0,nan,0,0,0.0,76.77523400002428,1.0,1.0,0.9947916666666666,0.0,1.0,0.0,0.0
400,400,healthy,0.75,S0,default,class_size_desc,3,0,1.0,522,,0.9329501915708812,0.9329501915708812,8,35,1.8,0.17172736625514404,12,1.0,nan,0,0,0.0,31.0814299998583,0.8924963924963925,0.9351948363427955,0.9391923196868251,0.0,0.0,0.0,35.0
400,400,healthy,0.75,S0-QoS,default,class_size_desc,3,0,1.0,522,,0.9329501915708812,0.9329501915708812,8,35,1.8,0.17172736625514404,12,1.0,nan,0,0,0.0,27.868154000088907,1.0,0.9846938775510204,0.8827838827838828,0.0,0.0,0.0,35.0
400,400,healthy,0.75,S1,default,class_size_desc,3,0,1.0,522,,0.975095785440613,0.975095785440613,0,0,1.0,0.16074125514403292,12,1.0,nan,0,0,0.0,51.61183300015182,1.0,0.9846938775510204,0.9633699633699634,0.0,8.0,5.0,0.0
400,400,healthy,0.75,S2,default,class_size_desc,3,0,1.0,522,,0.9846743295019157,0.9846743295019157,0,0,1.0,0.16204269547325104,12,1.0,nan,0,0,0.0,49.44993900016925,1.0,0.9897959183673469,0.978021978021978,0.0,8.0,0.0,0.0
400,400,healthy,1.0,S0,default,class_size_desc,3,0,1.0,637,,0.8637213127009046,0.8637213127009046,17,89,2.2,0.20994238683127572,22,1.0,nan,0,0,0.0,29.70243400000072,0.8122887529137529,0.872719032050677,0.867138165700252,0.0,0.0,0.0,86.80952380952381
400,400,healthy,1.0,S0-QoS,default,class_size_desc,3,0,1.0,637,,0.8636888717751251,0.8636888717751251,17,89,2.2,0.20994238683127572,22,1.0,nan,0,0,0.0,28.21606700013035,1.0,0.9707112970711297,0.7609874590441758,0.0,0.0,0.0,86.83018867924528
400,400,healthy,1.0,S1,default,class_size_desc,3,0,1.0,637,,0.9324960753532182,0.9324960753532182,0,0,1.0,0.18425205761316873,21,1.001122334455668,nan,0,0,0.0,68.24097999992773,1.0,0.9707112970711297,0.8922155688622755,0.0,11.0,32.0,0.0
400,400,healthy,1.0,S2,default,class_size_desc,3,0,1.0,637,,0.9827315541601256,0.9827315541601256,0,0,1.0,0.19609567901234567,22,1.0149094781682642,nan,0,0,0.0,58.21964500000831,1.0,0.9832635983263598,0.9790419161676647,0.0,11.0,0.0,0.0
400,400,healthy,1.0,S2,lambda=0.5xmean,class_size_desc,3,1,1.0,637,,0.9827315541601256,0.9827315541601256,0,0,1.0,0.22447685185185184,5,1.203940362087327,nan,0,0,0.0,56.84574899987638,1.0,0.9832635983263598,0.9790419161676647,0.0,11.0,0.0,0.0
400,400,healthy,1.0,S2,lambda=1xmean,class_size_desc,3,2,1.0,637,,0.9827315541601256,0.9827315541601256,0,0,1.0,0.23096296296296295,4,1.2321618743343983,nan,0,0,0.0,57.63865599988094,1.0,0.9832635983263598,0.9790419161676647,0.0,11.0,0.0,0.0
400,400,healthy,1.0,S2,lambda=2xmean,class_size_desc,3,4,1.0,637,,0.9827315541601256,0.9827315541601256,0,0,1.0,0.25918672839506174,6,1.3173588924387647,nan,0,0,0.0,62.08434299992405,1.0,0.9832635983263598,0.9790419161676647,0.0,11.0,0.0,0.0
400,400,healthy,1.0,S2,max_paths=1,class_size_desc,1,0,1.0,637,,0.9481946624803768,0.9481946624803768,0,0,1.0,0.18889248971193415,21,1.0088300220750552,nan,0,0,0.0,66.05537099994763,1.0,0.9790794979079498,0.9161676646706587,0.0,11.0,22.0,0.0
400,400,healthy,1.0,S2,max_paths=2,class_size_desc,2,0,1.0,637,,0.9827315541601256,0.9827315541601256,0,0,1.0,0.19609567901234567,22,1.0149094781682642,nan,0,0,0.0,66.20384899997589,1.0,0.9832635983263598,0.9790419161676647,0.0,11.0,0.0,0.0
400,400,healthy,1.0,S2,max_paths=4,class_size_desc,4,0,1.0,637,,0.9827315541601256,0.9827315541601256,0,0,1.0,0.19609567901234567,22,1.0149094781682642,nan,0,0,0.0,54.18514899997717,1.0,0.9832635983263598,0.9790419161676647,0.0,11.0,0.0,0.0
400,400,healthy,1.0,S2,order=arrival,arrival,3,0,1.0,637,,0.9827315541601256,0.9827315541601256,0,0,1.0,0.19609567901234567,22,1.0149094781682642,nan,0,0,0.0,52.74988799988023,1.0,0.9832635983263598,0.9790419161676647,0.0,11.0,0.0,0.0
400,400,healthy,1.0,S2,order=class_size_asc,class_size_asc,3,0,1.0,637,,0.9827315541601256,0.9827315541601256,0,0,1.0,0.19609567901234567,22,1.0149094781682642,nan,0,0,0.0,55.01149900010205,1.0,0.9832635983263598,0.9790419161676647,0.0,11.0,0.0,0.0
400,400,healthy,1.0,S2,util_cap=0.9,class_size_desc,3,0,0.9,637,,0.9795918367346939,0.9795918367346939,0,0,0.9,0.1968482510288066,0,1.0309829059829059,nan,0,0,0.0,54.60755100011738,1.0,0.9790794979079498,0.9760479041916168,0.0,13.0,0.0,0.0
400,400,healthy,1.25,S0,default,class_size_desc,3,0,1.0,807,,0.7352202229413303,0.7352202229413303,28,247,2.9,0.2664778806584362,30,1.0,nan,0,0,0.0,28.811012000005576,0.6686451599518208,0.7441498896541058,0.741767605143255,0.0,0.0,0.0,213.67728008634646
400,400,healthy,1.25,S0-QoS,default,class_size_desc,3,0,1.0,807,,0.735364385574901,0.735364385574901,28,247,2.9,0.2664778806584362,30,1.0,nan,0,0,0.0,28.34456699997645,1.0,0.9364548494983278,0.5432841764294486,0.0,0.0,0.0,213.56094084105487
400,400,healthy,1.25,S1,default,class_size_desc,3,0,1.0,807,,0.9083023543990086,0.9083023543990086,0,0,1.0,0.2309783950617284,30,1.034106412005457,nan,0,0,0.0,85.63279600002716,1.0,0.9565217391304348,0.8568075117370892,0.0,21.0,53.0,0.0
400,400,healthy,1.25,S2,default,class_size_desc,3,0,1.0,807,,0.9714993804213135,0.9714993804213135,0,0,1.0,0.253065329218107,33,1.0625,nan,0,0,0.0,61.33322499999849,1.0,0.9698996655518395,0.9671361502347418,0.0,23.0,0.0,0.0
400,400,healthy,1.5,S0,default,class_size_desc,3,0,1.0,1009,,0.6205753159833107,0.6205753159833107,35,460,3.4,0.33268827160493825,38,1.0,nan,0,0,0.0,46.47153299993079,0.5541021269432462,0.6280685209915212,0.6278973459831397,0.0,0.0,0.0,382.8395061728395
400,400,healthy,1.5,S0-QoS,default,class_size_desc,3,0,1.0,1009,,0.6194088405406059,0.6194088405406059,35,460,3.4,0.33268827160493825,38,1.0,nan,0,0,0.0,31.37646400000449,1.0,0.8952879581151832,0.3459762739647744,0.0,0.0,0.0,384.0164798945287
400,400,healthy,1.5,S1,default,class_size_desc,3,0,1.0,1009,,0.8622398414271556,0.8622398414271556,0,0,1.0,0.28169701646090534,49,1.07816091954023,nan,0,0,0.0,93.68896399996629,1.0,0.9345549738219895,0.7832699619771863,0.0,45.0,94.0,0.0
400,400,healthy,1.5,S2,default,class_size_desc,3,0,1.0,1009,,0.9454905847373637,0.9454905847373637,0,0,1.0,0.3197644032921811,52,1.1226415094339623,nan,0,0,0.0,76.94653600015045,1.0,0.9712041884816754,0.9163498098859315,0.0,55.0,0.0,0.0
400,400,healthy,2.0,S0,default,class_size_desc,3,0,1.0,1274,,0.48999284893642636,0.48999284893642636,41,840,4.4,0.41988477366255145,43,1.0,nan,0,0,0.0,34.204827999928966,0.432215221461545,0.49426083553980366,0.4980099727693163,0.0,0.0,0.0,649.7491104549928
400,400,healthy,2.0,S0-QoS,default,class_size_desc,3,0,1.0,1274,,0.4845768640243877,0.4845768640243877,41,840,4.4,0.41988477366255145,43,1.0,nan,0,0,0.0,42.82737800008363,0.96875,0.8107856810785681,0.1583763012148419,0.0,0.0,0.0,656.64907523293
400,400,healthy,2.0,S1,default,class_size_desc,3,0,1.0,1274,,0.8053375196232339,0.8053375196232339,0,0,1.0,0.35180452674897117,63,1.156595191682911,nan,0,0,2.0,106.73545200006629,0.96875,0.9163179916317992,0.6946107784431138,0.0,112.0,136.0,0.0
400,400,healthy,2.0,S2,default,class_size_desc,3,0,1.0,1274,,0.8744113029827315,0.8744113029827315,0,0,1.0,0.3941522633744856,70,1.20885697187313,nan,0,0,0.0,97.41832899999281,0.984375,0.9665271966527197,0.7874251497005988,0.0,160.0,0.0,0.0
400,400,uplink,0.5,S0,default,class_size_desc,3,0,1.0,372,L6,0.9650537634408602,0.9650537634408602,5,14,1.3,0.12682294911734165,6,1.0464252553389044,0.8928571428571429,32,57,0.0,31.39214299994819,0.9441404967720757,0.9693872561005428,0.9658563749846645,0.0,0.0,0.0,13.0
400,400,uplink,0.5,S0-QoS,default,class_size_desc,3,0,1.0,372,L6,0.9649610678531702,0.9649610678531702,5,14,1.3,0.12682294911734165,6,1.0463976945244957,0.8922413793103449,32,57,0.0,30.784664000066186,1.0,1.0,0.9321120689655172,0.0,0.0,0.0,13.03448275862069
400,400,uplink,0.5,S1,default,class_size_desc,3,0,1.0,372,L6,0.9919354838709677,0.9919354838709677,0,0,1.0,0.12622585669781933,7,1.057813911472448,1.0,31,56,0.0,50.7010450000962,1.0,1.0,0.984375,0.0,1.0,2.0,0.0
400,400,uplink,0.5,S2,default,class_size_desc,3,0,1.0,372,L6,0.9973118279569892,0.9973118279569892,0,0,1.0,0.1273177570093458,8,1.059299191374663,1.0,31,56,0.0,52.86356999999953,1.0,1.0,0.9947916666666666,0.0,1.0,0.0,0.0
400,400,uplink,0.75,S0,default,class_size_desc,3,0,1.0,522,L6,0.8750435388366423,0.8750435388366423,9,73,1.8,0.17785565939771547,13,1.0363220220917504,0.6221590909090909,32,88,0.0,31.96672000012768,0.8273162895804406,0.8845222945988253,0.8775040079985135,0.0,0.0,0.0,65.22727272727272
400,400,uplink,0.75,S0-QoS,default,class_size_desc,3,0,1.0,522,L6,0.8698595146871009,0.8698595146871009,9,73,1.8,0.17785565939771547,13,1.0345519502765135,0.5883333333333334,32,88,0.0,28.58208299994658,1.0,0.9846938775510204,0.7621489621489621,0.0,0.0,0.0,67.93333333333334
400,400,uplink,0.75,S1,default,class_size_desc,3,0,1.0,522,L6,0.9655172413793104,0.9655172413793104,0,0,1.0,0.16907632398753894,12,1.07010582010582,0.95,30,78,0.0,58.91727399989577,1.0,0.9846938775510204,0.945054945054945,0.0,8.0,10.0,0.0
400,400,uplink,0.75,S2,default,class_size_desc,3,0,1.0,522,L6,0.9846743295019157,0.9846743295019157,0,0,1.0,0.173601246105919,12,1.0739299610894941,1.0,29,81,0.0,51.88840200003142,1.0,0.9897959183673469,0.978021978021978,0.0,8.0,0.0,0.0
400,400,uplink,1.0,S0,default,class_size_desc,3,0,1.0,637,L6,0.8069073783359497,0.8069073783359497,17,139,2.2,0.21730166147455868,22,1.03242542153048,0.580110497237569,32,105,0.0,29.67238700011876,0.7402649433899434,0.8220316441247955,0.8088547325665195,0.0,0.0,0.0,123.0
400,400,uplink,1.0,S0-QoS,default,class_size_desc,3,0,1.0,637,L6,0.8013256584685156,0.8013256584685156,17,139,2.2,0.21730166147455868,22,1.0303294151792193,0.5389874218426879,32,105,0.0,41.39802800000325,1.0,0.9642026964202697,0.6467065868263473,0.0,0.0,0.0,126.55555555555556
400,400,uplink,1.0,S1,default,class_size_desc,3,0,1.0,637,L6,0.9387755102040817,0.9387755102040817,0,0,1.0,0.20079283489096572,22,1.0813823857302118,1.0,29,94,0.0,68.76914000008583,1.0,0.9707112970711297,0.9041916167664671,0.0,11.0,28.0,0.0
400,400,uplink,1.0,S2,default,class_size_desc,3,0,1.0,637,L6,0.9827315541601256,0.9827315541601256,0,0,1.0,0.21552180685358255,22,1.099041533546326,1.0,35,115,0.0,54.333065999799146,1.0,0.9832635983263598,0.9790419161676647,0.0,11.0,0.0,0.0
400,400,uplink,1.0,S2,lambda=0.5xmean,class_size_desc,3,1,1.0,637,L6,0.9827315541601256,0.9827315541601256,0,0,1.0,0.2504776739356179,5,1.281150159744409,1.0,52,172,0.0,55.47951600010492,1.0,0.9832635983263598,0.9790419161676647,0.0,11.0,0.0,0.0
400,400,uplink,1.0,S2,lambda=1xmean,class_size_desc,3,2,1.0,637,L6,0.9827315541601256,0.9827315541601256,0,0,1.0,0.2621433021806854,7,1.3242811501597445,1.0,67,225,0.0,56.15749800017511,1.0,0.9832635983263598,0.9790419161676647,0.0,11.0,0.0,0.0
400,400,uplink,1.0,S2,lambda=2xmean,class_size_desc,3,4,1.0,637,L6,0.9827315541601256,0.9827315541601256,0,0,1.0,0.2884932502596054,7,1.4078807241746538,1.0,62,204,0.0,69.67045999999755,1.0,0.9832635983263598,0.9790419161676647,0.0,11.0,0.0,0.0
400,400,uplink,1.0,S2,max_paths=1,class_size_desc,1,0,1.0,637,L6,0.9419152276295133,0.9419152276295133,0,0,1.0,0.20113499480789201,21,1.08,0.9333333333333333,29,89,0.0,74.42614899991895,1.0,0.9790794979079498,0.9041916167664671,0.0,11.0,26.0,0.0
400,400,uplink,1.0,S2,max_paths=2,class_size_desc,2,0,1.0,637,L6,0.9795918367346939,0.9795918367346939,0,0,1.0,0.21310591900311526,21,1.0950854700854702,0.9787234042553191,34,110,0.0,64.0505009998833,1.0,0.9832635983263598,0.9730538922155688,0.0,11.0,2.0,0.0
400,400,uplink,1.0,S2,max_paths=4,class_size_desc,4,0,1.0,637,L6,0.9827315541601256,0.9827315541601256,0,0,1.0,0.21552180685358255,22,1.099041533546326,1.0,35,115,0.0,63.01167200012969,1.0,0.9832635983263598,0.9790419161676647,0.0,11.0,0.0,0.0
400,400,uplink,1.0,S2,order=arrival,arrival,3,0,1.0,637,L6,0.9827315541601256,0.9827315541601256,0,0,1.0,0.2169252336448598,22,1.1022364217252396,1.0,33,108,0.0,58.70670900003461,1.0,0.9832635983263598,0.9790419161676647,0.0,11.0,0.0,0.0
400,400,uplink,1.0,S2,order=class_size_asc,class_size_asc,3,0,1.0,637,L6,0.9827315541601256,0.9827315541601256,0,0,1.0,0.21619314641744547,23,1.101171458998935,1.0,31,102,0.0,54.76811199991971,1.0,0.9832635983263598,0.9790419161676647,0.0,11.0,0.0,0.0
400,400,uplink,1.0,S2,util_cap=0.9,class_size_desc,3,0,0.9,637,L6,0.9795918367346939,0.9795918367346939,0,0,0.9,0.220769989615784,0,1.1287393162393162,1.0,41,120,0.0,55.052816999932475,1.0,0.9790794979079498,0.9760479041916168,0.0,13.0,0.0,0.0
400,400,uplink,1.25,S0,default,class_size_desc,3,0,1.0,807,L6,0.690391882683294,0.690391882683294,28,297,2.9,0.2759589823468328,30,1.0297383810283949,0.5787671232876712,32,136,0.0,32.94230999995307,0.6161882015587076,0.7035734584127129,0.695423363221134,0.0,0.0,0.0,249.85375067458176
400,400,uplink,1.25,S0-QoS,default,class_size_desc,3,0,1.0,807,L6,0.6849635794921399,0.6849635794921399,28,297,2.9,0.2759589823468328,30,1.0271234453931222,0.5251323037045037,32,136,0.0,28.383600999859482,1.0,0.89290542944567,0.478372970060802,0.0,0.0,0.0,254.23439134984304
400,400,uplink,1.25,S1,default,class_size_desc,3,0,1.0,807,L6,0.9045848822800495,0.9045848822800495,0,0,1.0,0.25599221183800625,32,1.1251141552511414,0.9,34,114,0.0,107.02059699997335,1.0,0.9464882943143813,0.8568075117370892,0.0,18.0,59.0,0.0
400,400,uplink,1.25,S2,default,class_size_desc,3,0,1.0,807,L6,0.9714993804213135,0.9714993804213135,0,0,1.0,0.2915327102803738,40,1.1768707482993197,1.0,39,149,0.0,57.09922500000175,1.0,0.9698996655518395,0.9671361502347418,0.0,23.0,0.0,0.0
400,400,uplink,1.5,S0,default,class_size_desc,3,0,1.0,1009,L6,0.5841133502184047,0.5841133502184047,35,510,3.4,0.3441246105919003,38,1.0282787657889776,0.5761024182076814,32,162,0.0,29.767316000061328,0.5066659140237086,0.5960625437641791,0.5903065044411775,0.0,0.0,0.0,419.6296296296296
400,400,uplink,1.5,S0-QoS,default,class_size_desc,3,0,1.0,1009,L6,0.5794118291640591,0.5794118291640591,35,510,3.4,0.3441246105919003,38,1.025968404197644,0.5301997831810438,32,162,0.0,31.229768000002878,1.0,0.8338886244645407,0.3138423594697359,0.0,0.0,0.0,424.3734643734644
400,400,uplink,1.5,S1,default,class_size_desc,3,0,1.0,1009,L6,0.8453914767096135,0.8453914767096135,0,0,1.0,0.32946677050882656,55,1.214927706135209,0.93,45,177,0.0,99.31497599995964,1.0,0.9293193717277487,0.7547528517110266,0.0,35.0,121.0,0.0
400,400,uplink,1.5,S2,default,class_size_desc,3,0,1.0,1009,L6,0.9197224975222993,0.9197224975222993,0,0,1.0,0.3768608515057113,61,1.2744252873563218,0.975,57,222,0.0,69.68455700007326,1.0,0.9712041884816754,0.8669201520912547,0.0,81.0,0.0,0.0
400,400,uplink,2.0,S0,default,class_size_desc,3,0,1.0,1274,L6,0.461585881753949,0.461585881753949,41,890,4.4,0.43460332294911735,43,1.0283417592617625,0.580110497237569,32,210,0.0,31.41150999999809,0.39620331669964026,0.4689171415768628,0.46886825620245004,0.0,0.0,0.0,685.939586645469
400,400,uplink,2.0,S0-QoS,default,class_size_desc,3,0,1.0,1274,L6,0.4550984059745011,0.4550984059745011,41,890,4.4,0.43460332294911735,43,1.0252962811459023,0.5395095367847411,32,210,0.0,29.116616000010254,0.96875,0.7322175732217573,0.1583763012148419,0.0,0.0,0.0,694.2046307884856
400,400,uplink,2.0,S1,default,class_size_desc,3,0,1.0,1274,L6,0.7692307692307693,0.7692307692307693,0,0,1.0,0.3807684319833853,69,1.254421768707483,1.0,50,206,2.0,131.96521800000482,0.96875,0.9121338912133892,0.6287425149700598,0.0,136.0,158.0,0.0
400,400,uplink,2.0,S2,default,class_size_desc,3,0,1.0,1274,L6,0.8116169544740973,0.8116169544740973,0,0,1.0,0.4259667705088266,76,1.323017408123791,1.0,58,252,0.0,108.10606199993344,0.984375,0.9665271966527197,0.6676646706586826,0.0,240.0,0.0,0.0
400,400,multi,0.5,S0,default,class_size_desc,3,0,1.0,372,L15;L43;L74,0.9811827956989247,0.9811827956989247,4,7,1.3,0.1279195767195767,5,1.012785388127854,1.0,4,7,0.0,28.763222999941718,0.9666414666414667,0.9831613607837384,0.9825114121989122,0.0,0.0,0.0,7.000000000000001
400,400,multi,0.5,S0-QoS,default,class_size_desc,3,0,1.0,372,L15;L43;L74,0.9811827956989247,0.9811827956989247,4,7,1.3,0.1279195767195767,5,1.012785388127854,1.0,4,7,0.0,28.796894999914002,1.0,1.0,0.9635416666666666,0.0,0.0,0.0,7.0
400,400,multi,0.5,S1,default,class_size_desc,3,0,1.0,372,L15;L43;L74,0.9919354838709677,0.9919354838709677,0,0,1.0,0.12558253968253968,5,1.012646793134598,1.0,4,7,0.0,48.46258700013095,1.0,1.0,0.984375,0.0,1.0,2.0,0.0
400,400,multi,0.5,S2,default,class_size_desc,3,0,1.0,372,L15;L43;L74,0.9973118279569892,0.9973118279569892,0,0,1.0,0.12612116402116402,5,1.0125786163522013,1.0,4,7,0.0,51.50060500000109,1.0,1.0,0.9947916666666666,0.0,1.0,0.0,0.0
400,400,multi,0.75,S0,default,class_size_desc,3,0,1.0,522,L15;L43;L74,0.9329501915708812,0.9329501915708812,8,35,1.8,0.1787767195767196,12,1.0123203285420945,1.0,4,9,0.0,28.192703000058827,0.8924963924963925,0.9351948363427955,0.9391923196868251,0.0,0.0,0.0,35.0
400,400,multi,0.75,S0-QoS,default,class_size_desc,3,0,1.0,522,L15;L43;L74,0.9329501915708812,0.9329501915708812,8,35,1.8,0.1787767195767196,12,1.0123203285420945,1.0,4,9,0.0,28.241864999927202,1.0,0.9846938775510204,0.8827838827838828,0.0,0.0,0.0,35.0
400,400,multi,0.75,S1,default,class_size_desc,3,0,1.0,522,L15;L43;L74,0.975095785440613,0.975095785440613,0,0,1.0,0.16747671957671958,12,1.0117878192534382,1.0,4,9,0.0,69.42678400014302,1.0,0.9846938775510204,0.9633699633699634,0.0,8.0,5.0,0.0
400,400,multi,0.75,S2,default,class_size_desc,3,0,1.0,522,L15;L43;L74,0.9846743295019157,0.9846743295019157,0,0,1.0,0.16881534391534392,12,1.0116731517509727,1.0,4,9,0.0,53.05509000004349,1.0,0.9897959183673469,0.978021978021978,0.0,8.0,0.0,0.0
400,400,multi,1.0,S0,default,class_size_desc,3,0,1.0,637,L15;L43;L74,0.8621514539881887,0.8621514539881887,18,90,2.2,0.21855978835978837,23,1.0121390791641376,0.9090909090909091,4,11,0.0,27.229675999933534,0.8122887529137529,0.870817168224127,0.8655050682587714,0.0,0.0,0.0,87.80952380952381
400,400,multi,1.0,S0-QoS,default,class_size_desc,3,0,1.0,637,L15;L43;L74,0.8621190130624092,0.8621190130624092,18,90,2.2,0.21855978835978837,23,1.0121395359490597,0.9090909090909092,4,11,0.0,30.379524000181846,1.0,0.9707112970711297,0.7579934470681279,0.0,0.0,0.0,87.83018867924528
400,400,multi,1.0,S1,default,class_size_desc,3,0,1.0,637,L15;L43;L74,0.9309262166405023,0.9309262166405023,0,0,1.0,0.19162804232804234,22,1.0123664980326026,0.9090909090909091,4,10,0.0,70.52819900013674,1.0,0.9707112970711297,0.8892215568862275,0.0,14.0,30.0,0.0
400,400,multi,1.0,S2,default,class_size_desc,3,0,1.0,637,L15;L43;L74,0.978021978021978,0.978021978021978,0,0,1.0,0.20279523809523808,23,1.0235420010700909,0.7857142857142857,5,10,0.0,56.820931999936874,1.0,0.9832635983263598,0.9700598802395209,0.0,14.0,0.0,0.0
400,400,multi,1.0,S2,lambda=0.5xmean,class_size_desc,3,1,1.0,637,L15;L43;L74,0.978021978021978,0.978021978021978,0,0,1.0,0.22775396825396826,8,1.174959871589085,0.9803921568627451,36,133,0.0,65.97227499992186,1.0,0.9832635983263598,0.9700598802395209,0.0,14.0,0.0,0.0
400,400,multi,1.0,S2,lambda=1xmean,class_size_desc,3,2,1.0,637,L15;L43;L74,0.978021978021978,0.978021978021978,0,0,1.0,0.24765820105820105,8,1.2375601926163724,1.0,41,151,0.0,58.52234300004966,1.0,0.9832635983263598,0.9700598802395209,0.0,14.0,0.0,0.0
400,400,multi,1.0,S2,lambda=2xmean,class_size_desc,3,4,1.0,637,L15;L43;L74,0.978021978021978,0.978021978021978,0,0,1.0,0.2958063492063492,7,1.3852327447833066,1.0,43,173,0.0,55.75873100019635,1.0,0.9832635983263598,0.9700598802395209,0.0,14.0,0.0,0.0
400,400,multi,1.0,S2,max_paths=1,class_size_desc,1,0,1.0,637,L15;L43;L74,0.9466248037676609,0.9466248037676609,0,0,1.0,0.1964010582010582,22,1.0199004975124377,0.9090909090909091,4,10,0.0,91.93573599986848,1.0,0.9790794979079498,0.9131736526946108,0.0,14.0,20.0,0.0
400,400,multi,1.0,S2,max_paths=2,class_size_desc,2,0,1.0,637,L15;L43;L74,0.978021978021978,0.978021978021978,0,0,1.0,0.20279523809523808,23,1.0235420010700909,0.7857142857142857,5,10,0.0,79.34758900000816,1.0,0.9832635983263598,0.9700598802395209,0.0,14.0,0.0,0.0
400,400,multi,1.0,S2,max_paths=4,class_size_desc,4,0,1.0,637,L15;L43;L74,0.978021978021978,0.978021978021978,0,0,1.0,0.20279523809523808,23,1.0235420010700909,0.7857142857142857,5,10,0.0,71.95432299999993,1.0,0.9832635983263598,0.9700598802395209,0.0,14.0,0.0,0.0
400,400,multi,1.0,S2,order=arrival,arrival,3,0,1.0,637,L15;L43;L74,0.978021978021978,0.978021978021978,0,0,1.0,0.20279523809523808,23,1.0235420010700909,0.8,5,10,0.0,53.76630399996429,1.0,0.9832635983263598,0.9700598802395209,0.0,14.0,0.0,0.0
400,400,multi,1.0,S2,order=class_size_asc,class_size_asc,3,0,1.0,637,L15;L43;L74,0.978021978021978,0.978021978021978,0,0,1.0,0.20279523809523808,23,1.0235420010700909,0.8235294117647058,5,10,0.0,53.610751999940476,1.0,0.9832635983263598,0.9700598802395209,0.0,14.0,0.0,0.0
400,400,multi,1.0,S2,util_cap=0.9,class_size_desc,3,0,0.9,637,L15;L43;L74,0.9701726844583988,0.9701726844583988,0,0,0.9,0.20204708994708995,0,1.0366774541531822,0.6666666666666666,6,9,0.0,57.062496000071405,1.0,0.9790794979079498,0.9580838323353293,0.0,19.0,0.0,0.0
400,400,multi,1.25,S0,default,class_size_desc,3,0,1.0,807,L15;L43;L74,0.7315027508223712,0.7315027508223712,29,250,2.9,0.2771867724867725,31,1.0112932578092908,0.7692307692307692,4,13,0.0,28.868399999964822,0.6686451599518208,0.7395190689697734,0.7379756224780328,0.0,0.0,0.0,216.67728008634646
400,400,multi,1.25,S0-QoS,default,class_size_desc,3,0,1.0,807,L15;L43;L74,0.7316469134559419,0.7316469134559419,29,250,2.9,0.2771867724867725,31,1.0112910326023536,0.7692307692307692,4,13,0.0,27.783123999824966,1.0,0.9364548494983278,0.5362419229083218,0.0,0.0,0.0,216.56094084105487
400,400,multi,1.25,S1,default,class_size_desc,3,0,1.0,807,L15;L43;L74,0.8983890954151177,0.8983890954151177,0,0,1.0,0.2366137566137566,31,1.0390804597701149,0.5555555555555556,5,10,0.0,71.81150499991418,1.0,0.9565217391304348,0.8380281690140845,0.0,32.0,50.0,0.0
400,400,multi,1.25,S2,default,class_size_desc,3,0,1.0,807,L15;L43;L74,0.9578686493184635,0.9578686493184635,0,0,1.0,0.2578095238095238,34,1.0651142733937042,0.5,6,10,0.0,57.825746000162326,1.0,0.9698996655518395,0.9413145539906104,0.0,34.0,0.0,0.0
400,400,multi,1.5,S0,default,class_size_desc,3,0,1.0,1009,L15;L43;L74,0.6126466737632908,0.6126466737632908,36,468,3.4,0.34647936507936505,38,1.0107846857462404,0.5555555555555556,4,18,0.0,57.024855000008756,0.5541021269432462,0.6187607839350932,0.6194478318302036,0.0,0.0,0.0,390.8395061728395
400,400,multi,1.5,S0-QoS,default,class_size_desc,3,0,1.0,1009,L15;L43;L74,0.6114801983205861,0.6114801983205861,36,468,3.4,0.34647936507936505,38,1.0108052588917238,0.5555555555555556,4,18,0.0,27.213917000153742,1.0,0.8952879581151832,0.3307671484894892,0.0,0.0,0.0,392.0164798945287
400,400,multi,1.5,S1,default,class_size_desc,3,0,1.0,1009,L15;L43;L74,0.8434093161546086,0.8434093161546086,0,0,1.0,0.2852777777777778,47,1.0810810810810811,0.35714285714285715,8,14,0.0,95.41638500013505,1.0,0.9345549738219895,0.747148288973384,0.0,63.0,95.0,0.0
400,400,multi,1.5,S2,default,class_size_desc,3,0,1.0,1009,L15;L43;L74,0.9276511397423192,0.9276511397423192,0,0,1.0,0.3323888888888889,53,1.1346153846153846,0.5609756097560976,19,42,0.0,70.83701800002018,1.0,0.9712041884816754,0.8821292775665399,0.0,73.0,0.0,0.0
400,400,multi,2.0,S0,default,class_size_desc,3,0,1.0,1274,L15;L43;L74,0.48650097401598,0.48650097401598,42,846,4.4,0.43711957671957674,43,1.0107561190114855,0.5606060606060606,4,22,0.0,50.855814999977156,0.432215221461545,0.48830029150394577,0.49561549881795613,0.0,0.0,0.0,654.1977591036415
400,400,multi,2.0,S0-QoS,default,class_size_desc,3,0,1.0,1274,L15;L43;L74,0.48154066195050604,0.48154066195050604,42,846,4.4,0.43711957671957674,43,1.0108669169380702,0.5466237942122186,4,22,0.0,28.661872000157018,0.96875,0.8107856810785681,0.15258570025357657,0.0,0.0,0.0,660.5171966750553
400,400,multi,2.0,S1,default,class_size_desc,3,0,1.0,1274,L15;L43;L74,0.7849293563579278,0.7849293563579278,0,0,1.0,0.3615661375661376,62,1.164,0.52,21,88,2.0,134.92437800005064,0.96875,0.9163179916317992,0.655688622754491,0.0,136.0,138.0,0.0
400,400,multi,2.0,S2,default,class_size_desc,3,0,1.0,1274,L15;L43;L74,0.8571428571428571,0.8571428571428571,0,0,1.0,0.42477037037037035,73,1.2515262515262515,0.6857142857142857,30,132,0.0,84.48315999999068,0.984375,0.9665271966527197,0.7544910179640718,0.0,182.0,0.0,0.0
400,400,recovered,0.5,S0,default,class_size_desc,3,0,1.0,372,,0.9811827956989247,0.9811827956989247,4,7,1.3,0.12274588477366255,5,1.0,nan,0,0,0.0,30.21357300008276,0.9666414666414667,0.9831613607837384,0.9825114121989122,0.0,0.0,0.0,7.000000000000001
400,400,recovered,0.5,S0-QoS,default,class_size_desc,3,0,1.0,372,,0.9811827956989247,0.9811827956989247,4,7,1.3,0.12274588477366255,5,1.0,nan,0,0,0.0,31.404385999849183,1.0,1.0,0.9635416666666666,0.0,0.0,0.0,7.0
400,400,recovered,0.5,S1,default,class_size_desc,3,0,1.0,372,,0.9919354838709677,0.9919354838709677,0,0,1.0,0.12047376543209877,5,1.0,nan,0,0,0.0,56.45438499982447,1.0,1.0,0.984375,0.0,1.0,2.0,0.0
400,400,recovered,0.5,S2,default,class_size_desc,3,0,1.0,372,,0.9973118279569892,0.9973118279569892,0,0,1.0,0.12099742798353909,5,1.0,nan,0,0,0.0,49.51974999994491,1.0,1.0,0.9947916666666666,0.0,1.0,0.0,0.0
400,400,recovered,0.75,S0,default,class_size_desc,3,0,1.0,522,,0.9329501915708812,0.9329501915708812,8,35,1.8,0.17172736625514404,12,1.0,nan,0,0,0.0,28.834697000093,0.8924963924963925,0.9351948363427955,0.9391923196868251,0.0,0.0,0.0,35.0
400,400,recovered,0.75,S0-QoS,default,class_size_desc,3,0,1.0,522,,0.9329501915708812,0.9329501915708812,8,35,1.8,0.17172736625514404,12,1.0,nan,0,0,0.0,29.832087000158936,1.0,0.9846938775510204,0.8827838827838828,0.0,0.0,0.0,35.0
400,400,recovered,0.75,S1,default,class_size_desc,3,0,1.0,522,,0.975095785440613,0.975095785440613,0,0,1.0,0.16074125514403292,12,1.0,nan,0,0,0.0,72.34726100000444,1.0,0.9846938775510204,0.9633699633699634,0.0,8.0,5.0,0.0
400,400,recovered,0.75,S2,default,class_size_desc,3,0,1.0,522,,0.9846743295019157,0.9846743295019157,0,0,1.0,0.16204269547325104,12,1.0,nan,0,0,0.0,53.50371099984841,1.0,0.9897959183673469,0.978021978021978,0.0,8.0,0.0,0.0
400,400,recovered,1.0,S0,default,class_size_desc,3,0,1.0,637,,0.8637213127009046,0.8637213127009046,17,89,2.2,0.20994238683127572,22,1.0,nan,0,0,0.0,42.202155999802926,0.8122887529137529,0.872719032050677,0.867138165700252,0.0,0.0,0.0,86.80952380952381
400,400,recovered,1.0,S0-QoS,default,class_size_desc,3,0,1.0,637,,0.8636888717751251,0.8636888717751251,17,89,2.2,0.20994238683127572,22,1.0,nan,0,0,0.0,27.76342799984377,1.0,0.9707112970711297,0.7609874590441758,0.0,0.0,0.0,86.83018867924528
400,400,recovered,1.0,S1,default,class_size_desc,3,0,1.0,637,,0.9324960753532182,0.9324960753532182,0,0,1.0,0.18425205761316873,21,1.001122334455668,nan,0,0,0.0,76.90262400001302,1.0,0.9707112970711297,0.8922155688622755,0.0,11.0,32.0,0.0
400,400,recovered,1.0,S2,default,class_size_desc,3,0,1.0,637,,0.9827315541601256,0.9827315541601256,0,0,1.0,0.19609567901234567,22,1.0149094781682642,nan,0,0,0.0,78.90637099990272,1.0,0.9832635983263598,0.9790419161676647,0.0,11.0,0.0,0.0
400,400,recovered,1.0,S2,lambda=0.5xmean,class_size_desc,3,1,1.0,637,,0.9827315541601256,0.9827315541601256,0,0,1.0,0.22447685185185184,5,1.203940362087327,nan,15,52,0.0,57.26988399987931,1.0,0.9832635983263598,0.9790419161676647,0.0,11.0,0.0,0.0
400,400,recovered,1.0,S2,lambda=1xmean,class_size_desc,3,2,1.0,637,,0.9827315541601256,0.9827315541601256,0,0,1.0,0.23096296296296295,4,1.2321618743343983,nan,22,72,0.0,58.83811500007141,1.0,0.9832635983263598,0.9790419161676647,0.0,11.0,0.0,0.0
400,400,recovered,1.0,S2,lambda=2xmean,class_size_desc,3,4,1.0,637,,0.9827315541601256,0.9827315541601256,0,0,1.0,0.25918672839506174,6,1.3173588924387647,nan,14,57,0.0,59.14396899993335,1.0,0.9832635983263598,0.9790419161676647,0.0,11.0,0.0,0.0
400,400,recovered,1.0,S2,max_paths=1,class_size_desc,1,0,1.0,637,,0.9481946624803768,0.9481946624803768,0,0,1.0,0.18889248971193415,21,1.0088300220750552,nan,0,0,0.0,99.42435099992508,1.0,0.9790794979079498,0.9161676646706587,0.0,11.0,22.0,0.0
400,400,recovered,1.0,S2,max_paths=2,class_size_desc,2,0,1.0,637,,0.9827315541601256,0.9827315541601256,0,0,1.0,0.19609567901234567,22,1.0149094781682642,nan,0,0,0.0,54.040587999907075,1.0,0.9832635983263598,0.9790419161676647,0.0,11.0,0.0,0.0
400,400,recovered,1.0,S2,max_paths=4,class_size_desc,4,0,1.0,637,,0.9827315541601256,0.9827315541601256,0,0,1.0,0.19609567901234567,22,1.0149094781682642,nan,0,0,0.0,53.58012500005316,1.0,0.9832635983263598,0.9790419161676647,0.0,11.0,0.0,0.0
400,400,recovered,1.0,S2,order=arrival,arrival,3,0,1.0,637,,0.9827315541601256,0.9827315541601256,0,0,1.0,0.19609567901234567,22,1.0149094781682642,nan,0,0,0.0,61.73466800009919,1.0,0.9832635983263598,0.9790419161676647,0.0,11.0,0.0,0.0
400,400,recovered,1.0,S2,order=class_size_asc,class_size_asc,3,0,1.0,637,,0.9827315541601256,0.9827315541601256,0,0,1.0,0.19609567901234567,22,1.0149094781682642,nan,0,0,0.0,58.65603399979591,1.0,0.9832635983263598,0.9790419161676647,0.0,11.0,0.0,0.0
400,400,recovered,1.0,S2,util_cap=0.9,class_size_desc,3,0,0.9,637,,0.9795918367346939,0.9795918367346939,0,0,0.9,0.1968482510288066,0,1.0309829059829059,nan,1,1,0.0,57.44892999996409,1.0,0.9790794979079498,0.9760479041916168,0.0,13.0,0.0,0.0
400,400,recovered,1.25,S0,default,class_size_desc,3,0,1.0,807,,0.7352202229413303,0.7352202229413303,28,247,2.9,0.2664778806584362,30,1.0,nan,0,0,0.0,32.04234300005737,0.6686451599518208,0.7441498896541058,0.741767605143255,0.0,0.0,0.0,213.67728008634646
400,400,recovered,1.25,S0-QoS,default,class_size_desc,3,0,1.0,807,,0.735364385574901,0.735364385574901,28,247,2.9,0.2664778806584362,30,1.0,nan,0,0,0.0,28.435147999971377,1.0,0.9364548494983278,0.5432841764294486,0.0,0.0,0.0,213.56094084105487
400,400,recovered,1.25,S1,default,class_size_desc,3,0,1.0,807,,0.9083023543990086,0.9083023543990086,0,0,1.0,0.2309783950617284,30,1.034106412005457,nan,1,3,0.0,84.31623699993906,1.0,0.9565217391304348,0.8568075117370892,0.0,21.0,53.0,0.0
400,400,recovered,1.25,S2,default,class_size_desc,3,0,1.0,807,,0.9714993804213135,0.9714993804213135,0,0,1.0,0.253065329218107,33,1.0625,nan,2,4,0.0,63.84644800004935,1.0,0.9698996655518395,0.9671361502347418,0.0,23.0,0.0,0.0
400,400,recovered,1.5,S0,default,class_size_desc,3,0,1.0,1009,,0.6205753159833107,0.6205753159833107,35,460,3.4,0.33268827160493825,38,1.0,nan,0,0,0.0,52.29223900005309,0.5541021269432462,0.6280685209915212,0.6278973459831397,0.0,0.0,0.0,382.8395061728395
400,400,recovered,1.5,S0-QoS,default,class_size_desc,3,0,1.0,1009,,0.6194088405406059,0.6194088405406059,35,460,3.4,0.33268827160493825,38,1.0,nan,0,0,0.0,28.88367900004596,1.0,0.8952879581151832,0.3459762739647744,0.0,0.0,0.0,384.0164798945287
400,400,recovered,1.5,S1,default,class_size_desc,3,0,1.0,1009,,0.8622398414271556,0.8622398414271556,0,0,1.0,0.28169701646090534,49,1.07816091954023,nan,1,3,0.0,194.47466899987376,1.0,0.9345549738219895,0.7832699619771863,0.0,45.0,94.0,0.0
400,400,recovered,1.5,S2,default,class_size_desc,3,0,1.0,1009,,0.9454905847373637,0.9454905847373637,0,0,1.0,0.3197644032921811,52,1.1226415094339623,nan,7,25,0.0,88.05007899991324,1.0,0.9712041884816754,0.9163498098859315,0.0,55.0,0.0,0.0
400,400,recovered,2.0,S0,default,class_size_desc,3,0,1.0,1274,,0.48999284893642636,0.48999284893642636,41,840,4.4,0.41988477366255145,43,1.0,nan,0,0,0.0,28.445958000020255,0.432215221461545,0.49426083553980366,0.4980099727693163,0.0,0.0,0.0,649.7491104549928
400,400,recovered,2.0,S0-QoS,default,class_size_desc,3,0,1.0,1274,,0.4845768640243877,0.4845768640243877,41,840,4.4,0.41988477366255145,43,1.0,nan,0,0,0.0,28.81926800000656,0.96875,0.8107856810785681,0.1583763012148419,0.0,0.0,0.0,656.64907523293
400,400,recovered,2.0,S1,default,class_size_desc,3,0,1.0,1274,,0.8053375196232339,0.8053375196232339,0,0,1.0,0.35180452674897117,63,1.156595191682911,nan,6,30,2.0,133.64967699999397,0.96875,0.9163179916317992,0.6946107784431138,0.0,112.0,136.0,0.0
400,400,recovered,2.0,S2,default,class_size_desc,3,0,1.0,1274,,0.8744113029827315,0.8744113029827315,0,0,1.0,0.3941522633744856,70,1.20885697187313,nan,12,50,0.0,126.48419900006047,0.984375,0.9665271966527197,0.7874251497005988,0.0,160.0,0.0,0.0
500,500,healthy,0.5,S0,default,class_size_desc,3,0,1.0,400,,0.9825,0.9825,4,7,1.3,0.12410908385093168,5,1.0,nan,0,0,0.0,28.03901400011455,0.9865256694524988,0.980812937062937,0.9830270232280283,0.0,0.0,0.0,7.000000000000001
500,500,healthy,0.5,S0-QoS,default,class_size_desc,3,0,1.0,400,,0.9825,0.9825,4,7,1.3,0.12410908385093168,5,1.0,nan,0,0,0.0,27.192167000066547,1.0,1.0,0.964824120603015,0.0,0.0,0.0,7.0
500,500,healthy,0.5,S1,default,class_size_desc,3,0,1.0,400,,0.99,0.99,0,0,1.0,0.121546259175607,5,1.0,nan,0,0,0.0,49.784025000008114,1.0,1.0,0.9798994974874372,0.0,2.0,2.0,0.0
500,500,healthy,0.5,S2,default,class_size_desc,3,0,1.0,400,,0.995,0.995,0,0,1.0,0.12205806747600226,5,1.0,nan,0,0,0.0,48.66017700010161,1.0,1.0,0.9899497487437185,0.0,2.0,0.0,0.0
500,500,healthy,0.75,S0,default,class_size_desc,3,0,1.0,548,,0.9416058394160584,0.9416058394160584,9,32,1.7,0.16955436194240542,13,1.0,nan,0,0,0.0,37.0471290000296,0.959966039707419,0.9407771785222766,0.9383726245845181,0.0,0.0,0.0,31.999999999999996
500,500,healthy,0.75,S0-QoS,default,class_size_desc,3,0,1.0,548,,0.9416058394160584,0.9416058394160584,9,32,1.7,0.16955436194240542,13,1.0,nan,0,0,0.0,43.30987399998776,1.0,0.9953703703703703,0.8868613138686131,0.0,0.0,0.0,32.0
500,500,healthy,0.75,S1,default,class_size_desc,3,0,1.0,548,,0.9726277372262774,0.9726277372262774,0,0,1.0,0.1595723814229249,13,1.0012507817385867,nan,0,0,0.0,90.8176899999944,1.0,0.9953703703703703,0.948905109489051,0.0,9.0,6.0,0.0
500,500,healthy,0.75,S2,default,class_size_desc,3,0,1.0,548,,0.9835766423357665,0.9835766423357665,0,0,1.0,0.16110780632411068,13,1.0012368583797155,nan,0,0,0.0,74.48279599998386,1.0,1.0,0.9671532846715328,0.0,9.0,0.0,0.0
500,500,healthy,1.0,S0,default,class_size_desc,3,0,1.0,676,,0.8795200525969756,0.8795200525969756,17,84,2.1,0.2087510163749294,24,1.0,nan,0,0,0.0,31.11893000004784,0.8721857545817323,0.8843764469149702,0.8772244250117027,0.0,0.0,0.0,81.44444444444444
500,500,healthy,1.0,S0-QoS,default,class_size_desc,3,0,1.0,676,,0.8792708532162626,0.8792708532162626,17,84,2.1,0.2087510163749294,24,1.0,nan,0,0,0.0,30.512713999996777,1.0,0.9812734082397003,0.7733346058408093,0.0,0.0,0.0,81.61290322580645
500,500,healthy,1.0,S1,default,class_size_desc,3,0,1.0,676,,0.9437869822485208,0.9437869822485208,0,0,1.0,0.19011165302089214,24,1.0099268547544409,nan,0,0,0.0,67.31620499999735,1.0,0.9812734082397003,0.9023668639053254,0.0,16.0,22.0,0.0
500,500,healthy,1.0,S2,default,class_size_desc,3,0,1.0,676,,0.9763313609467456,0.9763313609467456,0,0,1.0,0.197363869282891,24,1.0146464646464646,nan,0,0,0.0,58.14858200005801,1.0,0.9962546816479401,0.9556213017751479,0.0,16.0,0.0,0.0
500,500,healthy,1.0,S2,lambda=0.5xmean,class_size_desc,3,1,1.0,676,,0.9763313609467456,0.9763313609467456,0,0,1.0,0.23314226425748164,5,1.2050505050505051,nan,0,0,0.0,88.36371799998233,1.0,0.9962546816479401,0.9556213017751479,0.0,16.0,0.0,0.0
500,500,healthy,1.0,S2,lambda=1xmean,class_size_desc,3,2,1.0,676,,0.9763313609467456,0.9763313609467456,0,0,1.0,0.24876100367024281,3,1.2606060606060605,nan,0,0,0.0,60.503658000016,1.0,0.9962546816479401,0.9556213017751479,0.0,16.0,0.0,0.0
500,500,healthy,1.0,S2,lambda=2xmean,class_size_desc,3,4,1.0,676,,0.9763313609467456,0.9763313609467456,0,0,1.0,0.27748639186900054,4,1.3494949494949495,nan,0,0,0.0,59.46170400011397,1.0,0.9962546816479401,0.9556213017751479,0.0,16.0,0.0,0.0
500,500,healthy,1.0,S2,max_paths=1,class_size_desc,1,0,1.0,676,,0.9467455621301775,0.9467455621301775,0,0,1.0,0.18999594155844157,24,1.0083333333333333,nan,0,0,0.0,70.61945999998898,1.0,0.9850187265917603,0.9053254437869822,0.0,16.0,20.0,0.0
500,500,healthy,1.0,S2,max_paths=2,class_size_desc,2,0,1.0,676,,0.9763313609467456,0.9763313609467456,0,0,1.0,0.197363869282891,24,1.0146464646464646,nan,0,0,0.0,61.783970000078625,1.0,0.9962546816479401,0.9556213017751479,0.0,16.0,0.0,0.0
500,500,healthy,1.0,S2,max_paths=4,class_size_desc,4,0,1.0,676,,0.9763313609467456,0.9763313609467456,0,0,1.0,0.197363869282891,24,1.0146464646464646,nan,0,0,0.0,55.895106000207306,1.0,0.9962546816479401,0.9556213017751479,0.0,16.0,0.0,0.0
500,500,healthy,1.0,S2,order=arrival,arrival,3,0,1.0,676,,0.9763313609467456,0.9763313609467456,0,0,1.0,0.197363869282891,24,1.0146464646464646,nan,0,0,0.0,55.93677399997432,1.0,0.9962546816479401,0.9556213017751479,0.0,16.0,0.0,0.0
500,500,healthy,1.0,S2,order=class_size_asc,class_size_asc,3,0,1.0,676,,0.9763313609467456,0.9763313609467456,0,0,1.0,0.197363869282891,24,1.0146464646464646,nan,0,0,0.0,58.92265400007091,1.0,0.9962546816479401,0.9556213017751479,0.0,16.0,0.0,0.0
500,500,healthy,1.0,S2,util_cap=0.9,class_size_desc,3,0,0.9,676,,0.9733727810650887,0.9733727810650887,0,0,0.9,0.2001924477696217,0,1.0319148936170213,nan,0,0,0.0,57.318084999906205,1.0,0.9925093632958801,0.9526627218934911,0.0,18.0,0.0,0.0
500,500,healthy,1.25,S0,default,class_size_desc,3,0,1.0,864,,0.7453039415820315,0.7453039415820315,33,275,2.7,0.2670589779785432,37,1.0,nan,0,0,0.0,30.9910599999057,0.7116382442494058,0.7539171380982533,0.7456945835706568,0.0,0.0,0.0,220.05739447312482
500,500,healthy,1.25,S0-QoS,default,class_size_desc,3,0,1.0,864,,0.7433705461790905,0.7433705461790905,33,275,2.7,0.2670589779785432,37,1.0,nan,0,0,0.0,28.891883999904167,1.0,0.95,0.5260929442100328,0.0,0.0,0.0,221.7278481012658
500,500,healthy,1.25,S1,default,class_size_desc,3,0,1.0,864,,0.9004629629629629,0.9004629629629629,0,0,1.0,0.23710830745341616,37,1.035132819194516,nan,0,0,0.0,98.9413649999733,1.0,0.9794117647058823,0.8171296296296297,0.0,28.0,58.0,0.0
500,500,healthy,1.25,S2,default,class_size_desc,3,0,1.0,864,,0.9675925925925926,0.9675925925925926,0,0,1.0,0.2637166643139469,40,1.0701754385964912,nan,0,0,0.0,66.11564300010286,1.0,0.9882352941176471,0.9444444444444444,0.0,28.0,0.0,0.0
500,500,healthy,1.5,S0,default,class_size_desc,3,0,1.0,1076,,0.603580514039028,0.603580514039028,39,588,3.3,0.3328601002258611,41,1.0,nan,0,0,0.0,30.683483999837335,0.5710006588041713,0.610246102846616,0.6050753694681973,0.0,0.0,0.0,426.54736689400585
500,500,healthy,1.5,S0-QoS,default,class_size_desc,3,0,1.0,1076,,0.6001205780893542,0.6001205780893542,39,588,3.3,0.3328601002258611,41,1.0,nan,0,0,0.0,29.75979100006043,1.0,0.892271662763466,0.28441292741926444,0.0,0.0,0.0,430.270257975855
500,500,healthy,1.5,S1,default,class_size_desc,3,0,1.0,1076,,0.8438661710037175,0.8438661710037175,0,0,1.0,0.2925379446640316,49,1.0987518355359764,nan,0,0,0.0,99.6556549998786,1.0,0.9344262295081968,0.7392923649906891,0.0,41.0,127.0,0.0
500,500,healthy,1.5,S2,default,class_size_desc,3,0,1.0,1076,,0.9488847583643123,0.9488847583643123,0,0,1.0,0.34421060135516657,59,1.15932092719556,nan,0,0,0.0,78.93412299995362,1.0,0.9765807962529274,0.9162011173184358,0.0,55.0,0.0,0.0
500,500,healthy,2.0,S0,default,class_size_desc,3,0,1.0,1352,,0.4798263301869071,0.4798263301869071,42,1062,4.2,0.4175020327498588,42,1.0,nan,0,0,0.0,33.11931200005347,0.4564320173946467,0.48577368938049925,0.48004245830395265,0.0,0.0,0.0,703.2748015873016
500,500,healthy,2.0,S0-QoS,default,class_size_desc,3,0,1.0,1352,,0.4772976809515271,0.4772976809515271,42,1062,4.2,0.4175020327498588,42,1.0,nan,0,0,0.0,35.845886000061,1.0,0.77819392426134,0.12980903711672942,0.0,0.0,0.0,706.6935353535354
500,500,healthy,2.0,S1,default,class_size_desc,3,0,1.0,1352,,0.7958579881656804,0.7958579881656804,0,0,1.0,0.3686619706380576,67,1.184634448574969,nan,0,0,0.0,96.10663900002692,1.0,0.8838951310861424,0.6834319526627219,0.0,116.0,160.0,0.0
500,500,healthy,2.0,S2,default,class_size_desc,3,0,1.0,1352,,0.8668639053254438,0.8668639053254438,0,0,1.0,0.4157310559006211,81,1.2377701934015928,nan,0,0,0.0,102.48985999987781,1.0,0.9662921348314607,0.7603550295857988,0.0,180.0,0.0,0.0
500,500,uplink,0.5,S0,default,class_size_desc,3,0,1.0,400,L6,0.955,0.955,7,18,1.6,0.13637548435808308,8,1.0628272251308901,0.8674698795180723,37,83,0.0,30.436641000051168,0.930005969640116,0.9557728729603729,0.9595281184477165,0.0,0.0,0.0,18.0
500,500,uplink,0.5,S0-QoS,default,class_size_desc,3,0,1.0,400,L6,0.955,0.955,7,18,1.6,0.13637548435808308,8,1.0628272251308901,0.8674698795180723,37,83,0.0,29.89440399983323,1.0,1.0,0.9095477386934674,0.0,0.0,0.0,18.0
500,500,uplink,0.5,S1,default,class_size_desc,3,0,1.0,400,L6,0.985,0.985,0,0,1.0,0.13137892472505555,8,1.0685279187817258,0.9759036144578314,37,81,0.0,52.90268399994602,1.0,1.0,0.9698492462311558,0.0,2.0,4.0,0.0
500,500,uplink,0.5,S2,default,class_size_desc,3,0,1.0,400,L6,0.995,0.995,0,0,1.0,0.13250355433358027,8,1.0695142378559463,1.0,37,83,0.0,55.36571399989043,1.0,1.0,0.9899497487437185,0.0,2.0,0.0,0.0
500,500,uplink,0.75,S0,default,class_size_desc,3,0,1.0,548,L6,0.8905109489051095,0.8905109489051095,12,60,2.2,0.18691069291697532,15,1.0587431693989071,0.7543859649122807,37,116,0.0,32.0592040000065,0.8465391477495139,0.8935820156795389,0.8973978614735321,0.0,0.0,0.0,60.0
500,500,uplink,0.75,S0-QoS,default,class_size_desc,3,0,1.0,548,L6,0.8905109489051095,0.8905109489051095,12,60,2.2,0.18691069291697532,15,1.0587431693989071,0.7543859649122807,37,116,0.0,29.318023000087123,1.0,0.9722222222222222,0.8029197080291971,0.0,0.0,0.0,60.0
500,500,uplink,0.75,S1,default,class_size_desc,3,0,1.0,548,L6,0.9616788321167883,0.9616788321167883,0,0,1.0,0.16969558806769616,16,1.0695762175838077,0.9473684210526315,37,110,0.0,60.37880500002757,1.0,0.9814814814814815,0.9379562043795621,0.0,9.0,12.0,0.0
500,500,uplink,0.75,S2,default,class_size_desc,3,0,1.0,548,L6,0.9835766423357665,0.9835766423357665,0,0,1.0,0.17418820872984217,16,1.0754483611626469,1.0,37,116,0.0,53.17385299986199,1.0,1.0,0.9671532846715328,0.0,9.0,0.0,0.0
500,500,uplink,1.0,S0,default,class_size_desc,3,0,1.0,676,L6,0.8313609467455622,0.8313609467455622,17,114,2.7,0.22997022622371646,24,1.0581257413997627,0.7506382978723405,37,144,0.0,30.358343999978388,0.7642012938722257,0.8386108881629271,0.8397414230638178,0.0,0.0,0.0,114.0
500,500,uplink,1.0,S0-QoS,default,class_size_desc,3,0,1.0,676,L6,0.8313609467455622,0.8313609467455622,17,114,2.7,0.22997022622371646,24,1.0581257413997627,0.7516081147946561,37,144,0.0,29.064477000019906,1.0,0.9325842696629213,0.7159763313609467,0.0,0.0,0.0,114.0
500,500,uplink,1.0,S1,default,class_size_desc,3,0,1.0,676,L6,0.9378698224852071,0.9378698224852071,0,0,1.0,0.2058402971679298,26,1.090956887486856,0.9696969696969697,38,137,0.0,62.56272999985413,1.0,0.9700374531835206,0.8994082840236687,0.0,16.0,26.0,0.0
500,500,uplink,1.0,S2,default,class_size_desc,3,0,1.0,676,L6,0.9763313609467456,0.9763313609467456,0,0,1.0,0.21496110177218075,24,1.097979797979798,1.0,37,144,0.0,56.2017110000852,1.0,0.9962546816479401,0.9556213017751479,0.0,16.0,0.0,0.0
500,500,uplink,1.0,S2,lambda=0.5xmean,class_size_desc,3,1,1.0,676,L6,0.9763313609467456,0.9763313609467456,0,0,1.0,0.25442572226337684,8,1.2742424242424242,1.0,54,179,0.0,57.26761000005354,1.0,0.9962546816479401,0.9556213017751479,0.0,16.0,0.0,0.0
500,500,uplink,1.0,S2,lambda=1xmean,class_size_desc,3,2,1.0,676,L6,0.9763313609467456,0.9763313609467456,0,0,1.0,0.2755806242520941,6,1.3343434343434344,1.0,83,294,0.0,65.59129000015673,1.0,0.9962546816479401,0.9556213017751479,0.0,16.0,0.0,0.0
500,500,uplink,1.0,S2,lambda=2xmean,class_size_desc,3,4,1.0,676,L6,0.9763313609467456,0.9763313609467456,0,0,1.0,0.2827704213915323,8,1.3636363636363635,1.0,77,277,0.0,61.023703999808276,1.0,0.9962546816479401,0.9556213017751479,0.0,16.0,0.0,0.0
500,500,uplink,1.0,S2,max_paths=1,class_size_desc,1,0,1.0,676,L6,0.9393491124260355,0.9393491124260355,0,0,1.0,0.20503709613083368,23,1.0881889763779529,0.9621212121212122,37,135,0.0,67.60992599993187,1.0,0.9737827715355806,0.8994082840236687,0.0,16.0,25.0,0.0
500,500,uplink,1.0,S2,max_paths=2,class_size_desc,2,0,1.0,676,L6,0.9763313609467456,0.9763313609467456,0,0,1.0,0.21496110177218075,24,1.097979797979798,1.0,37,144,0.0,56.201639999926556,1.0,0.9962546816479401,0.9556213017751479,0.0,16.0,0.0,0.0
500,500,uplink,1.0,S2,max_paths=4,class_size_desc,4,0,1.0,676,L6,0.9763313609467456,0.9763313609467456,0,0,1.0,0.21496110177218075,24,1.097979797979798,1.0,37,144,0.0,60.67317599990929,1.0,0.9962546816479401,0.9556213017751479,0.0,16.0,0.0,0.0
500,500,uplink,1.0,S2,order=arrival,arrival,3,0,1.0,676,L6,0.9763313609467456,0.9763313609467456,0,0,1.0,0.2158785329648413,26,1.1,1.0,39,151,0.0,56.608633999985614,1.0,0.9962546816479401,0.9556213017751479,0.0,16.0,0.0,0.0
500,500,uplink,1.0,S2,order=class_size_asc,class_size_asc,3,0,1.0,676,L6,0.9763313609467456,0.9763313609467456,0,0,1.0,0.2149698273405892,25,1.097979797979798,1.0,37,144,0.0,54.62774900001932,1.0,0.9962546816479401,0.9556213017751479,0.0,16.0,0.0,0.0
500,500,uplink,1.0,S2,util_cap=0.9,class_size_desc,3,0,0.9,676,L6,0.9733727810650887,0.9733727810650887,0,0,0.9,0.2214328095617984,0,1.127659574468085,1.0,43,152,0.0,57.890287999953216,1.0,0.9925093632958801,0.9526627218934911,0.0,18.0,0.0,0.0
500,500,uplink,1.25,S0,default,class_size_desc,3,0,1.0,864,L6,0.70889253017062,0.70889253017062,34,275,3.3,0.2941125990084905,38,1.0544232662520714,0.7606907894736842,37,185,0.0,31.98829100006151,0.6280338635685634,0.7189171361205637,0.7182226952271209,0.0,0.0,0.0,251.51685393258427
500,500,uplink,1.25,S0-QoS,default,class_size_desc,3,0,1.0,864,L6,0.7089120370370371,0.7089120370370371,34,275,3.3,0.2941125990084905,38,1.054421768707483,0.7705813499804917,37,185,0.0,32.99486900004922,1.0,0.8735294117647059,0.5173611111111112,0.0,0.0,0.0,251.5
500,500,uplink,1.25,S1,default,class_size_desc,3,0,1.0,864,L6,0.9016203703703703,0.9016203703703703,0,0,1.0,0.2646257051683857,40,1.1322207958921695,0.9928571428571429,42,185,0.0,97.45464699994955,1.0,0.9411764705882353,0.8495370370370371,0.0,28.0,57.0,0.0
500,500,uplink,1.25,S2,default,class_size_desc,3,0,1.0,864,L6,0.9675925925925926,0.9675925925925926,0,0,1.0,0.3028344777480198,47,1.1921850079744816,1.0,50,217,0.0,58.32056500003091,1.0,0.9882352941176471,0.9444444444444444,0.0,28.0,0.0,0.0
500,500,uplink,1.5,S0,default,class_size_desc,3,0,1.0,1076,L6,0.5751672359491864,0.5751672359491864,39,564,4.3,0.36634571058179954,41,1.053860742386578,0.7658569500674763,37,227,0.0,34.79952400016373,0.5073847432935984,0.5834774761890033,0.5826964102415962,0.0,0.0,0.0,457.12005411867545
500,500,uplink,1.5,S0-QoS,default,class_size_desc,3,0,1.0,1076,L6,0.5751684546242195,0.5751684546242195,39,564,4.3,0.36634571058179954,41,1.0538606282656775,0.7883420926899188,37,227,0.0,30.838915999993333,1.0,0.8173302107728337,0.29400606550402264,0.0,0.0,0.0,457.11874282433985
500,500,uplink,1.5,S1,default,class_size_desc,3,0,1.0,1076,L6,0.8234200743494424,0.8234200743494424,0,0,1.0,0.3268865533648641,54,1.2061700526711814,0.9142857142857143,56,257,0.0,97.29778299993086,1.0,0.8969555035128806,0.7281191806331471,0.0,47.0,143.0,0.0
500,500,uplink,1.5,S2,default,class_size_desc,3,0,1.0,1076,L6,0.9061338289962825,0.9061338289962825,0,0,1.0,0.38840318536668755,65,1.2943589743589743,1.0,73,324,0.0,94.23942700004773,1.0,0.9765807962529274,0.8305400372439479,0.0,101.0,0.0,0.0
500,500,uplink,2.0,S0,default,class_size_desc,3,0,1.0,1352,L6,0.45722606720202874,0.45722606720202874,42,1002,5.4,0.4599404524474329,42,1.0539226306540526,0.7659574468085106,37,288,0.0,30.384884000113743,0.4046636565728808,0.4641722031249193,0.4627802472708386,0.0,0.0,0.0,733.8303571428571
500,500,uplink,2.0,S0-QoS,default,class_size_desc,3,0,1.0,1352,L6,0.45776166141550756,0.45776166141550756,42,1002,5.4,0.4599404524474329,42,1.0533978864397486,0.7896333754740834,37,288,0.0,37.272211000072275,0.971830985915493,0.7303370786516854,0.13445823407361868,0.0,0.0,0.0,733.1062337662338
500,500,uplink,2.0,S1,default,class_size_desc,3,0,1.0,1352,L6,0.7529585798816568,0.7529585798816568,0,0,1.0,0.4034894011054761,74,1.3045186640471513,1.0142857142857142,66,322,4.0,114.13992799998596,0.971830985915493,0.8838951310861424,0.6035502958579881,0.0,170.0,164.0,0.0
500,500,uplink,2.0,S2,default,class_size_desc,3,0,1.0,1352,L6,0.7825443786982249,0.7825443786982249,0,0,1.0,0.44302064220183485,87,1.3635790800252048,1.0,74,362,0.0,99.04782499984321,1.0,0.9662921348314607,0.591715976331361,0.0,290.0,4.0,0.0
500,500,multi,0.5,S0,default,class_size_desc,3,0,1.0,400,L15;L47;L63,0.9825,0.9825,4,7,1.3,0.12758877779067743,5,1.0,nan,0,0,0.0,30.097815000090122,0.9865256694524988,0.980812937062937,0.9830270232280283,0.0,0.0,0.0,7.000000000000001
500,500,multi,0.5,S0-QoS,default,class_size_desc,3,0,1.0,400,L15;L47;L63,0.9825,0.9825,4,7,1.3,0.12758877779067743,5,1.0,nan,0,0,0.0,27.883923999979743,1.0,1.0,0.964824120603015,0.0,0.0,0.0,7.0
500,500,multi,0.5,S1,default,class_size_desc,3,0,1.0,400,L15;L47;L63,0.99,0.99,0,0,1.0,0.12495409821791374,5,1.0,nan,0,0,0.0,57.758190000186005,1.0,1.0,0.9798994974874372,0.0,2.0,2.0,0.0
500,500,multi,0.5,S2,default,class_size_desc,3,0,1.0,400,L15;L47;L63,0.995,0.995,0,0,1.0,0.12548025628374063,5,1.0,nan,0,0,0.0,54.871987000069566,1.0,1.0,0.9899497487437185,0.0,2.0,0.0,0.0
500,500,multi,0.75,S0,default,class_size_desc,3,0,1.0,548,L15;L47;L63,0.9416058394160584,0.9416058394160584,9,32,1.7,0.17430822255761305,13,1.0,nan,0,0,0.0,29.020133999893005,0.959966039707419,0.9407771785222766,0.9383726245845181,0.0,0.0,0.0,31.999999999999996
500,500,multi,0.75,S0-QoS,default,class_size_desc,3,0,1.0,548,L15;L47;L63,0.9416058394160584,0.9416058394160584,9,32,1.7,0.17430822255761305,13,1.0,nan,0,0,0.0,32.57678499994654,1.0,0.9953703703703703,0.8868613138686131,0.0,0.0,0.0,32.0
500,500,multi,0.75,S1,default,class_size_desc,3,0,1.0,548,L15;L47;L63,0.9726277372262774,0.9726277372262774,0,0,1.0,0.16404637342543682,13,1.0012507817385867,nan,0,0,0.0,62.70394599982865,1.0,0.9953703703703703,0.948905109489051,0.0,9.0,6.0,0.0
500,500,multi,0.75,S2,default,class_size_desc,3,0,1.0,548,L15;L47;L63,0.9835766423357665,0.9835766423357665,0,0,1.0,0.16562484762291751,13,1.0012368583797155,nan,0,0,0.0,73.11849699999584,1.0,1.0,0.9671532846715328,0.0,9.0,0.0,0.0
500,500,multi,1.0,S0,default,class_size_desc,3,0,1.0,676,L15;L47;L63,0.8795200525969756,0.8795200525969756,17,84,2.1,0.21460384860974052,24,1.0,nan,0,0,0.0,29.789377000042805,0.8721857545817323,0.8843764469149702,0.8772244250117027,0.0,0.0,0.0,81.44444444444444
500,500,multi,1.0,S0-QoS,default,class_size_desc,3,0,1.0,676,L15;L47;L63,0.8792708532162626,0.8792708532162626,17,84,2.1,0.21460384860974052,24,1.0,nan,0,0,0.0,31.131653999864284,1.0,0.9812734082397003,0.7733346058408093,0.0,0.0,0.0,81.61290322580645
500,500,multi,1.0,S1,default,class_size_desc,3,0,1.0,676,L15;L47;L63,0.9437869822485208,0.9437869822485208,0,0,1.0,0.19544188628316014,24,1.0099268547544409,nan,0,0,0.0,78.10121100010292,1.0,0.9812734082397003,0.9023668639053254,0.0,16.0,22.0,0.0
500,500,multi,1.0,S2,default,class_size_desc,3,0,1.0,676,L15;L47;L63,0.9763313609467456,0.9763313609467456,0,0,1.0,0.2029130797585186,24,1.0151515151515151,1.0,1,1,0.0,54.10999800005811,1.0,0.9962546816479401,0.9556213017751479,0.0,16.0,0.0,0.0
500,500,multi,1.0,S2,lambda=0.5xmean,class_size_desc,3,1,1.0,676,L15;L47;L63,0.9763313609467456,0.9763313609467456,0,0,1.0,0.2364073039414872,5,1.1777777777777778,1.0,22,83,0.0,57.98298099989552,1.0,0.9962546816479401,0.9556213017751479,0.0,16.0,0.0,0.0
500,500,multi,1.0,S2,lambda=1xmean,class_size_desc,3,2,1.0,676,L15;L47;L63,0.9763313609467456,0.9763313609467456,0,0,1.0,0.2611497213676206,5,1.2525252525252526,1.0,23,92,0.0,59.59610700006124,1.0,0.9962546816479401,0.9556213017751479,0.0,16.0,0.0,0.0
500,500,multi,1.0,S2,lambda=2xmean,class_size_desc,3,4,1.0,676,L15;L47;L63,0.9763313609467456,0.9763313609467456,0,0,1.0,0.28205405032797354,6,1.3151515151515152,1.0,33,133,0.0,58.446369999956005,1.0,0.9962546816479401,0.9556213017751479,0.0,16.0,0.0,0.0
500,500,multi,1.0,S2,max_paths=1,class_size_desc,1,0,1.0,676,L15;L47;L63,0.9467455621301775,0.9467455621301775,0,0,1.0,0.1953229305740988,24,1.0083333333333333,nan,0,0,0.0,76.91397500002495,1.0,0.9850187265917603,0.9053254437869822,0.0,16.0,20.0,0.0
500,500,multi,1.0,S2,max_paths=2,class_size_desc,2,0,1.0,676,L15;L47;L63,0.9763313609467456,0.9763313609467456,0,0,1.0,0.2029130797585186,24,1.0151515151515151,1.0,1,1,0.0,60.0683120001122,1.0,0.9962546816479401,0.9556213017751479,0.0,16.0,0.0,0.0
500,500,multi,1.0,S2,max_paths=4,class_size_desc,4,0,1.0,676,L15;L47;L63,0.9763313609467456,0.9763313609467456,0,0,1.0,0.2029130797585186,24,1.0151515151515151,1.0,1,1,0.0,61.978445000022475,1.0,0.9962546816479401,0.9556213017751479,0.0,16.0,0.0,0.0
500,500,multi,1.0,S2,order=arrival,arrival,3,0,1.0,676,L15;L47;L63,0.9763313609467456,0.9763313609467456,0,0,1.0,0.2029130797585186,24,1.0151515151515151,1.0,1,1,0.0,59.111097000140944,1.0,0.9962546816479401,0.9556213017751479,0.0,16.0,0.0,0.0
500,500,multi,1.0,S2,order=class_size_asc,class_size_asc,3,0,1.0,676,L15;L47;L63,0.9763313609467456,0.9763313609467456,0,0,1.0,0.2029130797585186,24,1.0151515151515151,1.0,1,1,0.0,53.29695399996126,1.0,0.9962546816479401,0.9556213017751479,0.0,16.0,0.0,0.0
500,500,multi,1.0,S2,util_cap=0.9,class_size_desc,3,0,0.9,676,L15;L47;L63,0.9718934911242604,0.9718934911242604,0,0,0.9,0.2053469118244616,0,1.032470826991375,0.875,2,3,0.0,58.09653500000422,1.0,0.9925093632958801,0.9497041420118343,0.0,19.0,0.0,0.0
500,500,multi,1.25,S0,default,class_size_desc,3,0,1.0,864,L15;L47;L63,0.7453039415820315,0.7453039415820315,33,275,2.7,0.2745466128751379,37,1.0,nan,0,0,0.0,29.5129790001738,0.7116382442494058,0.7539171380982533,0.7456945835706568,0.0,0.0,0.0,220.05739447312482
500,500,multi,1.25,S0-QoS,default,class_size_desc,3,0,1.0,864,L15;L47;L63,0.7433705461790905,0.7433705461790905,33,275,2.7,0.2745466128751379,37,1.0,nan,0,0,0.0,28.353814999945826,1.0,0.95,0.5260929442100328,0.0,0.0,0.0,221.7278481012658
500,500,multi,1.25,S1,default,class_size_desc,3,0,1.0,864,L15;L47;L63,0.8981481481481481,0.8981481481481481,0,0,1.0,0.2427455230161955,37,1.0335051546391754,0.0,1,0,0.0,70.9600490001776,1.0,0.9794117647058823,0.8125,0.0,32.0,56.0,0.0
500,500,multi,1.25,S2,default,class_size_desc,3,0,1.0,864,L15;L47;L63,0.9629629629629629,0.9629629629629629,0,0,1.0,0.26904653305857085,40,1.0685096153846154,0.7777777777777778,4,10,0.0,54.44217100011883,1.0,0.9882352941176471,0.9351851851851852,0.0,32.0,0.0,0.0
500,500,multi,1.5,S0,default,class_size_desc,3,0,1.0,1076,L15;L47;L63,0.603580514039028,0.603580514039028,39,588,3.3,0.342192626400418,41,1.0,nan,0,0,0.0,27.949115999945207,0.5710006588041713,0.610246102846616,0.6050753694681973,0.0,0.0,0.0,426.54736689400585
500,500,multi,1.5,S0-QoS,default,class_size_desc,3,0,1.0,1076,L15;L47;L63,0.6001205780893542,0.6001205780893542,39,588,3.3,0.342192626400418,41,1.0,nan,0,0,0.0,28.197191000117527,1.0,0.892271662763466,0.28441292741926444,0.0,0.0,0.0,430.270257975855
500,500,multi,1.5,S1,default,class_size_desc,3,0,1.0,1076,L15;L47;L63,0.8345724907063197,0.8345724907063197,0,0,1.0,0.29544682765426367,48,1.0920564216778026,0.47368421052631576,6,19,0.0,92.36104499996145,1.0,0.9344262295081968,0.7206703910614525,0.0,52.0,126.0,0.0
500,500,multi,1.5,S2,default,class_size_desc,3,0,1.0,1076,L15;L47;L63,0.9368029739776952,0.9368029739776952,0,0,1.0,0.34765987983978636,58,1.1547619047619047,0.5806451612903226,7,15,0.0,68.98395300004267,1.0,0.9742388758782201,0.8938547486033519,0.0,68.0,0.0,0.0
500,500,multi,2.0,S0,default,class_size_desc,3,0,1.0,1352,L15;L47;L63,0.4798263301869071,0.4798263301869071,42,1062,4.2,0.42920769721948104,42,1.0,nan,0,0,0.0,30.93949399999474,0.4564320173946467,0.48577368938049925,0.48004245830395265,0.0,0.0,0.0,703.2748015873016
500,500,multi,2.0,S0-QoS,default,class_size_desc,3,0,1.0,1352,L15;L47;L63,0.4772976809515271,0.4772976809515271,42,1062,4.2,0.42920769721948104,42,1.0,nan,0,0,0.0,28.08797600005164,1.0,0.77819392426134,0.12980903711672942,0.0,0.0,0.0,706.6935353535354
500,500,multi,2.0,S1,default,class_size_desc,3,0,1.0,1352,L15;L47;L63,0.7781065088757396,0.7781065088757396,0,0,1.0,0.36974165554072097,67,1.179974651457541,0.6666666666666666,6,22,0.0,120.34375400003228,1.0,0.8838951310861424,0.6479289940828402,0.0,144.0,156.0,0.0
500,500,multi,2.0,S2,default,class_size_desc,3,0,1.0,1352,L15;L47;L63,0.8520710059171598,0.8520710059171598,0,0,1.0,0.438716955941255,82,1.2685185185185186,0.7931034482758621,19,72,0.0,92.05416899999364,1.0,0.9550561797752809,0.7396449704142012,0.0,200.0,0.0,0.0
500,500,recovered,0.5,S0,default,class_size_desc,3,0,1.0,400,,0.9825,0.9825,4,7,1.3,0.12410908385093168,5,1.0,nan,12,27,0.0,29.281665000098656,0.9865256694524988,0.980812937062937,0.9830270232280283,0.0,0.0,0.0,7.000000000000001
500,500,recovered,0.5,S0-QoS,default,class_size_desc,3,0,1.0,400,,0.9825,0.9825,4,7,1.3,0.12410908385093168,5,1.0,nan,12,27,0.0,32.30396300000393,1.0,1.0,0.964824120603015,0.0,0.0,0.0,7.0
500,500,recovered,0.5,S1,default,class_size_desc,3,0,1.0,400,,0.99,0.99,0,0,1.0,0.121546259175607,5,1.0,nan,14,30,0.0,58.45898400002625,1.0,1.0,0.9798994974874372,0.0,2.0,2.0,0.0
500,500,recovered,0.5,S2,default,class_size_desc,3,0,1.0,400,,0.995,0.995,0,0,1.0,0.12205806747600226,5,1.0,nan,14,30,0.0,50.88430900013918,1.0,1.0,0.9899497487437185,0.0,2.0,0.0,0.0
500,500,recovered,0.75,S0,default,class_size_desc,3,0,1.0,548,,0.9416058394160584,0.9416058394160584,9,32,1.7,0.16955436194240542,13,1.0,nan,12,37,0.0,31.02592700020068,0.959966039707419,0.9407771785222766,0.9383726245845181,0.0,0.0,0.0,31.999999999999996
500,500,recovered,0.75,S0-QoS,default,class_size_desc,3,0,1.0,548,,0.9416058394160584,0.9416058394160584,9,32,1.7,0.16955436194240542,13,1.0,nan,12,37,0.0,30.03812400015704,1.0,0.9953703703703703,0.8868613138686131,0.0,0.0,0.0,32.0
500,500,recovered,0.75,S1,default,class_size_desc,3,0,1.0,548,,0.9726277372262774,0.9726277372262774,0,0,1.0,0.1595723814229249,13,1.0012507817385867,nan,16,45,0.0,57.874257000094076,1.0,0.9953703703703703,0.948905109489051,0.0,9.0,6.0,0.0
500,500,recovered,0.75,S2,default,class_size_desc,3,0,1.0,548,,0.9835766423357665,0.9835766423357665,0,0,1.0,0.16110780632411068,13,1.0012368583797155,nan,16,45,0.0,69.65204600010111,1.0,1.0,0.9671532846715328,0.0,9.0,0.0,0.0
500,500,recovered,1.0,S0,default,class_size_desc,3,0,1.0,676,,0.8795200525969756,0.8795200525969756,17,84,2.1,0.2087510163749294,24,1.0,nan,12,47,0.0,29.904051999892545,0.8721857545817323,0.8843764469149702,0.8772244250117027,0.0,0.0,0.0,81.44444444444444
500,500,recovered,1.0,S0-QoS,default,class_size_desc,3,0,1.0,676,,0.8792708532162626,0.8792708532162626,17,84,2.1,0.2087510163749294,24,1.0,nan,12,47,0.0,29.955218999930366,1.0,0.9812734082397003,0.7733346058408093,0.0,0.0,0.0,81.61290322580645
500,500,recovered,1.0,S1,default,class_size_desc,3,0,1.0,676,,0.9437869822485208,0.9437869822485208,0,0,1.0,0.19011165302089214,24,1.0099268547544409,nan,20,75,0.0,69.99924699994153,1.0,0.9812734082397003,0.9023668639053254,0.0,16.0,22.0,0.0
500,500,recovered,1.0,S2,default,class_size_desc,3,0,1.0,676,,0.9763313609467456,0.9763313609467456,0,0,1.0,0.197363869282891,24,1.0146464646464646,nan,20,76,0.0,56.0759649999909,1.0,0.9962546816479401,0.9556213017751479,0.0,16.0,0.0,0.0
500,500,recovered,1.0,S2,lambda=0.5xmean,class_size_desc,3,1,1.0,676,,0.9763313609467456,0.9763313609467456,0,0,1.0,0.23314226425748164,5,1.2050505050505051,nan,55,202,0.0,57.3030559999097,1.0,0.9962546816479401,0.9556213017751479,0.0,16.0,0.0,0.0
500,500,recovered,1.0,S2,lambda=1xmean,class_size_desc,3,2,1.0,676,,0.9763313609467456,0.9763313609467456,0,0,1.0,0.24876100367024281,3,1.2606060606060605,nan,61,216,0.0,61.15110299992921,1.0,0.9962546816479401,0.9556213017751479,0.0,16.0,0.0,0.0
500,500,recovered,1.0,S2,lambda=2xmean,class_size_desc,3,4,1.0,676,,0.9763313609467456,0.9763313609467456,0,0,1.0,0.27748639186900054,4,1.3494949494949495,nan,68,249,0.0,71.16442200003803,1.0,0.9962546816479401,0.9556213017751479,0.0,16.0,0.0,0.0
500,500,recovered,1.0,S2,max_paths=1,class_size_desc,1,0,1.0,676,,0.9467455621301775,0.9467455621301775,0,0,1.0,0.18999594155844157,24,1.0083333333333333,nan,20,67,0.0,81.4529679998941,1.0,0.9850187265917603,0.9053254437869822,0.0,16.0,20.0,0.0
500,500,recovered,1.0,S2,max_paths=2,class_size_desc,2,0,1.0,676,,0.9763313609467456,0.9763313609467456,0,0,1.0,0.197363869282891,24,1.0146464646464646,nan,20,76,0.0,62.43526100001873,1.0,0.9962546816479401,0.9556213017751479,0.0,16.0,0.0,0.0
500,500,recovered,1.0,S2,max_paths=4,class_size_desc,4,0,1.0,676,,0.9763313609467456,0.9763313609467456,0,0,1.0,0.197363869282891,24,1.0146464646464646,nan,20,76,0.0,58.357675000024756,1.0,0.9962546816479401,0.9556213017751479,0.0,16.0,0.0,0.0
500,500,recovered,1.0,S2,order=arrival,arrival,3,0,1.0,676,,0.9763313609467456,0.9763313609467456,0,0,1.0,0.197363869282891,24,1.0146464646464646,nan,20,82,0.0,62.660142999902746,1.0,0.9962546816479401,0.9556213017751479,0.0,16.0,0.0,0.0
500,500,recovered,1.0,S2,order=class_size_asc,class_size_asc,3,0,1.0,676,,0.9763313609467456,0.9763313609467456,0,0,1.0,0.197363869282891,24,1.0146464646464646,nan,20,84,0.0,57.618047999994815,1.0,0.9962546816479401,0.9556213017751479,0.0,16.0,0.0,0.0
500,500,recovered,1.0,S2,util_cap=0.9,class_size_desc,3,0,0.9,676,,0.9733727810650887,0.9733727810650887,0,0,0.9,0.2001924477696217,0,1.0319148936170213,nan,27,98,0.0,59.19762900020942,1.0,0.9925093632958801,0.9526627218934911,0.0,18.0,0.0,0.0
500,500,recovered,1.25,S0,default,class_size_desc,3,0,1.0,864,,0.7453039415820315,0.7453039415820315,33,275,2.7,0.2670589779785432,37,1.0,nan,12,61,0.0,31.574574999922334,0.7116382442494058,0.7539171380982533,0.7456945835706568,0.0,0.0,0.0,220.05739447312482
500,500,recovered,1.25,S0-QoS,default,class_size_desc,3,0,1.0,864,,0.7433705461790905,0.7433705461790905,33,275,2.7,0.2670589779785432,37,1.0,nan,12,61,0.0,29.358640000054947,1.0,0.95,0.5260929442100328,0.0,0.0,0.0,221.7278481012658
500,500,recovered,1.25,S1,default,class_size_desc,3,0,1.0,864,,0.9004629629629629,0.9004629629629629,0,0,1.0,0.23710830745341616,37,1.035132819194516,nan,28,119,0.0,94.16716200007613,1.0,0.9794117647058823,0.8171296296296297,0.0,28.0,58.0,0.0
500,500,recovered,1.25,S2,default,class_size_desc,3,0,1.0,864,,0.9675925925925926,0.9675925925925926,0,0,1.0,0.2637166643139469,40,1.0701754385964912,nan,38,157,0.0,68.66013500007284,1.0,0.9882352941176471,0.9444444444444444,0.0,28.0,0.0,0.0
500,500,recovered,1.5,S0,default,class_size_desc,3,0,1.0,1076,,0.603580514039028,0.603580514039028,39,588,3.3,0.3328601002258611,41,1.0,nan,12,74,0.0,30.128403000162507,0.5710006588041713,0.610246102846616,0.6050753694681973,0.0,0.0,0.0,426.54736689400585
500,500,recovered,1.5,S0-QoS,default,class_size_desc,3,0,1.0,1076,,0.6001205780893542,0.6001205780893542,39,588,3.3,0.3328601002258611,41,1.0,nan,12,74,0.0,29.260594999868772,1.0,0.892271662763466,0.28441292741926444,0.0,0.0,0.0,430.270257975855
500,500,recovered,1.5,S1,default,class_size_desc,3,0,1.0,1076,,0.8438661710037175,0.8438661710037175,0,0,1.0,0.2925379446640316,49,1.0987518355359764,nan,46,218,0.0,178.84492600001067,1.0,0.9344262295081968,0.7392923649906891,0.0,41.0,127.0,0.0
500,500,recovered,1.5,S2,default,class_size_desc,3,0,1.0,1076,,0.9488847583643123,0.9488847583643123,0,0,1.0,0.34421060135516657,59,1.15932092719556,nan,55,283,0.0,66.09732000015356,1.0,0.9765807962529274,0.9162011173184358,0.0,55.0,0.0,0.0
500,500,recovered,2.0,S0,default,class_size_desc,3,0,1.0,1352,,0.4798263301869071,0.4798263301869071,42,1062,4.2,0.4175020327498588,42,1.0,nan,12,94,0.0,30.997762999959377,0.4564320173946467,0.48577368938049925,0.48004245830395265,0.0,0.0,0.0,703.2748015873016
500,500,recovered,2.0,S0-QoS,default,class_size_desc,3,0,1.0,1352,,0.4772976809515271,0.4772976809515271,42,1062,4.2,0.4175020327498588,42,1.0,nan,12,94,0.0,29.415415999892502,1.0,0.77819392426134,0.12980903711672942,0.0,0.0,0.0,706.6935353535354
500,500,recovered,2.0,S1,default,class_size_desc,3,0,1.0,1352,,0.7958579881656804,0.7958579881656804,0,0,1.0,0.3686619706380576,67,1.184634448574969,nan,49,266,0.0,120.80189300013444,1.0,0.8838951310861424,0.6834319526627219,0.0,116.0,160.0,0.0
500,500,recovered,2.0,S2,default,class_size_desc,3,0,1.0,1352,,0.8668639053254438,0.8668639053254438,0,0,1.0,0.4157310559006211,81,1.2377701934015928,nan,61,376,0.0,106.82939799994529,1.0,0.9662921348314607,0.7603550295857988,0.0,180.0,0.0,0.0
600,600,healthy,0.5,S0,default,class_size_desc,3,0,1.0,368,,0.9809782608695652,0.9809782608695652,5,7,1.2,0.12603531345198013,5,1.0,nan,0,0,0.0,27.386039999782952,0.9758297258297258,0.9826993337631635,0.9808353808353808,0.0,0.0,0.0,7.000000000000001
600,600,healthy,0.5,S0-QoS,default,class_size_desc,3,0,1.0,368,,0.9809782608695652,0.9809782608695652,5,7,1.2,0.12603531345198013,5,1.0,nan,0,0,0.0,26.081744000066465,1.0,1.0,0.9621621621621622,0.0,0.0,0.0,7.0
600,600,healthy,0.5,S1,default,class_size_desc,3,0,1.0,368,,0.9945652173913043,0.9945652173913043,0,0,1.0,0.124083012666346,5,1.0,nan,0,0,0.0,46.47906700006388,1.0,1.0,0.9891891891891892,0.0,0.0,2.0,0.0
600,600,healthy,0.5,S2,default,class_size_desc,3,0,1.0,368,,1.0,1.0,0,0,1.0,0.1246213724547058,5,1.0,nan,0,0,0.0,45.012277000068934,1.0,1.0,1.0,0.0,0.0,0.0,0.0
600,600,healthy,0.75,S0,default,class_size_desc,3,0,1.0,531,,0.911487758945386,0.911487758945386,11,47,1.7,0.18150562670354337,14,1.0,nan,0,0,0.0,40.20372900004077,0.9084257772587944,0.914203930944365,0.9100820989939755,0.0,0.0,0.0,47.0
600,600,healthy,0.75,S0-QoS,default,class_size_desc,3,0,1.0,531,,0.911487758945386,0.911487758945386,11,47,1.7,0.18150562670354337,14,1.0,nan,0,0,0.0,34.86470500001815,1.0,1.0,0.8212927756653993,0.0,0.0,0.0,47.0
600,600,healthy,0.75,S1,default,class_size_desc,3,0,1.0,531,,0.9736346516007532,0.9736346516007532,0,0,1.0,0.16816519861311527,14,1.0,nan,0,0,0.0,53.41525599988017,1.0,1.0,0.9467680608365019,0.0,7.0,7.0,0.0
600,600,healthy,0.75,S2,default,class_size_desc,3,0,1.0,531,,0.9868173258003766,0.9868173258003766,0,0,1.0,0.17003605499438834,14,1.0,nan,0,0,0.0,50.02925500002675,1.0,1.0,0.973384030418251,0.0,7.0,0.0,0.0
600,600,healthy,1.0,S0,default,class_size_desc,3,0,1.0,649,,0.847457627118644,0.847457627118644,20,99,2.2,0.22193575637325638,24,1.0,nan,0,0,0.0,29.24207099999876,0.8371565276828434,0.8525573581904852,0.8459071631980416,0.0,0.0,0.0,99.0
600,600,healthy,1.0,S0-QoS,default,class_size_desc,3,0,1.0,649,,0.847457627118644,0.847457627118644,20,99,2.2,0.22193575637325638,24,1.0,nan,0,0,0.0,28.214834999971572,1.0,0.98,0.7098765432098766,0.0,0.0,0.0,99.0
600,600,healthy,1.0,S1,default,class_size_desc,3,0,1.0,649,,0.926040061633282,0.926040061633282,0,0,1.0,0.19124340628507294,24,1.002218524681087,nan,0,0,0.0,69.84038900009182,1.0,0.984,0.8641975308641975,0.0,13.0,35.0,0.0
600,600,healthy,1.0,S2,default,class_size_desc,3,0,1.0,649,,0.9799691833590138,0.9799691833590138,0,0,1.0,0.20217157687991022,24,1.0083857442348008,nan,0,0,0.0,56.51356599992141,1.0,0.996,0.9629629629629629,0.0,13.0,0.0,0.0
600,600,healthy,1.0,S2,lambda=0.5xmean,class_size_desc,3,1,1.0,649,,0.9799691833590138,0.9799691833590138,0,0,1.0,0.2259367334054834,3,1.180817610062893,nan,0,0,0.0,57.527105999952255,1.0,0.996,0.9629629629629629,0.0,13.0,0.0,0.0
600,600,healthy,1.0,S2,lambda=1xmean,class_size_desc,3,2,1.0,649,,0.9799691833590138,0.9799691833590138,0,0,1.0,0.23718648288439956,2,1.2253668763102725,nan,0,0,0.0,65.54439199999251,1.0,0.996,0.9629629629629629,0.0,13.0,0.0,0.0
600,600,healthy,1.0,S2,lambda=2xmean,class_size_desc,3,4,1.0,649,,0.9799691833590138,0.9799691833590138,0,0,1.0,0.24489664001122335,2,1.2458071278825995,nan,0,0,0.0,56.71171799986041,1.0,0.996,0.9629629629629629,0.0,13.0,0.0,0.0
600,600,healthy,1.0,S2,max_paths=1,class_size_desc,1,0,1.0,649,,0.9368258859784283,0.9368258859784283,0,0,1.0,0.19358511704345038,24,1.0043859649122806,nan,0,0,0.0,64.75389999991421,1.0,0.984,0.8858024691358025,0.0,13.0,28.0,0.0
600,600,healthy,1.0,S2,max_paths=2,class_size_desc,2,0,1.0,649,,0.9799691833590138,0.9799691833590138,0,0,1.0,0.20217157687991022,24,1.0083857442348008,nan,0,0,0.0,58.29918500012354,1.0,0.996,0.9629629629629629,0.0,13.0,0.0,0.0
600,600,healthy,1.0,S2,max_paths=4,class_size_desc,4,0,1.0,649,,0.9799691833590138,0.9799691833590138,0,0,1.0,0.20217157687991022,24,1.0083857442348008,nan,0,0,0.0,67.45081799999753,1.0,0.996,0.9629629629629629,0.0,13.0,0.0,0.0
600,600,healthy,1.0,S2,order=arrival,arrival,3,0,1.0,649,,0.9799691833590138,0.9799691833590138,0,0,1.0,0.20217157687991022,24,1.0083857442348008,nan,0,0,0.0,62.125580999918384,1.0,0.996,0.9629629629629629,0.0,13.0,0.0,0.0
600,600,healthy,1.0,S2,order=class_size_asc,class_size_asc,3,0,1.0,649,,0.9799691833590138,0.9799691833590138,0,0,1.0,0.20217157687991022,24,1.0083857442348008,nan,0,0,0.0,55.28354900002341,1.0,0.996,0.9629629629629629,0.0,13.0,0.0,0.0
600,600,healthy,1.0,S2,util_cap=0.9,class_size_desc,3,0,0.9,649,,0.9768875192604006,0.9768875192604006,0,0,0.9,0.2025596340388007,0,1.025236593059937,nan,0,0,0.0,56.45220100018378,1.0,0.992,0.9598765432098766,0.0,15.0,0.0,0.0
600,600,healthy,1.25,S0,default,class_size_desc,3,0,1.0,833,,0.7250900360144058,0.7250900360144058,27,229,2.7,0.28464865420073754,31,1.0,nan,0,0,0.0,28.675558999793793,0.6835361896228522,0.735588283680516,0.7265785738816359,0.0,0.0,0.0,229.0
600,600,healthy,1.25,S0-QoS,default,class_size_desc,3,0,1.0,833,,0.7250900360144058,0.7250900360144058,27,229,2.7,0.28464865420073754,31,1.0,nan,0,0,0.0,27.769849999913276,1.0,0.9252336448598131,0.5072115384615384,0.0,0.0,0.0,229.0
600,600,healthy,1.25,S1,default,class_size_desc,3,0,1.0,833,,0.9039615846338536,0.9039615846338536,0,0,1.0,0.23931760060926727,31,1.0274457724656927,nan,0,0,0.0,91.54899100008151,1.0,0.9470404984423676,0.8485576923076923,0.0,23.0,57.0,0.0
600,600,healthy,1.25,S2,default,class_size_desc,3,0,1.0,833,,0.9723889555822329,0.9723889555822329,0,0,1.0,0.26308548781465446,32,1.0547325102880658,nan,0,0,0.0,59.64496800015695,1.0,0.9875389408099688,0.9543269230769231,0.0,23.0,0.0,0.0
600,600,healthy,1.5,S0,default,class_size_desc,3,0,1.0,1017,,0.6131526756995483,0.6131526756995483,38,409,3.4,0.3479710698252365,39,1.0,nan,0,0,0.0,36.41056500009654,0.5695689570993657,0.6256927125233807,0.613538020843169,0.0,0.0,0.0,393.4237288135593
600,600,healthy,1.5,S0-QoS,default,class_size_desc,3,0,1.0,1017,,0.6135156878519711,0.6135156878519711,38,409,3.4,0.3479710698252365,39,1.0,nan,0,0,0.0,38.082360000089466,1.0,0.8516624040920716,0.3417395963564922,0.0,0.0,0.0,393.05454545454546
600,600,healthy,1.5,S1,default,class_size_desc,3,0,1.0,1017,,0.8731563421828908,0.8731563421828908,0,0,1.0,0.29364385421677086,48,1.0810810810810811,nan,0,0,0.0,164.82038499998453,1.0,0.8900255754475703,0.831041257367387,0.0,37.0,92.0,0.0
600,600,healthy,1.5,S2,default,class_size_desc,3,0,1.0,1017,,0.9537856440511308,0.9537856440511308,0,0,1.0,0.32841610549943884,56,1.1230240549828179,nan,0,0,0.0,123.32385200011231,1.0,0.979539641943734,0.9233791748526523,0.0,47.0,0.0,0.0
600,600,healthy,2.0,S0,default,class_size_desc,3,0,1.0,1298,,0.4815346731046999,0.4815346731046999,42,802,4.4,0.44387151274651276,44,1.0,nan,0,0,0.0,35.73040900005253,0.44415699825916544,0.49196338303846043,0.4821400685675855,0.0,0.0,0.0,672.9679943100996
600,600,healthy,2.0,S0-QoS,default,class_size_desc,3,0,1.0,1298,,0.48061050114046056,0.48061050114046056,42,802,4.4,0.44387151274651276,44,1.0,nan,0,0,0.0,28.9331819999461,0.9866666666666667,0.736,0.1664080717288855,0.0,0.0,0.0,674.1675695196822
600,600,healthy,2.0,S1,default,class_size_desc,3,0,1.0,1298,,0.7889060092449923,0.7889060092449923,0,0,1.0,0.35451284672118005,64,1.1608072916666667,nan,0,0,2.0,115.32000200008952,0.9866666666666667,0.9,0.6574074074074074,0.0,104.0,170.0,0.0
600,600,healthy,2.0,S2,default,class_size_desc,3,0,1.0,1298,,0.8767334360554699,0.8767334360554699,0,0,1.0,0.4094690155523489,73,1.222612770943175,nan,0,0,0.0,83.99808099989059,1.0,0.964,0.7808641975308642,0.0,160.0,0.0,0.0
600,600,uplink,0.5,S0,default,class_size_desc,3,0,1.0,368,L6,0.9728260869565217,0.9728260869565217,6,10,1.3,0.13216882105433508,6,1.041899441340782,0.9375,24,48,0.0,30.41579199998523,0.9758297258297258,0.9745160277075171,0.9708561708561708,0.0,0.0,0.0,10.000000000000002
600,600,uplink,0.5,S0-QoS,default,class_size_desc,3,0,1.0,368,L6,0.9728260869565217,0.9728260869565217,6,10,1.3,0.13216882105433508,6,1.041899441340782,0.9375,24,48,0.0,27.400747999990926,1.0,1.0,0.9459459459459459,0.0,0.0,0.0,10.0
600,600,uplink,0.5,S1,default,class_size_desc,3,0,1.0,368,L6,0.9945652173913043,0.9945652173913043,0,0,1.0,0.12967257353238662,6,1.0437158469945356,1.0,24,48,0.0,49.807979999968666,1.0,1.0,0.9891891891891892,0.0,0.0,2.0,0.0
600,600,uplink,0.5,S2,default,class_size_desc,3,0,1.0,368,L6,1.0,1.0,0,0,1.0,0.13021596472063762,6,1.0434782608695652,1.0,24,48,0.0,48.253885000121954,1.0,1.0,1.0,0.0,0.0,0.0,0.0
600,600,uplink,0.75,S0,default,class_size_desc,3,0,1.0,531,L6,0.8983050847457628,0.8983050847457628,12,54,1.7,0.19027086620544564,16,1.0433263452131376,0.8985507246376812,24,69,0.0,28.596640999921874,0.9084257772587944,0.9022107841710926,0.8928600010293144,0.0,0.0,0.0,54.0
600,600,uplink,0.75,S0-QoS,default,class_size_desc,3,0,1.0,531,L6,0.8983050847457628,0.8983050847457628,12,54,1.7,0.19027086620544564,16,1.0433263452131376,0.8985507246376812,24,69,0.0,29.684509999924558,1.0,1.0,0.7946768060836502,0.0,0.0,0.0,54.0
600,600,uplink,0.75,S1,default,class_size_desc,3,0,1.0,531,L6,0.9698681732580038,0.9698681732580038,0,0,1.0,0.1751118359833313,16,1.0459546925566343,0.9726027397260274,26,71,0.0,56.425330000138274,1.0,1.0,0.9391634980988594,0.0,7.0,9.0,0.0
600,600,uplink,0.75,S2,default,class_size_desc,3,0,1.0,531,L6,0.9868173258003766,0.9868173258003766,0,0,1.0,0.17770461625601813,16,1.0483460559796438,1.0,28,76,0.0,51.73711800011915,1.0,1.0,0.973384030418251,0.0,7.0,0.0,0.0
600,600,uplink,1.0,S0,default,class_size_desc,3,0,1.0,649,L6,0.8289676425269645,0.8289676425269645,21,111,2.2,0.2328814176477728,25,1.0439900867410161,0.8554216867469879,24,86,0.0,29.766854999934367,0.8371565276828434,0.8340119036450305,0.8231798904707688,0.0,0.0,0.0,111.0
600,600,uplink,1.0,S0-QoS,default,class_size_desc,3,0,1.0,649,L6,0.8289676425269645,0.8289676425269645,21,111,2.2,0.2328814176477728,25,1.0439900867410161,0.8554216867469879,24,86,0.0,29.488764000006995,1.0,0.98,0.6728395061728395,0.0,0.0,0.0,111.0
600,600,uplink,1.0,S1,default,class_size_desc,3,0,1.0,649,L6,0.9244992295839753,0.9244992295839753,0,0,1.0,0.1992153072783914,25,1.0505555555555555,0.9886363636363636,26,87,0.0,64.70074999992903,1.0,0.984,0.8611111111111112,0.0,13.0,36.0,0.0
600,600,uplink,1.0,S2,default,class_size_desc,3,0,1.0,649,L6,0.9799691833590138,0.9799691833590138,0,0,1.0,0.21046757292551685,26,1.0587002096436058,1.0,29,98,0.0,54.523462999895855,1.0,0.996,0.9629629629629629,0.0,13.0,0.0,0.0
600,600,uplink,1.0,S2,lambda=0.5xmean,class_size_desc,3,1,1.0,649,L6,0.9799691833590138,0.9799691833590138,0,0,1.0,0.2385537585467492,5,1.2222222222222223,1.0,54,186,0.0,55.454289999943285,1.0,0.996,0.9629629629629629,0.0,13.0,0.0,0.0
600,600,uplink,1.0,S2,lambda=1xmean,class_size_desc,3,2,1.0,649,L6,0.9799691833590138,0.9799691833590138,0,0,1.0,0.25168453898126797,3,1.2730607966457024,1.0,54,191,0.0,56.031882000070254,1.0,0.996,0.9629629629629629,0.0,13.0,0.0,0.0
600,600,uplink,1.0,S2,lambda=2xmean,class_size_desc,3,4,1.0,649,L6,0.9799691833590138,0.9799691833590138,0,0,1.0,0.2604712444875996,2,1.3034591194968554,1.0,51,189,0.0,75.05792400002065,1.0,0.996,0.9629629629629629,0.0,13.0,0.0,0.0
600,600,uplink,1.0,S2,max_paths=1,class_size_desc,1,0,1.0,649,L6,0.9337442218798151,0.9337442218798151,0,0,1.0,0.20141301533357608,25,1.0539053905390539,0.9782608695652174,27,90,0.0,73.26807699996607,1.0,0.984,0.8796296296296297,0.0,13.0,30.0,0.0
600,600,uplink,1.0,S2,max_paths=2,class_size_desc,2,0,1.0,649,L6,0.9799691833590138,0.9799691833590138,0,0,1.0,0.21046757292551685,26,1.0587002096436058,1.0,29,98,0.0,52.705063000075825,1.0,0.996,0.9629629629629629,0.0,13.0,0.0,0.0
600,600,uplink,1.0,S2,max_paths=4,class_size_desc,4,0,1.0,649,L6,0.9799691833590138,0.9799691833590138,0,0,1.0,0.21046757292551685,26,1.0587002096436058,1.0,29,98,0.0,52.62233799999194,1.0,0.996,0.9629629629629629,0.0,13.0,0.0,0.0
600,600,uplink,1.0,S2,order=arrival,arrival,3,0,1.0,649,L6,0.9799691833590138,0.9799691833590138,0,0,1.0,0.21046757292551685,26,1.0587002096436058,1.0,29,98,0.0,69.93548699983876,1.0,0.996,0.9629629629629629,0.0,13.0,0.0,0.0
600,600,uplink,1.0,S2,order=class_size_asc,class_size_asc,3,0,1.0,649,L6,0.9799691833590138,0.9799691833590138,0,0,1.0,0.21046757292551685,26,1.0587002096436058,1.0,28,98,0.0,73.69676100006473,1.0,0.996,0.9629629629629629,0.0,13.0,0.0,0.0
600,600,uplink,1.0,S2,util_cap=0.9,class_size_desc,3,0,0.9,649,L6,0.9768875192604006,0.9768875192604006,0,0,0.9,0.21309562244608973,0,1.0841219768664563,1.0,32,102,0.0,58.14470499990421,1.0,0.992,0.9598765432098766,0.0,15.0,0.0,0.0
600,600,uplink,1.25,S0,default,class_size_desc,3,0,1.0,833,L6,0.7058823529411765,0.7058823529411765,28,245,2.8,0.2987797163895295,32,1.0453514739229024,0.8333333333333334,24,111,0.0,29.49611700000787,0.6835361896228522,0.7151165435826077,0.7039137387168007,0.0,0.0,0.0,245.0
600,600,uplink,1.25,S0-QoS,default,class_size_desc,3,0,1.0,833,L6,0.7058823529411765,0.7058823529411765,28,245,2.8,0.2987797163895295,32,1.0453514739229024,0.8333333333333334,24,111,0.0,32.68709200006015,1.0,0.9252336448598131,0.46875,0.0,0.0,0.0,245.0
600,600,uplink,1.25,S1,default,class_size_desc,3,0,1.0,833,L6,0.9027611044417767,0.9027611044417767,0,0,1.0,0.2553078245741797,33,1.0975177304964538,0.9916666666666667,30,129,0.0,98.46442100001696,1.0,0.9470404984423676,0.8461538461538461,0.0,23.0,58.0,0.0
600,600,uplink,1.25,S2,default,class_size_desc,3,0,1.0,833,L6,0.9723889555822329,0.9723889555822329,0,0,1.0,0.28802018853420724,40,1.1419753086419753,1.0,38,146,0.0,54.60484600007476,1.0,0.9875389408099688,0.9543269230769231,0.0,23.0,0.0,0.0
600,600,uplink,1.5,S0,default,class_size_desc,3,0,1.0,1017,L6,0.5954535606553005,0.5954535606553005,40,428,3.5,0.36505023870210784,41,1.0440351908347094,0.8163265306122449,24,134,0.0,29.721529999960694,0.5695689570993657,0.6059630815405528,0.593330330694418,0.0,0.0,0.0,411.4237288135593
600,600,uplink,1.5,S0-QoS,default,class_size_desc,3,0,1.0,1017,L6,0.5958165728077233,0.5958165728077233,40,428,3.5,0.36505023870210784,41,1.044008361588702,0.8163265306122449,24,134,0.0,28.27513700003692,1.0,0.8439897698209718,0.31227004822289695,0.0,0.0,0.0,411.05454545454546
600,600,uplink,1.5,S1,default,class_size_desc,3,0,1.0,1017,L6,0.8633235004916421,0.8633235004916421,0,0,1.0,0.3222206578468261,50,1.182232346241458,0.9530201342281879,41,176,0.0,106.57112400008373,1.0,0.8823529411764706,0.8172888015717092,0.0,37.0,102.0,0.0
600,600,uplink,1.5,S2,default,class_size_desc,3,0,1.0,1017,L6,0.9459193706981318,0.9459193706981318,0,0,1.0,0.36981862685601,65,1.246015246015246,0.9896373056994818,54,213,0.0,68.85134399999515,1.0,0.979539641943734,0.9076620825147348,0.0,55.0,0.0,0.0
600,600,uplink,2.0,S0,default,class_size_desc,3,0,1.0,1298,L6,0.4661263526116336,0.4661263526116336,42,834,4.4,0.4657628352955456,44,1.0440748033424438,0.8,24,172,0.0,28.5561839998536,0.44415699825916544,0.47469065576573316,0.4646035926977763,0.0,0.0,0.0,692.9679943100996
600,600,uplink,2.0,S0-QoS,default,class_size_desc,3,0,1.0,1298,L6,0.4652021806473943,0.4652021806473943,42,834,4.4,0.4657628352955456,44,1.0441623624710827,0.8,24,172,0.0,31.722812999987582,0.9866666666666667,0.72,0.14788955321036698,0.0,0.0,0.0,694.1675695196822
600,600,uplink,2.0,S1,default,class_size_desc,3,0,1.0,1298,L6,0.7642526964560863,0.7642526964560863,0,0,1.0,0.3985247805154347,70,1.2896505376344085,0.9875,50,230,2.0,139.6519540001009,0.9866666666666667,0.884,0.6203703703703703,0.0,126.0,180.0,0.0
600,600,uplink,2.0,S2,default,class_size_desc,3,0,1.0,1298,L6,0.8166409861325116,0.8166409861325116,0,0,1.0,0.4472911356556216,78,1.3553459119496856,0.9405940594059405,62,282,0.0,107.32500800008893,1.0,0.964,0.6604938271604939,0.0,238.0,0.0,0.0
600,600,multi,0.5,S0,default,class_size_desc,3,0,1.0,368,L3;L45;L62,0.9510869565217391,0.9915014164305949,3,3,1.1,0.12189791795506082,4,1.0,0.48648648648648646,13,12,0.0,28.999646000102075,0.6385281385281385,0.9909735654416505,0.9916461916461916,15.0,0.0,0.0,3.0000000000000018
600,600,multi,0.5,S0-QoS,default,class_size_desc,3,0,1.0,368,L3;L45;L62,0.9510869565217391,0.9915014164305949,3,3,1.1,0.12189791795506082,4,1.0,0.48,13,12,0.0,27.91416099989874,0.6428571428571429,1.0,0.9837837837837838,15.0,0.0,0.0,3.0
600,600,multi,0.5,S1,default,class_size_desc,3,0,1.0,368,L3;L45;L62,0.9592391304347826,1.0,0,0,1.0,0.1212846423417852,4,1.0,0.4,13,13,0.0,46.6911240000627,0.6428571428571429,1.0,1.0,15.0,0.0,0.0,0.0
600,600,multi,0.5,S2,default,class_size_desc,3,0,1.0,368,L3;L45;L62,0.9592391304347826,1.0,0,0,1.0,0.1212846423417852,4,1.0,0.4230769230769231,13,13,0.0,53.88208099998337,0.6428571428571429,1.0,1.0,15.0,0.0,0.0,0.0
600,600,multi,0.75,S0,default,class_size_desc,3,0,1.0,531,L3;L45;L62,0.8870056497175142,0.9289940828402367,9,36,1.6,0.17500898268398268,12,1.0,0.501074608535462,13,16,0.0,27.319926000018313,0.5788875103391232,0.9308100879702822,0.9253311643996055,24.0,0.0,0.0,36.0
600,600,multi,0.75,S0-QoS,default,class_size_desc,3,0,1.0,531,L3;L45;L62,0.8870056497175142,0.9289940828402367,9,36,1.6,0.17500898268398268,12,1.0,0.47058823529411764,13,16,0.0,33.72325500004081,0.6129032258064516,1.0,0.8631178707224335,24.0,0.0,0.0,36.0
600,600,multi,0.75,S1,default,class_size_desc,3,0,1.0,531,L3;L45;L62,0.928436911487759,0.9723865877712031,0,0,1.0,0.16360650896722326,12,1.0,0.29411764705882354,12,15,0.0,59.17121999982555,0.6129032258064516,1.0,0.9467680608365019,24.0,7.0,7.0,0.0
600,600,multi,0.75,S2,default,class_size_desc,3,0,1.0,531,L3;L45;L62,0.9416195856873822,0.9861932938856016,0,0,1.0,0.16553081838796124,12,1.0,0.29411764705882354,14,20,0.0,88.18511200001922,0.6129032258064516,1.0,0.973384030418251,24.0,7.0,0.0,0.0
600,600,multi,1.0,S0,default,class_size_desc,3,0,1.0,649,L3;L45;L62,0.8320493066255779,0.8709677419354839,19,80,2.0,0.2137261904761905,20,1.0,0.5712166172106825,13,21,0.0,44.04272800002218,0.5353960659223818,0.8767420623751893,0.8662338872284693,29.0,0.0,0.0,80.0
600,600,multi,1.0,S0-QoS,default,class_size_desc,3,0,1.0,649,L3;L45;L62,0.8320493066255779,0.8709677419354839,19,80,2.0,0.2137261904761905,20,1.0,0.5128205128205128,13,21,0.0,27.074444999925618,0.6133333333333333,0.996,0.7561728395061729,29.0,0.0,0.0,80.0
600,600,multi,1.0,S1,default,class_size_desc,3,0,1.0,649,L3;L45;L62,0.8859784283513097,0.9274193548387096,0,0,1.0,0.18697639661925375,20,1.00231884057971,0.3333333333333333,17,28,0.0,72.50855300003423,0.6133333333333333,0.996,0.8641975308641975,29.0,13.0,32.0,0.0
600,600,multi,1.0,S2,default,class_size_desc,3,0,1.0,649,L3;L45;L62,0.9352850539291218,0.9790322580645161,0,0,1.0,0.19742329416615131,20,1.0087863811092805,0.30952380952380953,16,27,0.0,56.09255600006691,0.6133333333333333,0.996,0.9629629629629629,29.0,13.0,0.0,0.0
600,600,multi,1.0,S2,lambda=0.5xmean,class_size_desc,3,1,1.0,649,L3;L45;L62,0.9352850539291218,0.9790322580645161,0,0,1.0,0.2200994794887652,3,1.1828665568369028,0.2926829268292683,50,134,0.0,56.84051899993392,0.6133333333333333,0.996,0.9629629629629629,29.0,13.0,0.0,0.0
600,600,multi,1.0,S2,lambda=1xmean,class_size_desc,3,2,1.0,649,L3;L45;L62,0.9352850539291218,0.9790322580645161,0,0,1.0,0.23194151721294579,2,1.2289950576606261,0.2926829268292683,43,105,0.0,61.07028100018397,0.6133333333333333,0.996,0.9629629629629629,29.0,13.0,0.0,0.0
600,600,multi,1.0,S2,lambda=2xmean,class_size_desc,3,4,1.0,649,L3;L45;L62,0.9352850539291218,0.9790322580645161,0,0,1.0,0.24189165120593692,2,1.2548050521691378,0.2926829268292683,43,106,0.0,52.237375999993674,0.6133333333333333,0.996,0.9629629629629629,29.0,13.0,0.0,0.0
600,600,multi,1.0,S2,max_paths=1,class_size_desc,1,0,1.0,649,L3;L45;L62,0.9044684129429892,0.9467741935483871,0,0,1.0,0.1910131313131313,20,1.005678591709256,0.3333333333333333,16,26,0.0,78.03808299991033,0.6133333333333333,0.996,0.9012345679012346,29.0,13.0,20.0,0.0
600,600,multi,1.0,S2,max_paths=2,class_size_desc,2,0,1.0,649,L3;L45;L62,0.9352850539291218,0.9790322580645161,0,0,1.0,0.19742329416615131,20,1.0087863811092805,0.30952380952380953,16,27,0.0,60.6427600000643,0.6133333333333333,0.996,0.9629629629629629,29.0,13.0,0.0,0.0
600,600,multi,1.0,S2,max_paths=4,class_size_desc,4,0,1.0,649,L3;L45;L62,0.9352850539291218,0.9790322580645161,0,0,1.0,0.19742329416615131,20,1.0087863811092805,0.30952380952380953,16,27,0.0,72.7615569999216,0.6133333333333333,0.996,0.9629629629629629,29.0,13.0,0.0,0.0
600,600,multi,1.0,S2,order=arrival,arrival,3,0,1.0,649,L3;L45;L62,0.9352850539291218,0.9790322580645161,0,0,1.0,0.19742329416615131,20,1.0087863811092805,0.30952380952380953,17,33,0.0,55.191816999922594,0.6133333333333333,0.996,0.9629629629629629,29.0,13.0,0.0,0.0
600,600,multi,1.0,S2,order=class_size_asc,class_size_asc,3,0,1.0,649,L3;L45;L62,0.9352850539291218,0.9790322580645161,0,0,1.0,0.19742329416615131,20,1.0087863811092805,0.30952380952380953,17,37,0.0,50.64323700003115,0.6133333333333333,0.996,0.9629629629629629,29.0,13.0,0.0,0.0
600,600,multi,1.0,S2,util_cap=0.9,class_size_desc,3,0,0.9,649,L3;L45;L62,0.9322033898305084,0.9758064516129032,0,0,0.9,0.19755844671201814,0,1.0231404958677686,0.23684210526315788,20,37,0.0,56.82767500002228,0.6133333333333333,0.992,0.9598765432098766,29.0,15.0,0.0,0.0
600,600,multi,1.25,S0,default,class_size_desc,3,0,1.0,833,L3;L45;L62,0.7286914765906363,0.7635220125786164,24,188,2.6,0.2740703205524634,30,1.0,0.5526253640872235,13,26,0.0,28.26957700017374,0.4347529512562805,0.7756060713618551,0.760322518683273,38.0,0.0,0.0,188.0
600,600,multi,1.25,S0-QoS,default,class_size_desc,3,0,1.0,833,L3;L45;L62,0.7286914765906363,0.7635220125786164,24,188,2.6,0.2740703205524634,30,1.0,0.4166666666666667,13,26,0.0,27.2597630000746,0.6041666666666666,0.9595015576323987,0.5793269230769231,38.0,0.0,0.0,188.0
600,600,multi,1.25,S1,default,class_size_desc,3,0,1.0,833,L3;L45;L62,0.8763505402160864,0.9182389937106918,0,0,1.0,0.23754799010513297,29,1.0273972602739727,0.22916666666666666,23,64,0.0,75.87974500006567,0.6041666666666666,0.9626168224299065,0.8725961538461539,38.0,23.0,42.0,0.0
600,600,multi,1.25,S2,default,class_size_desc,3,0,1.0,833,L3;L45;L62,0.9267707082833133,0.9710691823899371,0,0,1.0,0.2552593125128839,29,1.0470639032815199,0.22448979591836735,25,69,0.0,51.945087999911266,0.6041666666666666,0.9875389408099688,0.9543269230769231,38.0,23.0,0.0,0.0
600,600,multi,1.5,S0,default,class_size_desc,3,0,1.0,1017,L3;L45;L62,0.6165918682016612,0.6444747481614486,36,378,3.1,0.3356241084312513,38,1.0,0.5605475712420256,13,33,0.0,28.41038099995785,0.3708069419888433,0.6586618929234815,0.6407715473778262,44.0,0.0,0.0,345.9260700389105
600,600,multi,1.5,S0-QoS,default,class_size_desc,3,0,1.0,1017,L3;L45;L62,0.6148084194706254,0.6426106501558335,36,378,3.1,0.3356241084312513,38,1.0,0.37037037037037035,13,33,0.0,26.831270000002405,0.6239316239316239,0.907928388746803,0.3875445237752967,44.0,0.0,0.0,347.739837398374
600,600,multi,1.5,S1,default,class_size_desc,3,0,1.0,1017,L3;L45;L62,0.8348082595870207,0.8725590955806783,0,0,1.0,0.2853178726035869,43,1.0702787593246956,0.25925925925925924,33,107,0.0,90.61537000002318,0.6239316239316239,0.9258312020460358,0.8133595284872298,44.0,35.0,89.0,0.0
600,600,multi,1.5,S2,default,class_size_desc,3,0,1.0,1017,L3;L45;L62,0.911504424778761,0.9527235354573484,0,0,1.0,0.3183594413522985,52,1.1060769507371448,0.2413793103448276,41,147,0.0,72.12202799996703,0.6239316239316239,0.979539641943734,0.925343811394892,44.0,46.0,0.0,0.0
600,600,multi,2.0,S0,default,class_size_desc,3,0,1.0,1298,L3;L45;L62,0.4839878399200433,0.5066259808195293,41,750,4.0,0.427452380952381,43,1.0,0.5521275592036985,13,42,0.0,28.148009000005914,0.28520659194033804,0.5186134756359214,0.503284706183958,58.0,0.0,0.0,611.7837837837837
600,600,multi,2.0,S0-QoS,default,class_size_desc,3,0,1.0,1298,L3;L45;L62,0.47917076129905994,0.5015835872307902,41,750,4.0,0.427452380952381,43,1.0,0.30303030303030304,13,42,0.0,28.004189000057522,0.6133333333333333,0.816,0.18821550642928983,58.0,0.0,0.0,618.0363518338202
600,600,multi,2.0,S1,default,class_size_desc,3,0,1.0,1298,L3;L45;L62,0.7580893682588598,0.7935483870967742,0,0,1.0,0.3454819212533498,61,1.1436314363143631,0.14705882352941177,37,160,0.0,87.57994799998414,0.6133333333333333,0.908,0.6759259259259259,58.0,102.0,154.0,0.0
600,600,multi,2.0,S2,default,class_size_desc,3,0,1.0,1298,L3;L45;L62,0.8428351309707242,0.882258064516129,0,0,1.0,0.3992150690579262,68,1.2078001218769043,0.23255813953488372,43,194,0.0,79.3963700000404,0.6133333333333333,0.964,0.8024691358024691,58.0,146.0,0.0,0.0
600,600,recovered,0.5,S0,default,class_size_desc,3,0,1.0,368,,0.9809782608695652,0.9809782608695652,5,7,1.2,0.12603531345198013,5,1.0,nan,17,36,0.0,30.24361900020267,0.9758297258297258,0.9826993337631635,0.9808353808353808,0.0,0.0,0.0,7.000000000000001
600,600,recovered,0.5,S0-QoS,default,class_size_desc,3,0,1.0,368,,0.9809782608695652,0.9809782608695652,5,7,1.2,0.12603531345198013,5,1.0,nan,17,36,0.0,28.09119199991983,1.0,1.0,0.9621621621621622,0.0,0.0,0.0,7.0
600,600,recovered,0.5,S1,default,class_size_desc,3,0,1.0,368,,0.9945652173913043,0.9945652173913043,0,0,1.0,0.124083012666346,5,1.0,nan,19,39,0.0,48.30601300000126,1.0,1.0,0.9891891891891892,0.0,0.0,2.0,0.0
600,600,recovered,0.5,S2,default,class_size_desc,3,0,1.0,368,,1.0,1.0,0,0,1.0,0.1246213724547058,5,1.0,nan,20,40,0.0,49.40628700001071,1.0,1.0,1.0,0.0,0.0,0.0,0.0
600,600,recovered,0.75,S0,default,class_size_desc,3,0,1.0,531,,0.911487758945386,0.911487758945386,11,47,1.7,0.18150562670354337,14,1.0,nan,17,50,0.0,28.729620000149225,0.9084257772587944,0.914203930944365,0.9100820989939755,0.0,0.0,0.0,47.0
600,600,recovered,0.75,S0-QoS,default,class_size_desc,3,0,1.0,531,,0.911487758945386,0.911487758945386,11,47,1.7,0.18150562670354337,14,1.0,nan,17,50,0.0,32.33458099998643,1.0,1.0,0.8212927756653993,0.0,0.0,0.0,47.0
600,600,recovered,0.75,S1,default,class_size_desc,3,0,1.0,531,,0.9736346516007532,0.9736346516007532,0,0,1.0,0.16816519861311527,14,1.0,nan,26,69,0.0,79.3531089998396,1.0,1.0,0.9467680608365019,0.0,7.0,7.0,0.0
600,600,recovered,0.75,S2,default,class_size_desc,3,0,1.0,531,,0.9868173258003766,0.9868173258003766,0,0,1.0,0.17003605499438834,14,1.0,nan,26,71,0.0,58.89101399998253,1.0,1.0,0.973384030418251,0.0,7.0,0.0,0.0
600,600,recovered,1.0,S0,default,class_size_desc,3,0,1.0,649,,0.847457627118644,0.847457627118644,20,99,2.2,0.22193575637325638,24,1.0,nan,17,61,0.0,28.550254000037967,0.8371565276828434,0.8525573581904852,0.8459071631980416,0.0,0.0,0.0,99.0
600,600,recovered,1.0,S0-QoS,default,class_size_desc,3,0,1.0,649,,0.847457627118644,0.847457627118644,20,99,2.2,0.22193575637325638,24,1.0,nan,17,61,0.0,46.84353099992222,1.0,0.98,0.7098765432098766,0.0,0.0,0.0,99.0
600,600,recovered,1.0,S1,default,class_size_desc,3,0,1.0,649,,0.926040061633282,0.926040061633282,0,0,1.0,0.19124340628507294,24,1.002218524681087,nan,29,86,0.0,68.01732999997512,1.0,0.984,0.8641975308641975,0.0,13.0,35.0,0.0
600,600,recovered,1.0,S2,default,class_size_desc,3,0,1.0,649,,0.9799691833590138,0.9799691833590138,0,0,1.0,0.20217157687991022,24,1.0083857442348008,nan,29,97,0.0,67.1433210000032,1.0,0.996,0.9629629629629629,0.0,13.0,0.0,0.0
600,600,recovered,1.0,S2,lambda=0.5xmean,class_size_desc,3,1,1.0,649,,0.9799691833590138,0.9799691833590138,0,0,1.0,0.2259367334054834,3,1.180817610062893,nan,57,188,0.0,58.22825100017326,1.0,0.996,0.9629629629629629,0.0,13.0,0.0,0.0
600,600,recovered,1.0,S2,lambda=1xmean,class_size_desc,3,2,1.0,649,,0.9799691833590138,0.9799691833590138,0,0,1.0,0.23718648288439956,2,1.2253668763102725,nan,68,206,0.0,58.209616000112874,1.0,0.996,0.9629629629629629,0.0,13.0,0.0,0.0
600,600,recovered,1.0,S2,lambda=2xmean,class_size_desc,3,4,1.0,649,,0.9799691833590138,0.9799691833590138,0,0,1.0,0.24489664001122335,2,1.2458071278825995,nan,70,228,0.0,73.5759550000239,1.0,0.996,0.9629629629629629,0.0,13.0,0.0,0.0
600,600,recovered,1.0,S2,max_paths=1,class_size_desc,1,0,1.0,649,,0.9368258859784283,0.9368258859784283,0,0,1.0,0.19358511704345038,24,1.0043859649122806,nan,29,89,0.0,61.08843600009095,1.0,0.984,0.8858024691358025,0.0,13.0,28.0,0.0
600,600,recovered,1.0,S2,max_paths=2,class_size_desc,2,0,1.0,649,,0.9799691833590138,0.9799691833590138,0,0,1.0,0.20217157687991022,24,1.0083857442348008,nan,29,97,0.0,52.26385599985406,1.0,0.996,0.9629629629629629,0.0,13.0,0.0,0.0
600,600,recovered,1.0,S2,max_paths=4,class_size_desc,4,0,1.0,649,,0.9799691833590138,0.9799691833590138,0,0,1.0,0.20217157687991022,24,1.0083857442348008,nan,29,97,0.0,52.8800609999962,1.0,0.996,0.9629629629629629,0.0,13.0,0.0,0.0
600,600,recovered,1.0,S2,order=arrival,arrival,3,0,1.0,649,,0.9799691833590138,0.9799691833590138,0,0,1.0,0.20217157687991022,24,1.0083857442348008,nan,30,100,0.0,54.81238599986682,1.0,0.996,0.9629629629629629,0.0,13.0,0.0,0.0
600,600,recovered,1.0,S2,order=class_size_asc,class_size_asc,3,0,1.0,649,,0.9799691833590138,0.9799691833590138,0,0,1.0,0.20217157687991022,24,1.0083857442348008,nan,31,103,0.0,56.616839000071195,1.0,0.996,0.9629629629629629,0.0,13.0,0.0,0.0
600,600,recovered,1.0,S2,util_cap=0.9,class_size_desc,3,0,0.9,649,,0.9768875192604006,0.9768875192604006,0,0,0.9,0.2025596340388007,0,1.025236593059937,nan,35,116,0.0,57.90987499995026,1.0,0.992,0.9598765432098766,0.0,15.0,0.0,0.0
600,600,recovered,1.25,S0,default,class_size_desc,3,0,1.0,833,,0.7250900360144058,0.7250900360144058,27,229,2.7,0.28464865420073754,31,1.0,nan,17,76,0.0,30.09584200003701,0.6835361896228522,0.735588283680516,0.7265785738816359,0.0,0.0,0.0,229.0
600,600,recovered,1.25,S0-QoS,default,class_size_desc,3,0,1.0,833,,0.7250900360144058,0.7250900360144058,27,229,2.7,0.28464865420073754,31,1.0,nan,17,76,0.0,28.565322000076776,1.0,0.9252336448598131,0.5072115384615384,0.0,0.0,0.0,229.0
600,600,recovered,1.25,S1,default,class_size_desc,3,0,1.0,833,,0.9039615846338536,0.9039615846338536,0,0,1.0,0.23931760060926727,31,1.0274457724656927,nan,36,141,0.0,70.64709199994468,1.0,0.9470404984423676,0.8485576923076923,0.0,23.0,57.0,0.0
600,600,recovered,1.25,S2,default,class_size_desc,3,0,1.0,833,,0.9723889555822329,0.9723889555822329,0,0,1.0,0.26308548781465446,32,1.0547325102880658,nan,39,160,0.0,58.60070099993209,1.0,0.9875389408099688,0.9543269230769231,0.0,23.0,0.0,0.0
600,600,recovered,1.5,S0,default,class_size_desc,3,0,1.0,1017,,0.6131526756995483,0.6131526756995483,38,409,3.4,0.3479710698252365,39,1.0,nan,17,97,0.0,28.672091000089495,0.5695689570993657,0.6256927125233807,0.613538020843169,0.0,0.0,0.0,393.4237288135593
600,600,recovered,1.5,S0-QoS,default,class_size_desc,3,0,1.0,1017,,0.6135156878519711,0.6135156878519711,38,409,3.4,0.3479710698252365,39,1.0,nan,17,97,0.0,28.61044600012974,1.0,0.8516624040920716,0.3417395963564922,0.0,0.0,0.0,393.05454545454546
600,600,recovered,1.5,S1,default,class_size_desc,3,0,1.0,1017,,0.8731563421828908,0.8731563421828908,0,0,1.0,0.29364385421677086,48,1.0810810810810811,nan,46,213,0.0,101.10089500017239,1.0,0.8900255754475703,0.831041257367387,0.0,37.0,92.0,0.0
600,600,recovered,1.5,S2,default,class_size_desc,3,0,1.0,1017,,0.9537856440511308,0.9537856440511308,0,0,1.0,0.32841610549943884,56,1.1230240549828179,nan,67,292,0.0,64.91444100015542,1.0,0.979539641943734,0.9233791748526523,0.0,47.0,0.0,0.0
600,600,recovered,2.0,S0,default,class_size_desc,3,0,1.0,1298,,0.4815346731046999,0.4815346731046999,42,802,4.4,0.44387151274651276,44,1.0,nan,17,122,0.0,29.021867999972528,0.44415699825916544,0.49196338303846043,0.4821400685675855,0.0,0.0,0.0,672.9679943100996
600,600,recovered,2.0,S0-QoS,default,class_size_desc,3,0,1.0,1298,,0.48061050114046056,0.48061050114046056,42,802,4.4,0.44387151274651276,44,1.0,nan,17,122,0.0,68.28960100006043,0.9866666666666667,0.736,0.1664080717288855,0.0,0.0,0.0,674.1675695196822
600,600,recovered,2.0,S1,default,class_size_desc,3,0,1.0,1298,,0.7889060092449923,0.7889060092449923,0,0,1.0,0.35451284672118005,64,1.1608072916666667,nan,67,354,2.0,136.75451000017347,0.9866666666666667,0.9,0.6574074074074074,0.0,104.0,170.0,0.0
600,600,recovered,2.0,S2,default,class_size_desc,3,0,1.0,1298,,0.8767334360554699,0.8767334360554699,0,0,1.0,0.4094690155523489,73,1.222612770943175,nan,72,428,0.0,148.97542899984728,1.0,0.964,0.7808641975308642,0.0,160.0,0.0,0.0
700,700,healthy,0.5,S0,default,class_size_desc,3,0,1.0,366,,1.0,1.0,0,0,1.0,0.11348361426309539,2,1.0,nan,0,0,0.0,27.088011000159895,1.0,1.0,1.0,0.0,0.0,0.0,0.0
700,700,healthy,0.5,S0-QoS,default,class_size_desc,3,0,1.0,366,,1.0,1.0,0,0,1.0,0.11348361426309539,2,1.0,nan,0,0,0.0,25.727098000061233,1.0,1.0,1.0,0.0,0.0,0.0,0.0
700,700,healthy,0.5,S1,default,class_size_desc,3,0,1.0,366,,1.0,1.0,0,0,1.0,0.11348361426309539,2,1.0,nan,0,0,0.0,44.76216700004443,1.0,1.0,1.0,0.0,0.0,0.0,0.0
700,700,healthy,0.5,S2,default,class_size_desc,3,0,1.0,366,,1.0,1.0,0,0,1.0,0.11348361426309539,2,1.0,nan,0,0,0.0,44.63320600007137,1.0,1.0,1.0,0.0,0.0,0.0,0.0
700,700,healthy,0.75,S0,default,class_size_desc,3,0,1.0,533,,0.9662288930581614,0.9662288930581614,5,18,1.5,0.16528717783788538,8,1.0,nan,0,0,0.0,35.340728000164745,0.9627039627039627,0.9658519051042416,0.9672688422688422,0.0,0.0,0.0,18.0
700,700,healthy,0.75,S0-QoS,default,class_size_desc,3,0,1.0,533,,0.9662288930581614,0.9662288930581614,5,18,1.5,0.16528717783788538,8,1.0,nan,0,0,0.0,29.827559000068504,1.0,1.0,0.9318181818181818,0.0,0.0,0.0,18.0
700,700,healthy,0.75,S1,default,class_size_desc,3,0,1.0,533,,0.9887429643527205,0.9887429643527205,0,0,1.0,0.15988203973699255,8,1.0,nan,0,0,0.0,48.316814000145314,1.0,1.0,0.9772727272727273,0.0,3.0,3.0,0.0
700,700,healthy,0.75,S2,default,class_size_desc,3,0,1.0,533,,0.9943714821763602,0.9943714821763602,0,0,1.0,0.1607125912609403,8,1.0,nan,0,0,0.0,47.86420499999622,1.0,1.0,0.9886363636363636,0.0,3.0,0.0,0.0
700,700,healthy,1.0,S0,default,class_size_desc,3,0,1.0,651,,0.9185867895545314,0.9185867895545314,13,53,1.8,0.20124010698421077,19,1.0,nan,0,0,0.0,28.0023960001472,0.8975355317510327,0.9203735073300291,0.9216471710433063,0.0,0.0,0.0,53.0
700,700,healthy,1.0,S0-QoS,default,class_size_desc,3,0,1.0,651,,0.9185867895545314,0.9185867895545314,13,53,1.8,0.20124010698421077,19,1.0,nan,0,0,0.0,27.64382400005161,1.0,0.9961240310077519,0.8395061728395061,0.0,0.0,0.0,53.0
700,700,healthy,1.0,S1,default,class_size_desc,3,0,1.0,651,,0.9554531490015361,0.9554531490015361,0,0,1.0,0.18588287263051415,18,1.0,nan,0,0,0.0,59.8738470000626,1.0,0.9961240310077519,0.9135802469135802,0.0,7.0,22.0,0.0
700,700,healthy,1.0,S2,default,class_size_desc,3,0,1.0,651,,0.989247311827957,0.989247311827957,0,0,1.0,0.1959567555086423,19,1.015527950310559,nan,0,0,0.0,53.26220799997827,1.0,1.0,0.9783950617283951,0.0,7.0,0.0,0.0
700,700,healthy,1.0,S2,lambda=0.5xmean,class_size_desc,3,1,1.0,651,,0.989247311827957,0.989247311827957,0,0,1.0,0.22884833916083916,4,1.193064182194617,nan,0,0,0.0,54.127561000086644,1.0,1.0,0.9783950617283951,0.0,7.0,0.0,0.0
700,700,healthy,1.0,S2,lambda=1xmean,class_size_desc,3,2,1.0,651,,0.989247311827957,0.989247311827957,0,0,1.0,0.24455500670712935,5,1.255175983436853,nan,0,0,0.0,60.828438000044116,1.0,1.0,0.9783950617283951,0.0,7.0,0.0,0.0
700,700,healthy,1.0,S2,lambda=2xmean,class_size_desc,3,4,1.0,651,,0.989247311827957,0.989247311827957,0,0,1.0,0.25230888804591634,4,1.2820910973084887,nan,0,0,0.0,57.81113899979573,1.0,1.0,0.9783950617283951,0.0,7.0,0.0,0.0
700,700,healthy,1.0,S2,max_paths=1,class_size_desc,1,0,1.0,651,,0.9662058371735791,0.9662058371735791,0,0,1.0,0.18959731659849585,18,1.0068892421833597,nan,0,0,0.0,57.100095999885525,1.0,0.9961240310077519,0.9351851851851852,0.0,7.0,15.0,0.0
700,700,healthy,1.0,S2,max_paths=2,class_size_desc,2,0,1.0,651,,0.989247311827957,0.989247311827957,0,0,1.0,0.1959567555086423,19,1.015527950310559,nan,0,0,0.0,51.441783999962354,1.0,1.0,0.9783950617283951,0.0,7.0,0.0,0.0
700,700,healthy,1.0,S2,max_paths=4,class_size_desc,4,0,1.0,651,,0.989247311827957,0.989247311827957,0,0,1.0,0.1959567555086423,19,1.015527950310559,nan,0,0,0.0,68.27842999996392,1.0,1.0,0.9783950617283951,0.0,7.0,0.0,0.0
700,700,healthy,1.0,S2,order=arrival,arrival,3,0,1.0,651,,0.989247311827957,0.989247311827957,0,0,1.0,0.1959567555086423,19,1.015527950310559,nan,0,0,0.0,51.101525999911246,1.0,1.0,0.9783950617283951,0.0,7.0,0.0,0.0
700,700,healthy,1.0,S2,order=class_size_asc,class_size_asc,3,0,1.0,651,,0.989247311827957,0.989247311827957,0,0,1.0,0.1959567555086423,19,1.015527950310559,nan,0,0,0.0,54.76017699993463,1.0,1.0,0.9783950617283951,0.0,7.0,0.0,0.0
700,700,healthy,1.0,S2,util_cap=0.9,class_size_desc,3,0,0.9,651,,0.9861751152073732,0.9861751152073732,0,0,0.9,0.19816890970664555,0,1.032191069574247,nan,0,0,0.0,57.957013000077495,1.0,0.9961240310077519,0.9753086419753086,0.0,9.0,0.0,0.0
700,700,healthy,1.25,S0,default,class_size_desc,3,0,1.0,835,,0.79704884510674,0.79704884510674,31,194,2.3,0.25787898029643314,35,1.0,nan,0,0,0.0,32.11380699985966,0.7647722842045118,0.8057061327439269,0.7969672014051739,0.0,0.0,0.0,169.4642143358721
700,700,healthy,1.25,S0-QoS,default,class_size_desc,3,0,1.0,835,,0.7957671038519974,0.7957671038519974,31,194,2.3,0.25787898029643314,35,1.0,nan,0,0,0.0,29.84221599990633,1.0,0.9728915662650602,0.6107603173889589,0.0,0.0,0.0,170.5344682835821
700,700,healthy,1.25,S1,default,class_size_desc,3,0,1.0,835,,0.9149700598802395,0.9149700598802395,0,0,1.0,0.2390874318291771,34,1.0449389179755673,nan,0,0,0.0,71.79174899988539,1.0,0.9728915662650602,0.8506024096385543,0.0,14.0,57.0,0.0
700,700,healthy,1.25,S2,default,class_size_desc,3,0,1.0,835,,0.9832335329341317,0.9832335329341317,0,0,1.0,0.26421526586620925,38,1.0755176613885506,nan,0,0,0.0,89.62915099982638,1.0,0.9939759036144579,0.9710843373493976,0.0,14.0,0.0,0.0
700,700,healthy,1.5,S0,default,class_size_desc,3,0,1.0,1017,,0.6682236205128016,0.6682236205128016,39,449,2.8,0.31472372124730613,41,1.0,nan,0,0,0.0,47.842354000067644,0.6431583019680257,0.6747109298050166,0.6683569606302147,0.0,0.0,0.0,337.41657793848077
700,700,healthy,1.5,S0-QoS,default,class_size_desc,3,0,1.0,1017,,0.6628505470427726,0.6628505470427726,39,449,2.8,0.31472372124730613,41,1.0,nan,0,0,0.0,44.12183600015851,1.0,0.9454094292803971,0.36709863183925,0.0,0.0,0.0,342.88099365750026
700,700,healthy,1.5,S1,default,class_size_desc,3,0,1.0,1017,,0.8761061946902655,0.8761061946902655,0,0,1.0,0.2931524854862119,47,1.1054994388327721,nan,0,0,0.0,105.23557900000924,1.0,0.9652605459057072,0.7790927021696252,0.0,45.0,81.0,0.0
700,700,healthy,1.5,S2,default,class_size_desc,3,0,1.0,1017,,0.9537856440511308,0.9537856440511308,0,0,1.0,0.3324271012006861,50,1.1525773195876288,nan,0,0,0.0,86.55795100003161,1.0,0.9851116625310173,0.9191321499013807,0.0,47.0,0.0,0.0
700,700,healthy,2.0,S0,default,class_size_desc,3,0,1.0,1302,,0.5205061934838002,0.5205061934838002,43,972,3.6,0.40248021396842154,44,1.0,nan,0,0,0.0,30.359896999925695,0.4995979968777184,0.5266019911100938,0.5201048039104542,0.0,0.0,0.0,624.3009360840921
700,700,healthy,2.0,S0-QoS,default,class_size_desc,3,0,1.0,1302,,0.50896134577349,0.50896134577349,43,972,3.6,0.40248021396842154,44,1.0,nan,0,0,0.0,30.86454300000696,1.0,0.8565891472868217,0.1275735682053765,0.0,0.0,0.0,639.332327802916
700,700,healthy,2.0,S1,default,class_size_desc,3,0,1.0,1302,,0.8310291858678955,0.8310291858678955,0,0,1.0,0.3855543937194881,70,1.2113370301910042,nan,0,0,0.0,129.6110040000258,1.0,0.9108527131782945,0.7314814814814815,0.0,108.0,112.0,0.0
700,700,healthy,2.0,S2,default,class_size_desc,3,0,1.0,1302,,0.8663594470046083,0.8663594470046083,0,0,1.0,0.4093467585873246,74,1.239952718676123,nan,0,0,0.0,79.58817099984117,1.0,0.9806201550387597,0.7469135802469136,0.0,174.0,0.0,0.0
700,700,uplink,0.5,S0,default,class_size_desc,3,0,1.0,366,L6,1.0,1.0,0,0,1.0,0.1169644105894106,2,1.0491803278688525,1.0,26,54,0.0,29.925523000201792,1.0,1.0,1.0,0.0,0.0,0.0,0.0
700,700,uplink,0.5,S0-QoS,default,class_size_desc,3,0,1.0,366,L6,1.0,1.0,0,0,1.0,0.1169644105894106,2,1.0491803278688525,1.0,26,54,0.0,28.921829999944748,1.0,1.0,1.0,0.0,0.0,0.0,0.0
700,700,uplink,0.5,S1,default,class_size_desc,3,0,1.0,366,L6,1.0,1.0,0,0,1.0,0.1169644105894106,2,1.0491803278688525,1.0,26,54,0.0,47.95699900000727,1.0,1.0,1.0,0.0,0.0,0.0,0.0
700,700,uplink,0.5,S2,default,class_size_desc,3,0,1.0,366,L6,1.0,1.0,0,0,1.0,0.1169644105894106,2,1.0491803278688525,1.0,26,54,0.0,49.979080999946746,1.0,1.0,1.0,0.0,0.0,0.0,0.0
700,700,uplink,0.75,S0,default,class_size_desc,3,0,1.0,533,L6,0.9343339587242027,0.9343339587242027,6,35,1.5,0.17028356365856365,9,1.0401606425702812,0.7792207792207793,26,77,0.0,32.924035999940315,0.9506614597523688,0.9318065112457636,0.9329811602538876,0.0,0.0,0.0,35.0
700,700,uplink,0.75,S0-QoS,default,class_size_desc,3,0,1.0,533,L6,0.9343339587242027,0.9343339587242027,6,35,1.5,0.17028356365856365,9,1.0401606425702812,0.7792207792207793,26,77,0.0,31.025053999883312,1.0,1.0,0.8674242424242424,0.0,0.0,0.0,35.0
700,700,uplink,0.75,S1,default,class_size_desc,3,0,1.0,533,L6,0.9887429643527205,0.9887429643527205,0,0,1.0,0.16902817182817184,9,1.0657811511701454,1.0,27,82,0.0,51.05758400009108,1.0,1.0,0.9772727272727273,0.0,3.0,3.0,0.0
700,700,uplink,0.75,S2,default,class_size_desc,3,0,1.0,533,L6,0.9943714821763602,0.9943714821763602,0,0,1.0,0.16986788211788212,9,1.0654088050314465,1.0,29,82,0.0,53.98494300015955,1.0,1.0,0.9886363636363636,0.0,3.0,0.0,0.0
700,700,uplink,1.0,S0,default,class_size_desc,3,0,1.0,651,L6,0.8725038402457758,0.8725038402457758,14,88,1.8,0.20737890165390166,20,1.0352112676056338,0.6666666666666666,26,95,0.0,31.932557000118322,0.8818488670742178,0.8714808233726865,0.8713283201905119,0.0,0.0,0.0,83.0
700,700,uplink,1.0,S0-QoS,default,class_size_desc,3,0,1.0,651,L6,0.8725038402457758,0.8725038402457758,14,88,1.8,0.20737890165390166,20,1.0352112676056338,0.6666666666666666,26,95,0.0,29.543335999960618,1.0,0.9961240310077519,0.7469135802469136,0.0,0.0,0.0,83.0
700,700,uplink,1.0,S1,default,class_size_desc,3,0,1.0,651,L6,0.9600614439324117,0.9600614439324117,0,0,1.0,0.20022077922077922,16,1.0746666666666667,1.0309278350515463,28,100,0.0,58.68279399987841,1.0,0.9961240310077519,0.9228395061728395,0.0,7.0,19.0,0.0
700,700,uplink,1.0,S2,default,class_size_desc,3,0,1.0,651,L6,0.989247311827957,0.989247311827957,0,0,1.0,0.21194218281718283,18,1.0942028985507246,1.0,29,106,0.0,59.55873700008851,1.0,1.0,0.9783950617283951,0.0,7.0,0.0,0.0
700,700,uplink,1.0,S2,lambda=0.5xmean,class_size_desc,3,1,1.0,651,L6,0.989247311827957,0.989247311827957,0,0,1.0,0.25234033744033746,5,1.270703933747412,1.0,49,149,0.0,62.92803499991351,1.0,1.0,0.9783950617283951,0.0,7.0,0.0,0.0
700,700,uplink,1.0,S2,lambda=1xmean,class_size_desc,3,2,1.0,651,L6,0.989247311827957,0.989247311827957,0,0,1.0,0.2788264985014985,7,1.3576604554865424,1.0,61,203,0.0,53.19864900002358,1.0,1.0,0.9783950617283951,0.0,7.0,0.0,0.0
700,700,uplink,1.0,S2,lambda=2xmean,class_size_desc,3,4,1.0,651,L6,0.989247311827957,0.989247311827957,0,0,1.0,0.2969931401931402,5,1.4099378881987579,1.0,75,229,0.0,57.74712900006307,1.0,1.0,0.9783950617283951,0.0,7.0,0.0,0.0
700,700,uplink,1.0,S2,max_paths=1,class_size_desc,1,0,1.0,651,L6,0.9723502304147466,0.9723502304147466,0,0,1.0,0.20684804362304363,17,1.0879410215903107,1.0404040404040404,28,103,0.0,55.5525239999497,1.0,0.9961240310077519,0.9475308641975309,0.0,7.0,11.0,0.0
700,700,uplink,1.0,S2,max_paths=2,class_size_desc,2,0,1.0,651,L6,0.989247311827957,0.989247311827957,0,0,1.0,0.21194218281718283,18,1.0942028985507246,1.0,29,106,0.0,50.58646099996622,1.0,1.0,0.9783950617283951,0.0,7.0,0.0,0.0
700,700,uplink,1.0,S2,max_paths=4,class_size_desc,4,0,1.0,651,L6,0.989247311827957,0.989247311827957,0,0,1.0,0.21194218281718283,18,1.0942028985507246,1.0,29,106,0.0,50.10320400015189,1.0,1.0,0.9783950617283951,0.0,7.0,0.0,0.0
700,700,uplink,1.0,S2,order=arrival,arrival,3,0,1.0,651,L6,0.989247311827957,0.989247311827957,0,0,1.0,0.2119478021978022,17,1.0942028985507246,1.0,30,107,0.0,52.028654999958235,1.0,1.0,0.9783950617283951,0.0,7.0,0.0,0.0
700,700,uplink,1.0,S2,order=class_size_asc,class_size_asc,3,0,1.0,651,L6,0.989247311827957,0.989247311827957,0,0,1.0,0.21194905094905095,18,1.0942028985507246,1.0,29,107,0.0,51.463914999885674,1.0,1.0,0.9783950617283951,0.0,7.0,0.0,0.0
700,700,uplink,1.0,S2,util_cap=0.9,class_size_desc,3,0,0.9,651,L6,0.9861751152073732,0.9861751152073732,0,0,0.9,0.218428663003663,0,1.1214953271028036,1.0,32,106,0.0,56.37159000002612,1.0,0.9961240310077519,0.9753086419753086,0.0,9.0,0.0,0.0
700,700,uplink,1.25,S0,default,class_size_desc,3,0,1.0,835,L6,0.7505303119251693,0.7505303119251693,31,254,2.3,0.2657127483627484,35,1.0319135622210172,0.6070234113712375,26,121,0.0,30.74860600008833,0.7521289298861789,0.7556133420885726,0.7461249037448832,0.0,0.0,0.0,208.30718954248366
700,700,uplink,1.25,S0-QoS,default,class_size_desc,3,0,1.0,835,L6,0.749303780498704,0.749303780498704,31,254,2.3,0.2657127483627484,35,1.0319658013635562,0.6073066582318519,26,121,0.0,27.75174600014907,1.0,0.9728915662650602,0.5172738716058263,0.0,0.0,0.0,209.3313432835821
700,700,uplink,1.25,S1,default,class_size_desc,3,0,1.0,835,L6,0.8994011976047904,0.8994011976047904,0,0,1.0,0.2552231768231768,39,1.1189525077674212,0.9833333333333333,31,126,0.0,85.58505700011665,1.0,0.9728915662650602,0.8192771084337349,0.0,14.0,70.0,0.0
700,700,uplink,1.25,S2,default,class_size_desc,3,0,1.0,835,L6,0.9592814371257485,0.9592814371257485,0,0,1.0,0.30050402097902096,45,1.196421140241365,1.0,47,162,0.0,74.18197100014368,1.0,0.9939759036144579,0.9228915662650602,0.0,34.0,0.0,0.0
700,700,uplink,1.5,S0,default,class_size_desc,3,0,1.0,1017,L6,0.6295521760089642,0.6295521760089642,39,509,2.8,0.32434331224331225,41,1.03123757510802,0.6040540540540541,26,149,0.0,32.97265700007301,0.631080552764265,0.6348900313388804,0.6249867085320935,0.0,0.0,0.0,376.74543699888346
700,700,uplink,1.5,S0-QoS,default,class_size_desc,3,0,1.0,1017,L6,0.6252186837799687,0.6252186837799687,39,509,2.8,0.32434331224331225,41,1.0314540878138863,0.6105527638190955,26,149,0.0,29.416747999903237,1.0,0.9255583126550868,0.3073913242686946,0.0,0.0,0.0,381.15259859577185
700,700,uplink,1.5,S1,default,class_size_desc,3,0,1.0,1017,L6,0.8387413962635202,0.8387413962635202,0,0,1.0,0.314067032967033,49,1.1949980461117624,0.9333333333333333,44,158,0.0,109.89493800002492,1.0,0.9553349875930521,0.7120315581854043,0.0,62.0,102.0,0.0
700,700,uplink,1.5,S2,default,class_size_desc,3,0,1.0,1017,L6,0.8859390363815143,0.8859390363815143,0,0,1.0,0.34581413586413584,53,1.2371439141694414,1.0,58,197,0.0,86.43908800013378,1.0,0.9851116625310173,0.7830374753451677,0.0,115.0,1.0,0.0
700,700,uplink,2.0,S0,default,class_size_desc,3,0,1.0,1302,L6,0.4905927000728535,0.4905927000728535,43,1032,3.6,0.4147578033078033,44,1.0313110714868718,0.6063829787234042,26,190,0.0,30.60179099998095,0.49137327628606914,0.49491370706695903,0.48698566438399205,0.0,0.0,0.0,663.2483045051448
700,700,uplink,2.0,S0-QoS,default,class_size_desc,3,0,1.0,1302,L6,0.4811007391652553,0.4811007391652553,43,1032,3.6,0.4147578033078033,44,1.031928828730488,0.6232179226069247,26,190,0.0,29.069006000099762,1.0,0.813953488372093,0.10554500369315184,0.0,0.0,0.0,675.6068376068376
700,700,uplink,2.0,S1,default,class_size_desc,3,0,1.0,1302,L6,0.7496159754224271,0.7496159754224271,0,0,1.0,0.38003033633033634,64,1.2691256830601092,0.9333333333333333,54,188,0.0,101.68216500005656,1.0,0.8875968992248062,0.5864197530864198,0.0,206.0,120.0,0.0
700,700,uplink,2.0,S2,default,class_size_desc,3,0,1.0,1302,L6,0.7818740399385561,0.7818740399385561,0,0,1.0,0.4001805860805861,68,1.2901113294040603,0.9764705882352941,55,208,0.0,105.88896499984912,1.0,0.9806201550387597,0.5771604938271605,0.0,284.0,0.0,0.0
700,700,multi,0.5,S0,default,class_size_desc,3,0,1.0,366,L47;L55;L89,1.0,1.0,0,0,1.0,0.11678896225134089,2,1.0,nan,0,0,0.0,30.124365000119724,1.0,1.0,1.0,0.0,0.0,0.0,0.0
700,700,multi,0.5,S0-QoS,default,class_size_desc,3,0,1.0,366,L47;L55;L89,1.0,1.0,0,0,1.0,0.11678896225134089,2,1.0,nan,0,0,0.0,27.712200999985726,1.0,1.0,1.0,0.0,0.0,0.0,0.0
700,700,multi,0.5,S1,default,class_size_desc,3,0,1.0,366,L47;L55;L89,1.0,1.0,0,0,1.0,0.11678896225134089,2,1.0,nan,0,0,0.0,46.59906200004116,1.0,1.0,1.0,0.0,0.0,0.0,0.0
700,700,multi,0.5,S2,default,class_size_desc,3,0,1.0,366,L47;L55;L89,1.0,1.0,0,0,1.0,0.11678896225134089,2,1.0,nan,0,0,0.0,47.19485999999051,1.0,1.0,1.0,0.0,0.0,0.0,0.0
700,700,multi,0.75,S0,default,class_size_desc,3,0,1.0,533,L47;L55;L89,0.9662288930581614,0.9662288930581614,5,18,1.5,0.17010136748364904,8,1.0,nan,0,0,0.0,28.55220699984784,0.9627039627039627,0.9658519051042416,0.9672688422688422,0.0,0.0,0.0,18.0
700,700,multi,0.75,S0-QoS,default,class_size_desc,3,0,1.0,533,L47;L55;L89,0.9662288930581614,0.9662288930581614,5,18,1.5,0.17010136748364904,8,1.0,nan,0,0,0.0,28.154570999959105,1.0,1.0,0.9318181818181818,0.0,0.0,0.0,18.0
700,700,multi,0.75,S1,default,class_size_desc,3,0,1.0,533,L47;L55;L89,0.9887429643527205,0.9887429643527205,0,0,1.0,0.1645387981759341,8,1.0,nan,0,0,0.0,52.34837399984826,1.0,1.0,0.9772727272727273,0.0,3.0,3.0,0.0
700,700,multi,0.75,S2,default,class_size_desc,3,0,1.0,533,L47;L55;L89,0.9943714821763602,0.9943714821763602,0,0,1.0,0.16539354052096772,8,1.0,nan,0,0,0.0,50.41721299994606,1.0,1.0,0.9886363636363636,0.0,3.0,0.0,0.0
700,700,multi,1.0,S0,default,class_size_desc,3,0,1.0,651,L47;L55;L89,0.9185867895545314,0.9185867895545314,13,53,1.8,0.2071014693235567,19,1.0,nan,0,0,0.0,33.8325199998053,0.8975355317510327,0.9203735073300291,0.9216471710433063,0.0,0.0,0.0,53.0
700,700,multi,1.0,S0-QoS,default,class_size_desc,3,0,1.0,651,L47;L55;L89,0.9185867895545314,0.9185867895545314,13,53,1.8,0.2071014693235567,19,1.0,nan,0,0,0.0,32.130477000009705,1.0,0.9961240310077519,0.8395061728395061,0.0,0.0,0.0,53.0
700,700,multi,1.0,S1,default,class_size_desc,3,0,1.0,651,L47;L55;L89,0.9554531490015361,0.9554531490015361,0,0,1.0,0.19129693688188834,18,1.0,nan,0,0,0.0,59.339314999988346,1.0,0.9961240310077519,0.9135802469135802,0.0,7.0,22.0,0.0
700,700,multi,1.0,S2,default,class_size_desc,3,0,1.0,651,L47;L55;L89,0.989247311827957,0.989247311827957,0,0,1.0,0.201664233824428,19,1.015527950310559,nan,0,0,0.0,54.82282499997382,1.0,1.0,0.9783950617283951,0.0,7.0,0.0,0.0
700,700,multi,1.0,S2,lambda=0.5xmean,class_size_desc,3,1,1.0,651,L47;L55;L89,0.989247311827957,0.989247311827957,0,0,1.0,0.2334419540815172,5,1.1884057971014492,1.0,12,36,0.0,51.339492000124665,1.0,1.0,0.9783950617283951,0.0,7.0,0.0,0.0
700,700,multi,1.0,S2,lambda=1xmean,class_size_desc,3,2,1.0,651,L47;L55;L89,0.989247311827957,0.989247311827957,0,0,1.0,0.24754592696947067,5,1.239648033126294,1.0,13,43,0.0,52.588053999897966,1.0,1.0,0.9783950617283951,0.0,7.0,0.0,0.0
700,700,multi,1.0,S2,lambda=2xmean,class_size_desc,3,4,1.0,651,L47;L55;L89,0.989247311827957,0.989247311827957,0,0,1.0,0.26765795086790234,4,1.303312629399586,1.0,18,57,0.0,78.98653100005504,1.0,1.0,0.9783950617283951,0.0,7.0,0.0,0.0
700,700,multi,1.0,S2,max_paths=1,class_size_desc,1,0,1.0,651,L47;L55;L89,0.9662058371735791,0.9662058371735791,0,0,1.0,0.19511956853825785,18,1.0068892421833597,nan,0,0,0.0,56.811444000004485,1.0,0.9961240310077519,0.9351851851851852,0.0,7.0,15.0,0.0
700,700,multi,1.0,S2,max_paths=2,class_size_desc,2,0,1.0,651,L47;L55;L89,0.989247311827957,0.989247311827957,0,0,1.0,0.201664233824428,19,1.015527950310559,nan,0,0,0.0,51.45358599997962,1.0,1.0,0.9783950617283951,0.0,7.0,0.0,0.0
700,700,multi,1.0,S2,max_paths=4,class_size_desc,4,0,1.0,651,L47;L55;L89,0.989247311827957,0.989247311827957,0,0,1.0,0.201664233824428,19,1.015527950310559,nan,0,0,0.0,49.10660500013364,1.0,1.0,0.9783950617283951,0.0,7.0,0.0,0.0
700,700,multi,1.0,S2,order=arrival,arrival,3,0,1.0,651,L47;L55;L89,0.989247311827957,0.989247311827957,0,0,1.0,0.201664233824428,19,1.015527950310559,nan,0,0,0.0,51.620018000221535,1.0,1.0,0.9783950617283951,0.0,7.0,0.0,0.0
700,700,multi,1.0,S2,order=class_size_asc,class_size_asc,3,0,1.0,651,L47;L55;L89,0.989247311827957,0.989247311827957,0,0,1.0,0.201664233824428,19,1.015527950310559,nan,0,0,0.0,50.47312700003204,1.0,1.0,0.9783950617283951,0.0,7.0,0.0,0.0
700,700,multi,1.0,S2,util_cap=0.9,class_size_desc,3,0,0.9,651,L47;L55;L89,0.9831029185867896,0.9831029185867896,0,0,0.9,0.20287933102496208,0,1.0302083333333334,0.6,2,0,0.0,58.09934999979305,1.0,0.9961240310077519,0.9691358024691358,0.0,11.0,0.0,0.0
700,700,multi,1.25,S0,default,class_size_desc,3,0,1.0,835,L47;L55;L89,0.79704884510674,0.79704884510674,31,194,2.3,0.2653900185574943,35,1.0,nan,0,0,0.0,31.392793999884816,0.7647722842045118,0.8057061327439269,0.7969672014051739,0.0,0.0,0.0,169.4642143358721
700,700,multi,1.25,S0-QoS,default,class_size_desc,3,0,1.0,835,L47;L55;L89,0.7957671038519974,0.7957671038519974,31,194,2.3,0.2653900185574943,35,1.0,nan,0,0,0.0,28.754376000051707,1.0,0.9728915662650602,0.6107603173889589,0.0,0.0,0.0,170.5344682835821
700,700,multi,1.25,S1,default,class_size_desc,3,0,1.0,835,L47;L55;L89,0.9101796407185628,0.9101796407185628,0,0,1.0,0.24384439710774664,34,1.0412280701754386,0.42857142857142855,3,7,0.0,68.49807200001123,1.0,0.9728915662650602,0.8409638554216867,0.0,19.0,56.0,0.0
700,700,multi,1.25,S2,default,class_size_desc,3,0,1.0,835,L47;L55;L89,0.9772455089820359,0.9772455089820359,0,0,1.0,0.26925464503134405,38,1.0723039215686274,0.4444444444444444,4,7,0.0,54.53481499989721,1.0,0.9939759036144579,0.9590361445783132,0.0,19.0,0.0,0.0
700,700,multi,1.5,S0,default,class_size_desc,3,0,1.0,1017,L47;L55;L89,0.6682236205128016,0.6682236205128016,39,449,2.8,0.3238904315748976,41,1.0,nan,0,0,0.0,38.048055999979624,0.6431583019680257,0.6747109298050166,0.6683569606302147,0.0,0.0,0.0,337.41657793848077
700,700,multi,1.5,S0-QoS,default,class_size_desc,3,0,1.0,1017,L47;L55;L89,0.6628505470427726,0.6628505470427726,39,449,2.8,0.3238904315748976,41,1.0,nan,0,0,0.0,27.245857000025353,1.0,0.9454094292803971,0.36709863183925,0.0,0.0,0.0,342.88099365750026
700,700,multi,1.5,S1,default,class_size_desc,3,0,1.0,1017,L47;L55;L89,0.8702064896755162,0.8702064896755162,0,0,1.0,0.298458644510829,47,1.1016949152542372,0.3333333333333333,2,3,0.0,94.48444700001346,1.0,0.9652605459057072,0.7672583826429981,0.0,57.0,75.0,0.0
700,700,multi,1.5,S2,default,class_size_desc,3,0,1.0,1017,L47;L55;L89,0.9429695181907571,0.9429695181907571,0,0,1.0,0.3363905617036685,49,1.1484184914841848,0.5769230769230769,7,19,0.0,67.73182500000985,1.0,0.9851116625310173,0.8974358974358975,0.0,58.0,0.0,0.0
700,700,multi,2.0,S0,default,class_size_desc,3,0,1.0,1302,L47;L55;L89,0.5205061934838002,0.5205061934838002,43,972,3.6,0.4142029386471134,44,1.0,nan,0,0,0.0,29.318524000018442,0.4995979968777184,0.5266019911100938,0.5201048039104542,0.0,0.0,0.0,624.3009360840921
700,700,multi,2.0,S0-QoS,default,class_size_desc,3,0,1.0,1302,L47;L55;L89,0.50896134577349,0.50896134577349,43,972,3.6,0.4142029386471134,44,1.0,nan,0,0,0.0,27.124218999915684,1.0,0.8565891472868217,0.1275735682053765,0.0,0.0,0.0,639.332327802916
700,700,multi,2.0,S1,default,class_size_desc,3,0,1.0,1302,L47;L55;L89,0.8125960061443932,0.8125960061443932,0,0,1.0,0.3838768642360875,68,1.1997479521109011,0.07692307692307693,7,10,0.0,123.78248200002417,1.0,0.9108527131782945,0.6944444444444444,0.0,130.0,114.0,0.0
700,700,multi,2.0,S2,default,class_size_desc,3,0,1.0,1302,L47;L55;L89,0.8494623655913979,0.8494623655913979,0,0,1.0,0.4095018670649739,72,1.2308619650391803,0.55,9,28,0.0,97.03780500012726,1.0,0.9767441860465116,0.7160493827160493,0.0,196.0,0.0,0.0
700,700,recovered,0.5,S0,default,class_size_desc,3,0,1.0,366,,1.0,1.0,0,0,1.0,0.11348361426309539,2,1.0,nan,4,10,0.0,28.137098000115657,1.0,1.0,1.0,0.0,0.0,0.0,0.0
700,700,recovered,0.5,S0-QoS,default,class_size_desc,3,0,1.0,366,,1.0,1.0,0,0,1.0,0.11348361426309539,2,1.0,nan,4,10,0.0,28.888897999877372,1.0,1.0,1.0,0.0,0.0,0.0,0.0
700,700,recovered,0.5,S1,default,class_size_desc,3,0,1.0,366,,1.0,1.0,0,0,1.0,0.11348361426309539,2,1.0,nan,4,10,0.0,46.65114900012668,1.0,1.0,1.0,0.0,0.0,0.0,0.0
700,700,recovered,0.5,S2,default,class_size_desc,3,0,1.0,366,,1.0,1.0,0,0,1.0,0.11348361426309539,2,1.0,nan,4,10,0.0,50.60880199994244,1.0,1.0,1.0,0.0,0.0,0.0,0.0
700,700,recovered,0.75,S0,default,class_size_desc,3,0,1.0,533,,0.9662288930581614,0.9662288930581614,5,18,1.5,0.16528717783788538,8,1.0,nan,4,13,0.0,36.89858000007007,0.9627039627039627,0.9658519051042416,0.9672688422688422,0.0,0.0,0.0,18.0
700,700,recovered,0.75,S0-QoS,default,class_size_desc,3,0,1.0,533,,0.9662288930581614,0.9662288930581614,5,18,1.5,0.16528717783788538,8,1.0,nan,4,13,0.0,30.33366800013937,1.0,1.0,0.9318181818181818,0.0,0.0,0.0,18.0
700,700,recovered,0.75,S1,default,class_size_desc,3,0,1.0,533,,0.9887429643527205,0.9887429643527205,0,0,1.0,0.15988203973699255,8,1.0,nan,5,15,0.0,50.51429500008453,1.0,1.0,0.9772727272727273,0.0,3.0,3.0,0.0
700,700,recovered,0.75,S2,default,class_size_desc,3,0,1.0,533,,0.9943714821763602,0.9943714821763602,0,0,1.0,0.1607125912609403,8,1.0,nan,6,15,0.0,48.87845700000071,1.0,1.0,0.9886363636363636,0.0,3.0,0.0,0.0
700,700,recovered,1.0,S0,default,class_size_desc,3,0,1.0,651,,0.9185867895545314,0.9185867895545314,13,53,1.8,0.20124010698421077,19,1.0,nan,4,17,0.0,31.320319000087693,0.8975355317510327,0.9203735073300291,0.9216471710433063,0.0,0.0,0.0,53.0
700,700,recovered,1.0,S0-QoS,default,class_size_desc,3,0,1.0,651,,0.9185867895545314,0.9185867895545314,13,53,1.8,0.20124010698421077,19,1.0,nan,4,17,0.0,30.015942999852996,1.0,0.9961240310077519,0.8395061728395061,0.0,0.0,0.0,53.0
700,700,recovered,1.0,S1,default,class_size_desc,3,0,1.0,651,,0.9554531490015361,0.9554531490015361,0,0,1.0,0.18588287263051415,18,1.0,nan,5,19,0.0,75.19117400011055,1.0,0.9961240310077519,0.9135802469135802,0.0,7.0,22.0,0.0
700,700,recovered,1.0,S2,default,class_size_desc,3,0,1.0,651,,0.989247311827957,0.989247311827957,0,0,1.0,0.1959567555086423,19,1.015527950310559,nan,7,21,0.0,51.479475000178354,1.0,1.0,0.9783950617283951,0.0,7.0,0.0,0.0
700,700,recovered,1.0,S2,lambda=0.5xmean,class_size_desc,3,1,1.0,651,,0.989247311827957,0.989247311827957,0,0,1.0,0.22884833916083916,4,1.193064182194617,nan,32,88,0.0,52.00958900013575,1.0,1.0,0.9783950617283951,0.0,7.0,0.0,0.0
700,700,recovered,1.0,S2,lambda=1xmean,class_size_desc,3,2,1.0,651,,0.989247311827957,0.989247311827957,0,0,1.0,0.24455500670712935,5,1.255175983436853,nan,29,77,0.0,51.64322199993876,1.0,1.0,0.9783950617283951,0.0,7.0,0.0,0.0
700,700,recovered,1.0,S2,lambda=2xmean,class_size_desc,3,4,1.0,651,,0.989247311827957,0.989247311827957,0,0,1.0,0.25230888804591634,4,1.2820910973084887,nan,33,92,0.0,54.74057099991114,1.0,1.0,0.9783950617283951,0.0,7.0,0.0,0.0
700,700,recovered,1.0,S2,max_paths=1,class_size_desc,1,0,1.0,651,,0.9662058371735791,0.9662058371735791,0,0,1.0,0.18959731659849585,18,1.0068892421833597,nan,6,20,0.0,56.769195000015316,1.0,0.9961240310077519,0.9351851851851852,0.0,7.0,15.0,0.0
700,700,recovered,1.0,S2,max_paths=2,class_size_desc,2,0,1.0,651,,0.989247311827957,0.989247311827957,0,0,1.0,0.1959567555086423,19,1.015527950310559,nan,7,21,0.0,63.95906000011564,1.0,1.0,0.9783950617283951,0.0,7.0,0.0,0.0
700,700,recovered,1.0,S2,max_paths=4,class_size_desc,4,0,1.0,651,,0.989247311827957,0.989247311827957,0,0,1.0,0.1959567555086423,19,1.015527950310559,nan,7,21,0.0,53.63280300002771,1.0,1.0,0.9783950617283951,0.0,7.0,0.0,0.0
700,700,recovered,1.0,S2,order=arrival,arrival,3,0,1.0,651,,0.989247311827957,0.989247311827957,0,0,1.0,0.1959567555086423,19,1.015527950310559,nan,6,21,0.0,52.24114399993596,1.0,1.0,0.9783950617283951,0.0,7.0,0.0,0.0
700,700,recovered,1.0,S2,order=class_size_asc,class_size_asc,3,0,1.0,651,,0.989247311827957,0.989247311827957,0,0,1.0,0.1959567555086423,19,1.015527950310559,nan,5,21,0.0,65.75383500012322,1.0,1.0,0.9783950617283951,0.0,7.0,0.0,0.0
700,700,recovered,1.0,S2,util_cap=0.9,class_size_desc,3,0,0.9,651,,0.9861751152073732,0.9861751152073732,0,0,0.9,0.19816890970664555,0,1.032191069574247,nan,7,22,0.0,55.61104299999897,1.0,0.9961240310077519,0.9753086419753086,0.0,9.0,0.0,0.0
700,700,recovered,1.25,S0,default,class_size_desc,3,0,1.0,835,,0.79704884510674,0.79704884510674,31,194,2.3,0.25787898029643314,35,1.0,nan,4,22,0.0,31.478293999953166,0.7647722842045118,0.8057061327439269,0.7969672014051739,0.0,0.0,0.0,169.4642143358721
700,700,recovered,1.25,S0-QoS,default,class_size_desc,3,0,1.0,835,,0.7957671038519974,0.7957671038519974,31,194,2.3,0.25787898029643314,35,1.0,nan,4,22,0.0,38.39520599990465,1.0,0.9728915662650602,0.6107603173889589,0.0,0.0,0.0,170.5344682835821
700,700,recovered,1.25,S1,default,class_size_desc,3,0,1.0,835,,0.9149700598802395,0.9149700598802395,0,0,1.0,0.2390874318291771,34,1.0449389179755673,nan,5,23,0.0,73.30598800012922,1.0,0.9728915662650602,0.8506024096385543,0.0,14.0,57.0,0.0
700,700,recovered,1.25,S2,default,class_size_desc,3,0,1.0,835,,0.9832335329341317,0.9832335329341317,0,0,1.0,0.26421526586620925,38,1.0755176613885506,nan,9,32,0.0,62.15413400013858,1.0,0.9939759036144579,0.9710843373493976,0.0,14.0,0.0,0.0
700,700,recovered,1.5,S0,default,class_size_desc,3,0,1.0,1017,,0.6682236205128016,0.6682236205128016,39,449,2.8,0.31472372124730613,41,1.0,nan,4,27,0.0,30.54083699998955,0.6431583019680257,0.6747109298050166,0.6683569606302147,0.0,0.0,0.0,337.41657793848077
700,700,recovered,1.5,S0-QoS,default,class_size_desc,3,0,1.0,1017,,0.6628505470427726,0.6628505470427726,39,449,2.8,0.31472372124730613,41,1.0,nan,4,27,0.0,28.48847800009935,1.0,0.9454094292803971,0.36709863183925,0.0,0.0,0.0,342.88099365750026
700,700,recovered,1.5,S1,default,class_size_desc,3,0,1.0,1017,,0.8761061946902655,0.8761061946902655,0,0,1.0,0.2931524854862119,47,1.1054994388327721,nan,10,41,0.0,92.24799300000086,1.0,0.9652605459057072,0.7790927021696252,0.0,45.0,81.0,0.0
700,700,recovered,1.5,S2,default,class_size_desc,3,0,1.0,1017,,0.9537856440511308,0.9537856440511308,0,0,1.0,0.3324271012006861,50,1.1525773195876288,nan,18,67,0.0,113.60687899991717,1.0,0.9851116625310173,0.9191321499013807,0.0,47.0,0.0,0.0
700,700,recovered,2.0,S0,default,class_size_desc,3,0,1.0,1302,,0.5205061934838002,0.5205061934838002,43,972,3.6,0.40248021396842154,44,1.0,nan,4,34,0.0,29.009214000097927,0.4995979968777184,0.5266019911100938,0.5201048039104542,0.0,0.0,0.0,624.3009360840921
700,700,recovered,2.0,S0-QoS,default,class_size_desc,3,0,1.0,1302,,0.50896134577349,0.50896134577349,43,972,3.6,0.40248021396842154,44,1.0,nan,4,34,0.0,29.247820999898977,1.0,0.8565891472868217,0.1275735682053765,0.0,0.0,0.0,639.332327802916
700,700,recovered,2.0,S1,default,class_size_desc,3,0,1.0,1302,,0.8310291858678955,0.8310291858678955,0,0,1.0,0.3855543937194881,70,1.2113370301910042,nan,19,100,0.0,180.1292249999733,1.0,0.9108527131782945,0.7314814814814815,0.0,108.0,112.0,0.0
700,700,recovered,2.0,S2,default,class_size_desc,3,0,1.0,1302,,0.8663594470046083,0.8663594470046083,0,0,1.0,0.4093467585873246,74,1.239952718676123,nan,22,116,0.0,112.88292200015348,1.0,0.9806201550387597,0.7469135802469136,0.0,174.0,0.0,0.0
800,800,healthy,0.5,S0,default,class_size_desc,3,0,1.0,381,,0.973753280839895,0.973753280839895,4,10,1.4,0.12180991380991381,6,1.0,nan,0,0,0.0,28.399851999893144,0.9559065934065935,0.9748817615950484,0.9765436583618402,0.0,0.0,0.0,10.000000000000002
800,800,healthy,0.5,S0-QoS,default,class_size_desc,3,0,1.0,381,,0.973753280839895,0.973753280839895,4,10,1.4,0.12180991380991381,6,1.0,nan,0,0,0.0,27.108469000040714,1.0,1.0,0.9494949494949495,0.0,0.0,0.0,10.0
800,800,healthy,0.5,S1,default,class_size_desc,3,0,1.0,381,,0.994750656167979,0.994750656167979,0,0,1.0,0.11931699231699232,6,1.0,nan,0,0,0.0,48.70646399990619,1.0,1.0,0.98989898989899,0.0,0.0,2.0,0.0
800,800,healthy,0.5,S2,default,class_size_desc,3,0,1.0,381,,1.0,1.0,0,0,1.0,0.11982793182793183,6,1.0,nan,0,0,0.0,47.40987300010602,1.0,1.0,1.0,0.0,0.0,0.0,0.0
800,800,healthy,0.75,S0,default,class_size_desc,3,0,1.0,546,,0.9047619047619048,0.9047619047619048,12,52,2.0,0.1750587633087633,14,1.0,nan,0,0,0.0,35.3362799999104,0.8892814701638231,0.9044439092251321,0.9080074010387599,0.0,0.0,0.0,52.0
800,800,healthy,0.75,S0-QoS,default,class_size_desc,3,0,1.0,546,,0.9047619047619048,0.9047619047619048,12,52,2.0,0.1750587633087633,14,1.0,nan,0,0,0.0,28.22466199995688,1.0,0.9950738916256158,0.8222996515679443,0.0,0.0,0.0,52.0
800,800,healthy,0.75,S1,default,class_size_desc,3,0,1.0,546,,0.9652014652014652,0.9652014652014652,0,0,1.0,0.16062311337311339,14,1.0,nan,0,0,0.0,55.35377999990487,1.0,0.9950738916256158,0.9372822299651568,0.0,3.0,16.0,0.0
800,800,healthy,0.75,S2,default,class_size_desc,3,0,1.0,546,,0.9945054945054945,0.9945054945054945,0,0,1.0,0.1655451132951133,14,1.0024554941682013,nan,0,0,0.0,49.64536500006034,1.0,1.0,0.9895470383275261,0.0,3.0,0.0,0.0
800,800,healthy,1.0,S0,default,class_size_desc,3,0,1.0,668,,0.842814371257485,0.842814371257485,17,105,2.5,0.21398157248157249,20,1.0,nan,0,0,0.0,30.573207000088587,0.8371073049333919,0.8427583557574895,0.8439954755051576,0.0,0.0,0.0,105.0
800,800,healthy,1.0,S0-QoS,default,class_size_desc,3,0,1.0,668,,0.842814371257485,0.842814371257485,17,105,2.5,0.21398157248157249,20,1.0,nan,0,0,0.0,28.3615490000102,1.0,0.9717741935483871,0.72,0.0,0.0,0.0,105.0
800,800,healthy,1.0,S1,default,class_size_desc,3,0,1.0,668,,0.9446107784431138,0.9446107784431138,0,0,1.0,0.18967453492453493,20,1.00581088219757,nan,0,0,0.0,69.40621500007182,1.0,0.9717741935483871,0.9142857142857143,0.0,7.0,30.0,0.0
800,800,healthy,1.0,S2,default,class_size_desc,3,0,1.0,668,,0.9895209580838323,0.9895209580838323,0,0,1.0,0.19949571974571975,20,1.0121028744326777,nan,0,0,0.0,54.81894799982001,1.0,1.0,0.98,0.0,7.0,0.0,0.0
800,800,healthy,1.0,S2,lambda=0.5xmean,class_size_desc,3,1,1.0,668,,0.9895209580838323,0.9895209580838323,0,0,1.0,0.2281558539058539,9,1.1739788199697427,nan,0,0,0.0,57.210342000189485,1.0,1.0,0.98,0.0,7.0,0.0,0.0
800,800,healthy,1.0,S2,lambda=1xmean,class_size_desc,3,2,1.0,668,,0.9895209580838323,0.9895209580838323,0,0,1.0,0.24735150735150735,6,1.2465960665658093,nan,0,0,0.0,59.02537599990865,1.0,1.0,0.98,0.0,7.0,0.0,0.0
800,800,healthy,1.0,S2,lambda=2xmean,class_size_desc,3,4,1.0,668,,0.9895209580838323,0.9895209580838323,0,0,1.0,0.259724766974767,7,1.2834089762985377,nan,0,0,0.0,55.35860000009052,1.0,1.0,0.98,0.0,7.0,0.0,0.0
800,800,healthy,1.0,S2,max_paths=1,class_size_desc,1,0,1.0,668,,0.9491017964071856,0.9491017964071856,0,0,1.0,0.19166736866736866,20,1.010515247108307,nan,0,0,0.0,64.60306700000729,1.0,0.9758064516129032,0.92,0.0,7.0,27.0,0.0
800,800,healthy,1.0,S2,max_paths=2,class_size_desc,2,0,1.0,668,,0.9895209580838323,0.9895209580838323,0,0,1.0,0.19949571974571975,20,1.0121028744326777,nan,0,0,0.0,66.78976800003511,1.0,1.0,0.98,0.0,7.0,0.0,0.0
800,800,healthy,1.0,S2,max_paths=4,class_size_desc,4,0,1.0,668,,0.9895209580838323,0.9895209580838323,0,0,1.0,0.19949571974571975,20,1.0121028744326777,nan,0,0,0.0,61.525776000053156,1.0,1.0,0.98,0.0,7.0,0.0,0.0
800,800,healthy,1.0,S2,order=arrival,arrival,3,0,1.0,668,,0.9895209580838323,0.9895209580838323,0,0,1.0,0.19949571974571975,20,1.0121028744326777,nan,0,0,0.0,53.52500100002544,1.0,1.0,0.98,0.0,7.0,0.0,0.0
800,800,healthy,1.0,S2,order=class_size_asc,class_size_asc,3,0,1.0,668,,0.9895209580838323,0.9895209580838323,0,0,1.0,0.19949571974571975,20,1.0121028744326777,nan,0,0,0.0,53.87442699998246,1.0,1.0,0.98,0.0,7.0,0.0,0.0
800,800,healthy,1.0,S2,util_cap=0.9,class_size_desc,3,0,0.9,668,,0.9865269461077845,0.9865269461077845,0,0,0.9,0.1999434206934207,0,1.024279210925645,nan,0,0,0.0,55.279782000070554,1.0,1.0,0.9742857142857143,0.0,9.0,0.0,0.0
800,800,healthy,1.25,S0,default,class_size_desc,3,0,1.0,846,,0.7423167848699763,0.7423167848699763,27,218,3.1,0.2709155941655942,34,1.0,nan,0,0,0.0,29.262660000085816,0.7367982872408243,0.7409307133469232,0.7443814736616384,0.0,0.0,0.0,218.0
800,800,healthy,1.25,S0-QoS,default,class_size_desc,3,0,1.0,846,,0.7423167848699763,0.7423167848699763,27,218,3.1,0.2709155941655942,34,1.0,nan,0,0,0.0,29.161108999915086,1.0,0.9333333333333333,0.5563063063063063,0.0,0.0,0.0,218.0
800,800,healthy,1.25,S1,default,class_size_desc,3,0,1.0,846,,0.9148936170212766,0.9148936170212766,0,0,1.0,0.23325714675714676,35,1.0241171403962102,nan,0,0,0.0,88.5164439998789,1.0,0.9682539682539683,0.8603603603603603,0.0,16.0,56.0,0.0
800,800,healthy,1.25,S2,default,class_size_desc,3,0,1.0,846,,0.9810874704491725,0.9810874704491725,0,0,1.0,0.2574528782028782,38,1.0534136546184738,nan,0,0,0.0,58.0886399998235,1.0,1.0,0.963963963963964,0.0,16.0,0.0,0.0
800,800,healthy,1.5,S0,default,class_size_desc,3,0,1.0,1049,,0.6186657694536346,0.6186657694536346,39,460,3.9,0.3357914862914863,40,1.0,nan,0,0,0.0,38.20199400001911,0.6228633135184594,0.6193400204074319,0.6173421162235883,0.0,0.0,0.0,400.01960784313724
800,800,healthy,1.5,S0-QoS,default,class_size_desc,3,0,1.0,1049,,0.6177965068042612,0.6177965068042612,39,460,3.9,0.3357914862914863,40,1.0,nan,0,0,0.0,33.784990999947695,1.0,0.8849104859335039,0.3504900285358942,0.0,0.0,0.0,400.93146436232996
800,800,healthy,1.5,S1,default,class_size_desc,3,0,1.0,1049,,0.871306005719733,0.871306005719733,0,0,1.0,0.2874250809250809,49,1.0703865791393143,nan,0,0,0.0,99.3488689998685,1.0,0.9514066496163683,0.7883211678832117,0.0,22.0,113.0,0.0
800,800,healthy,1.5,S2,default,class_size_desc,3,0,1.0,1049,,0.9656816015252622,0.9656816015252622,0,0,1.0,0.336997191997192,52,1.1385324119776241,nan,0,0,0.0,78.35212200006936,1.0,0.9974424552429667,0.9361313868613139,0.0,36.0,0.0,0.0
800,800,healthy,2.0,S0,default,class_size_desc,3,0,1.0,1336,,0.48654225291747794,0.48654225291747794,42,900,5.0,0.42796314496314497,43,1.0,nan,0,0,0.0,43.42455900018649,0.49103367802845144,0.4892737638884984,0.4837084972643887,0.0,0.0,0.0,685.9795501022495
800,800,healthy,2.0,S0-QoS,default,class_size_desc,3,0,1.0,1336,,0.48028320717056455,0.48028320717056455,42,900,5.0,0.42796314496314497,43,1.0,nan,0,0,0.0,33.04787800016129,0.9857142857142858,0.8024193548387096,0.15094052111410602,0.0,0.0,0.0,694.3416352201258
800,800,healthy,2.0,S1,default,class_size_desc,3,0,1.0,1336,,0.8098802395209581,0.8098802395209581,0,0,1.0,0.36455840255840255,66,1.1632778804682686,nan,0,0,2.0,103.15798299984635,0.9857142857142858,0.8991935483870968,0.7114285714285714,0.0,90.0,164.0,0.0
800,800,healthy,2.0,S2,default,class_size_desc,3,0,1.0,1336,,0.8847305389221557,0.8847305389221557,0,0,1.0,0.4215050895050895,79,1.2408347433728144,nan,0,0,0.0,102.27043800000502,1.0,0.9879032258064516,0.7885714285714286,0.0,154.0,0.0,0.0
800,800,uplink,0.5,S0,default,class_size_desc,3,0,1.0,381,L6,0.973753280839895,0.973753280839895,4,10,1.4,0.12648567493112947,7,1.059299191374663,1.0,36,66,0.0,32.3693049999747,0.9559065934065935,0.9748817615950484,0.9765436583618402,0.0,0.0,0.0,10.000000000000002
800,800,uplink,0.5,S0-QoS,default,class_size_desc,3,0,1.0,381,L6,0.973753280839895,0.973753280839895,4,10,1.4,0.12648567493112947,7,1.059299191374663,1.0,36,66,0.0,31.31105099987508,1.0,1.0,0.9494949494949495,0.0,0.0,0.0,10.0
800,800,uplink,0.5,S1,default,class_size_desc,3,0,1.0,381,L6,0.994750656167979,0.994750656167979,0,0,1.0,0.12412723337268791,7,1.0633245382585752,1.0,39,72,0.0,54.06421199995748,1.0,1.0,0.98989898989899,0.0,0.0,2.0,0.0
800,800,uplink,0.5,S2,default,class_size_desc,3,0,1.0,381,L6,1.0,1.0,0,0,1.0,0.12466900826446281,7,1.063867016622922,1.0,41,73,0.0,76.98092999999062,1.0,1.0,1.0,0.0,0.0,0.0,0.0
800,800,uplink,0.75,S0,default,class_size_desc,3,0,1.0,546,L6,0.8974358974358975,0.8974358974358975,13,56,2.0,0.18160929752066116,15,1.0585034013605443,0.9555555555555556,36,91,0.0,33.107328999903984,0.8841794293474966,0.8988140710829786,0.8990477196052109,0.0,0.0,0.0,56.0
800,800,uplink,0.75,S0-QoS,default,class_size_desc,3,0,1.0,546,L6,0.8974358974358975,0.8974358974358975,13,56,2.0,0.18160929752066116,15,1.0585034013605443,0.9555555555555556,36,91,0.0,31.327681999982815,1.0,0.9950738916256158,0.8083623693379791,0.0,0.0,0.0,56.0
800,800,uplink,0.75,S1,default,class_size_desc,3,0,1.0,546,L6,0.9633699633699634,0.9633699633699634,0,0,1.0,0.1664720680834317,16,1.067807351077313,0.9907407407407407,43,107,0.0,60.540268000067954,1.0,0.9950738916256158,0.9337979094076655,0.0,3.0,17.0,0.0
800,800,uplink,0.75,S2,default,class_size_desc,3,0,1.0,546,L6,0.9945054945054945,0.9945054945054945,0,0,1.0,0.17182322904368358,16,1.0712093308778392,1.0,45,112,0.0,52.33210400001553,1.0,1.0,0.9895470383275261,0.0,3.0,0.0,0.0
800,800,uplink,1.0,S0,default,class_size_desc,3,0,1.0,668,L6,0.8323353293413174,0.8323353293413174,18,112,2.5,0.2219878984651712,22,1.0593525179856116,0.9339622641509434,36,112,0.0,33.207937999804926,0.8312249519922155,0.8344566479776033,0.8310542990345694,0.0,0.0,0.0,112.0
800,800,uplink,1.0,S0-QoS,default,class_size_desc,3,0,1.0,668,L6,0.8323353293413174,0.8323353293413174,18,112,2.5,0.2219878984651712,22,1.0593525179856116,0.9339622641509434,36,112,0.0,31.0988419998921,1.0,0.9717741935483871,0.7,0.0,0.0,0.0,112.0
800,800,uplink,1.0,S1,default,class_size_desc,3,0,1.0,668,L6,0.938622754491018,0.938622754491018,0,0,1.0,0.19900227272727272,22,1.0829346092503986,0.9701492537313433,45,130,0.0,68.39531900004658,1.0,0.9717741935483871,0.9028571428571428,0.0,7.0,34.0,0.0
800,800,uplink,1.0,S2,default,class_size_desc,3,0,1.0,668,L6,0.9895209580838323,0.9895209580838323,0,0,1.0,0.21378939393939395,22,1.0993444276348967,1.0,49,143,0.0,56.560855000043375,1.0,1.0,0.98,0.0,7.0,0.0,0.0
800,800,uplink,1.0,S2,lambda=0.5xmean,class_size_desc,3,1,1.0,668,L6,0.9895209580838323,0.9895209580838323,0,0,1.0,0.2481504132231405,7,1.253656076651538,1.0,71,208,0.0,57.28307899994434,1.0,1.0,0.98,0.0,7.0,0.0,0.0
800,800,uplink,1.0,S2,lambda=1xmean,class_size_desc,3,2,1.0,668,L6,0.9895209580838323,0.9895209580838323,0,0,1.0,0.2678577528532074,11,1.3045890065557237,1.0,71,216,0.0,58.66344799983381,1.0,1.0,0.98,0.0,7.0,0.0,0.0
800,800,uplink,1.0,S2,lambda=2xmean,class_size_desc,3,4,1.0,668,L6,0.9895209580838323,0.9895209580838323,0,0,1.0,0.28617393742621017,12,1.3630862329803328,1.0,74,244,0.0,61.74579799994717,1.0,1.0,0.98,0.0,7.0,0.0,0.0
800,800,uplink,1.0,S2,max_paths=1,class_size_desc,1,0,1.0,668,L6,0.9461077844311377,0.9461077844311377,0,0,1.0,0.20180192837465566,22,1.0891350210970465,0.9850746268656716,44,132,0.0,78.30926199994792,1.0,0.9758064516129032,0.9142857142857143,0.0,7.0,29.0,0.0
800,800,uplink,1.0,S2,max_paths=2,class_size_desc,2,0,1.0,668,L6,0.9895209580838323,0.9895209580838323,0,0,1.0,0.21378939393939395,22,1.0993444276348967,1.0,49,143,0.0,55.46563000007154,1.0,1.0,0.98,0.0,7.0,0.0,0.0
800,800,uplink,1.0,S2,max_paths=4,class_size_desc,4,0,1.0,668,L6,0.9895209580838323,0.9895209580838323,0,0,1.0,0.21378939393939395,22,1.0993444276348967,1.0,49,143,0.0,56.976132999807305,1.0,1.0,0.98,0.0,7.0,0.0,0.0
800,800,uplink,1.0,S2,order=arrival,arrival,3,0,1.0,668,L6,0.9895209580838323,0.9895209580838323,0,0,1.0,0.2129185261707989,22,1.097327281896117,1.0,48,144,0.0,86.32166799998231,1.0,1.0,0.98,0.0,7.0,0.0,0.0
800,800,uplink,1.0,S2,order=class_size_asc,class_size_asc,3,0,1.0,668,L6,0.9895209580838323,0.9895209580838323,0,0,1.0,0.21300530303030302,21,1.097327281896117,1.0,47,144,0.0,55.67186700000093,1.0,1.0,0.98,0.0,7.0,0.0,0.0
800,800,uplink,1.0,S2,util_cap=0.9,class_size_desc,3,0,0.9,668,L6,0.9865269461077845,0.9865269461077845,0,0,0.9,0.21594385084612358,0,1.1158320687910976,1.0,49,143,0.0,56.78214999988995,1.0,1.0,0.9742857142857143,0.0,9.0,0.0,0.0
800,800,uplink,1.25,S0,default,class_size_desc,3,0,1.0,846,L6,0.7238214434710054,0.7238214434710054,28,242,3.1,0.2811189393939394,35,1.0557156580211335,0.8673978065802592,36,141,0.0,41.571372999896994,0.7221077715361098,0.723733531443859,0.7242196005585889,0.0,0.0,0.0,233.64705882352942
800,800,uplink,1.25,S0-QoS,default,class_size_desc,3,0,1.0,846,L6,0.7246244185159765,0.7246244185159765,28,242,3.1,0.2811189393939394,35,1.0560232933417526,0.8731547293603061,36,141,0.0,33.03307999999561,1.0,0.9333333333333333,0.5225951758209822,0.0,0.0,0.0,232.96774193548387
800,800,uplink,1.25,S1,default,class_size_desc,3,0,1.0,846,L6,0.9125295508274232,0.9125295508274232,0,0,1.0,0.25025199724517905,36,1.1126943005181347,1.0125,51,174,0.0,102.80865799995809,1.0,0.9682539682539683,0.8558558558558559,0.0,16.0,58.0,0.0
800,800,uplink,1.25,S2,default,class_size_desc,3,0,1.0,846,L6,0.9810874704491725,0.9810874704491725,0,0,1.0,0.28202272727272726,41,1.1582329317269076,1.0,61,202,0.0,56.312138000066625,1.0,1.0,0.963963963963964,0.0,16.0,0.0,0.0
800,800,uplink,1.5,S0,default,class_size_desc,3,0,1.0,1049,L6,0.5962666381459875,0.5962666381459875,40,516,3.9,0.3484735733963007,41,1.0556919978824335,0.816432119205298,36,178,0.0,30.75265400002536,0.5884351466399613,0.5971946581933039,0.5971765071736557,0.0,0.0,0.0,423.5162965848591
800,800,uplink,1.5,S0-QoS,default,class_size_desc,3,0,1.0,1049,L6,0.5971174718258936,0.5971174718258936,40,516,3.9,0.3484735733963007,41,1.0565728644462358,0.8305288461538461,36,178,0.0,29.67103500009216,1.0,0.8849104859335039,0.3109055254477415,0.0,0.0,0.0,422.62377205463764
800,800,uplink,1.5,S1,default,class_size_desc,3,0,1.0,1049,L6,0.8541468064823642,0.8541468064823642,0,0,1.0,0.3121785123966942,50,1.1882440476190477,0.9789473684210527,62,244,0.0,103.04010200002267,1.0,0.9514066496163683,0.7554744525547445,0.0,22.0,131.0,0.0
800,800,uplink,1.5,S2,default,class_size_desc,3,0,1.0,1049,L6,0.9380362249761678,0.9380362249761678,0,0,1.0,0.38159077134986225,62,1.2899728997289972,0.9214876033057852,71,301,0.0,83.51509499993881,1.0,0.9974424552429667,0.8832116788321168,0.0,64.0,1.0,0.0
800,800,uplink,2.0,S0,default,class_size_desc,3,0,1.0,1336,L6,0.4664114618679979,0.4664114618679979,42,981,5.0,0.4439757969303424,43,1.0551548753847724,0.7931174089068826,36,224,0.0,46.80989700000282,0.46168959589799163,0.4672824662118417,0.4667386662697899,0.0,0.0,0.0,712.8742869443547
800,800,uplink,2.0,S0-QoS,default,class_size_desc,3,0,1.0,1336,L6,0.462899607023919,0.462899607023919,42,981,5.0,0.4439757969303424,43,1.0575515639980382,0.8213500784929356,36,224,0.0,30.577063999999154,0.9857142857142858,0.7983870967741935,0.12061982140565121,0.0,0.0,0.0,717.5661250160441
800,800,uplink,2.0,S1,default,class_size_desc,3,0,1.0,1336,L6,0.7657185628742516,0.7657185628742516,0,0,1.0,0.3926374655647383,69,1.2935809710003259,1.0333333333333334,69,311,2.0,123.53448699991532,0.9857142857142858,0.8810483870967742,0.64,0.0,154.0,159.0,0.0
800,800,uplink,2.0,S2,default,class_size_desc,3,0,1.0,1336,L6,0.8076347305389222,0.8076347305389222,0,0,1.0,0.4411617079889807,81,1.3629904232313872,0.8817567567567568,62,281,0.0,111.14488199996231,1.0,0.9879032258064516,0.6414285714285715,0.0,257.0,0.0,0.0
800,800,multi,0.5,S0,default,class_size_desc,3,0,1.0,381,L20;L76;L88,0.973753280839895,0.973753280839895,4,10,1.4,0.12308914542247876,5,1.0,1.0,5,10,0.0,29.58817000012459,0.9559065934065935,0.9748817615950484,0.9765436583618402,0.0,0.0,0.0,10.000000000000002
800,800,multi,0.5,S0-QoS,default,class_size_desc,3,0,1.0,381,L20;L76;L88,0.973753280839895,0.973753280839895,4,10,1.4,0.12308914542247876,5,1.0,1.0,5,10,0.0,29.41766000003554,1.0,1.0,0.9494949494949495,0.0,0.0,0.0,10.0
800,800,multi,0.5,S1,default,class_size_desc,3,0,1.0,381,L20;L76;L88,0.994750656167979,0.994750656167979,0,0,1.0,0.12052697611030945,5,1.0,1.0,5,10,0.0,50.94731700000921,1.0,1.0,0.98989898989899,0.0,0.0,2.0,0.0
800,800,multi,0.5,S2,default,class_size_desc,3,0,1.0,381,L20;L76;L88,1.0,1.0,0,0,1.0,0.12105210838544173,5,1.0,1.0,5,10,0.0,47.853685000063706,1.0,1.0,1.0,0.0,0.0,0.0,0.0
800,800,multi,0.75,S0,default,class_size_desc,3,0,1.0,546,L20;L76;L88,0.9139194139194139,0.9139194139194139,11,47,2.0,0.1767649410774411,13,1.0,1.5,5,15,0.0,34.034097000130714,0.8892814701638231,0.9126540898491058,0.9196218028970642,0.0,0.0,0.0,47.0
800,800,multi,0.75,S0-QoS,default,class_size_desc,3,0,1.0,546,L20;L76;L88,0.9139194139194139,0.9139194139194139,11,47,2.0,0.1767649410774411,13,1.0,1.5,5,15,0.0,30.215094999903158,1.0,0.9950738916256158,0.8397212543554007,0.0,0.0,0.0,47.0
800,800,multi,0.75,S1,default,class_size_desc,3,0,1.0,546,L20;L76;L88,0.9706959706959707,0.9706959706959707,0,0,1.0,0.16375195406445406,13,1.0,1.3,4,13,0.0,66.60581300002377,1.0,0.9950738916256158,0.9477351916376306,0.0,3.0,13.0,0.0
800,800,multi,0.75,S2,default,class_size_desc,3,0,1.0,546,L20;L76;L88,0.9945054945054945,0.9945054945054945,0,0,1.0,0.1680392115600449,13,1.0024554941682013,1.0,3,10,0.0,57.686977000003026,1.0,1.0,0.9895470383275261,0.0,3.0,0.0,0.0
800,800,multi,1.0,S0,default,class_size_desc,3,0,1.0,668,L20;L76;L88,0.8547904191616766,0.8547904191616766,16,97,2.5,0.21613762626262625,19,1.0,1.8,5,18,0.0,51.065187999938644,0.8371073049333919,0.8535110439295325,0.8592335707432529,0.0,0.0,0.0,97.0
800,800,multi,1.0,S0-QoS,default,class_size_desc,3,0,1.0,668,L20;L76;L88,0.8547904191616766,0.8547904191616766,16,97,2.5,0.21613762626262625,19,1.0,1.8,5,18,0.0,52.19029799991404,1.0,0.9717741935483871,0.7428571428571429,0.0,0.0,0.0,97.0
800,800,multi,1.0,S1,default,class_size_desc,3,0,1.0,668,L20;L76;L88,0.9446107784431138,0.9446107784431138,0,0,1.0,0.1928388949013949,19,1.00581088219757,1.0,3,10,0.0,94.82402399999046,1.0,0.9717741935483871,0.9142857142857143,0.0,7.0,30.0,0.0
800,800,multi,1.0,S2,default,class_size_desc,3,0,1.0,668,L20;L76;L88,0.9895209580838323,0.9895209580838323,0,0,1.0,0.2029328904120571,19,1.0121028744326777,1.0,3,12,0.0,65.84222099991166,1.0,1.0,0.98,0.0,7.0,0.0,0.0
800,800,multi,1.0,S2,lambda=0.5xmean,class_size_desc,3,1,1.0,668,L20;L76;L88,0.9895209580838323,0.9895209580838323,0,0,1.0,0.23305177769761104,9,1.1805345436207766,1.0,10,44,0.0,55.044270000053075,1.0,1.0,0.98,0.0,7.0,0.0,0.0
800,800,multi,1.0,S2,lambda=1xmean,class_size_desc,3,2,1.0,668,L20;L76;L88,0.9895209580838323,0.9895209580838323,0,0,1.0,0.25203607503607506,6,1.2476046394351992,1.0,9,40,0.0,57.30585200012683,1.0,1.0,0.98,0.0,7.0,0.0,0.0
800,800,multi,1.0,S2,lambda=2xmean,class_size_desc,3,4,1.0,668,L20;L76;L88,0.9895209580838323,0.9895209580838323,0,0,1.0,0.26168307078723746,7,1.2768532526475038,1.0,12,50,0.0,54.8625589999574,1.0,1.0,0.98,0.0,7.0,0.0,0.0
800,800,multi,1.0,S2,max_paths=1,class_size_desc,1,0,1.0,668,L20;L76;L88,0.9520958083832335,0.9520958083832335,0,0,1.0,0.1954013949013949,19,1.0104821802935011,1.2,3,12,0.0,64.05088100018475,1.0,0.9758064516129032,0.9257142857142857,0.0,7.0,25.0,0.0
800,800,multi,1.0,S2,max_paths=2,class_size_desc,2,0,1.0,668,L20;L76;L88,0.9895209580838323,0.9895209580838323,0,0,1.0,0.2029328904120571,19,1.0121028744326777,1.0,3,12,0.0,51.354030000084094,1.0,1.0,0.98,0.0,7.0,0.0,0.0
800,800,multi,1.0,S2,max_paths=4,class_size_desc,4,0,1.0,668,L20;L76;L88,0.9895209580838323,0.9895209580838323,0,0,1.0,0.2029328904120571,19,1.0121028744326777,1.0,3,12,0.0,53.01878099999158,1.0,1.0,0.98,0.0,7.0,0.0,0.0
800,800,multi,1.0,S2,order=arrival,arrival,3,0,1.0,668,L20;L76;L88,0.9895209580838323,0.9895209580838323,0,0,1.0,0.2029328904120571,19,1.0121028744326777,1.0,3,10,0.0,53.04113400006827,1.0,1.0,0.98,0.0,7.0,0.0,0.0
800,800,multi,1.0,S2,order=class_size_asc,class_size_asc,3,0,1.0,668,L20;L76;L88,0.9895209580838323,0.9895209580838323,0,0,1.0,0.2029328904120571,19,1.0121028744326777,1.0,4,12,0.0,57.02035699982844,1.0,1.0,0.98,0.0,7.0,0.0,0.0
800,800,multi,1.0,S2,util_cap=0.9,class_size_desc,3,0,0.9,668,L20;L76;L88,0.9865269461077845,0.9865269461077845,0,0,0.9,0.20360346520763187,0,1.024279210925645,1.0,3,12,0.0,54.11192200017467,1.0,1.0,0.9742857142857143,0.0,9.0,0.0,0.0
800,800,multi,1.25,S0,default,class_size_desc,3,0,1.0,846,L20;L76;L88,0.7495108828564441,0.7495108828564441,28,220,3.1,0.27360095999679335,34,1.0,2.0,5,23,0.0,29.6489439999732,0.7308529840303606,0.7467637378777418,0.7551158104829317,0.0,0.0,0.0,211.91379310344828
800,800,multi,1.25,S0-QoS,default,class_size_desc,3,0,1.0,846,L20;L76;L88,0.7494844323726171,0.7494844323726171,28,220,3.1,0.27360095999679335,34,1.0,2.0,5,23,0.0,28.80177499991987,1.0,0.9333333333333333,0.5699635806018785,0.0,0.0,0.0,211.93617021276594
800,800,multi,1.25,S1,default,class_size_desc,3,0,1.0,846,L20;L76;L88,0.91725768321513,0.91725768321513,0,0,1.0,0.23884389530222863,36,1.0266323024054982,1.2,4,15,0.0,68.6621299998933,1.0,0.9682539682539683,0.8648648648648649,0.0,16.0,54.0,0.0
800,800,multi,1.25,S2,default,class_size_desc,3,0,1.0,846,L20;L76;L88,0.9810874704491725,0.9810874704491725,0,0,1.0,0.26323024891774893,38,1.0566265060240965,1.0,5,20,0.0,53.70510900002046,1.0,1.0,0.963963963963964,0.0,16.0,0.0,0.0
800,800,multi,1.5,S0,default,class_size_desc,3,0,1.0,1049,L20;L76;L88,0.6203361550234056,0.6203361550234056,39,478,3.9,0.339226771685105,40,1.0,2.0,5,28,0.0,30.54247000000032,0.6127753207241685,0.6218538724142139,0.6207709438429494,0.0,0.0,0.0,398.26737338044757
800,800,multi,1.5,S0-QoS,default,class_size_desc,3,0,1.0,1049,L20;L76;L88,0.6198550253229784,0.6198550253229784,39,478,3.9,0.339226771685105,40,1.0,2.0,5,28,0.0,29.320426999902338,1.0,0.8849104859335039,0.3544305138025627,0.0,0.0,0.0,398.77207843619567
800,800,multi,1.5,S1,default,class_size_desc,3,0,1.0,1049,L20;L76;L88,0.8636796949475691,0.8636796949475691,0,0,1.0,0.2921276054192721,48,1.0768947755702722,1.0,7,29,0.0,121.12080099996092,1.0,0.9514066496163683,0.7737226277372263,0.0,22.0,121.0,0.0
800,800,multi,1.5,S2,default,class_size_desc,3,0,1.0,1049,L20;L76;L88,0.9656816015252622,0.9656816015252622,0,0,1.0,0.34665055315055315,52,1.1516946363935505,1.0,11,49,0.0,66.85916800006453,1.0,0.9974424552429667,0.9361313868613139,0.0,36.0,0.0,0.0
800,800,multi,2.0,S0,default,class_size_desc,3,0,1.0,1336,L20;L76;L88,0.48807081968659366,0.48807081968659366,42,926,5.0,0.4322752525252525,43,1.0,2.0,5,36,0.0,30.878309999934572,0.48336375584136154,0.4911781913678982,0.48681043766431575,0.0,0.0,0.0,683.9373848987109
800,800,multi,2.0,S0-QoS,default,class_size_desc,3,0,1.0,1336,L20;L76;L88,0.48272277248438134,0.48272277248438134,42,926,5.0,0.4322752525252525,43,1.0,1.9999999999999998,5,36,0.0,29.370091000146203,0.9857142857142858,0.8064516129032259,0.15273946291304782,0.0,0.0,0.0,691.0823759608666
800,800,multi,2.0,S1,default,class_size_desc,3,0,1.0,1336,L20;L76;L88,0.8008982035928144,0.8008982035928144,0,0,1.0,0.3693620731120731,66,1.1694704049844238,1.0,7,34,2.0,125.28046200009157,0.9857142857142858,0.9032258064516129,0.6914285714285714,0.0,98.0,168.0,0.0
800,800,multi,2.0,S2,default,class_size_desc,3,0,1.0,1336,L20;L76;L88,0.8727544910179641,0.8727544910179641,0,0,1.0,0.4258021083854417,79,1.2447112635791882,0.8666666666666667,10,58,0.0,106.50308599997516,1.0,0.9879032258064516,0.7657142857142857,0.0,170.0,0.0,0.0
800,800,recovered,0.5,S0,default,class_size_desc,3,0,1.0,381,,0.973753280839895,0.973753280839895,4,10,1.4,0.12180991380991381,6,1.0,nan,20,40,0.0,30.34131200001866,0.9559065934065935,0.9748817615950484,0.9765436583618402,0.0,0.0,0.0,10.000000000000002
800,800,recovered,0.5,S0-QoS,default,class_size_desc,3,0,1.0,381,,0.973753280839895,0.973753280839895,4,10,1.4,0.12180991380991381,6,1.0,nan,20,40,0.0,32.18874699996377,1.0,1.0,0.9494949494949495,0.0,0.0,0.0,10.0
800,800,recovered,0.5,S1,default,class_size_desc,3,0,1.0,381,,0.994750656167979,0.994750656167979,0,0,1.0,0.11931699231699232,6,1.0,nan,25,48,0.0,52.097323999987566,1.0,1.0,0.98989898989899,0.0,0.0,2.0,0.0
800,800,recovered,0.5,S2,default,class_size_desc,3,0,1.0,381,,1.0,1.0,0,0,1.0,0.11982793182793183,6,1.0,nan,26,51,0.0,56.436851999933424,1.0,1.0,1.0,0.0,0.0,0.0,0.0
800,800,recovered,0.75,S0,default,class_size_desc,3,0,1.0,546,,0.9047619047619048,0.9047619047619048,12,52,2.0,0.1750587633087633,14,1.0,nan,20,59,0.0,45.402417999866884,0.8892814701638231,0.9044439092251321,0.9080074010387599,0.0,0.0,0.0,52.0
800,800,recovered,0.75,S0-QoS,default,class_size_desc,3,0,1.0,546,,0.9047619047619048,0.9047619047619048,12,52,2.0,0.1750587633087633,14,1.0,nan,20,59,0.0,40.947462999838535,1.0,0.9950738916256158,0.8222996515679443,0.0,0.0,0.0,52.0
800,800,recovered,0.75,S1,default,class_size_desc,3,0,1.0,546,,0.9652014652014652,0.9652014652014652,0,0,1.0,0.16062311337311339,14,1.0,nan,29,77,0.0,57.71515900005397,1.0,0.9950738916256158,0.9372822299651568,0.0,3.0,16.0,0.0
800,800,recovered,0.75,S2,default,class_size_desc,3,0,1.0,546,,0.9945054945054945,0.9945054945054945,0,0,1.0,0.1655451132951133,14,1.0024554941682013,nan,28,85,0.0,56.05357300009928,1.0,1.0,0.9895470383275261,0.0,3.0,0.0,0.0
800,800,recovered,1.0,S0,default,class_size_desc,3,0,1.0,668,,0.842814371257485,0.842814371257485,17,105,2.5,0.21398157248157249,20,1.0,nan,20,73,0.0,30.739458999960334,0.8371073049333919,0.8427583557574895,0.8439954755051576,0.0,0.0,0.0,105.0
800,800,recovered,1.0,S0-QoS,default,class_size_desc,3,0,1.0,668,,0.842814371257485,0.842814371257485,17,105,2.5,0.21398157248157249,20,1.0,nan,20,73,0.0,29.649945999835836,1.0,0.9717741935483871,0.72,0.0,0.0,0.0,105.0
800,800,recovered,1.0,S1,default,class_size_desc,3,0,1.0,668,,0.9446107784431138,0.9446107784431138,0,0,1.0,0.18967453492453493,20,1.00581088219757,nan,33,103,0.0,82.73350899980869,1.0,0.9717741935483871,0.9142857142857143,0.0,7.0,30.0,0.0
800,800,recovered,1.0,S2,default,class_size_desc,3,0,1.0,668,,0.9895209580838323,0.9895209580838323,0,0,1.0,0.19949571974571975,20,1.0121028744326777,nan,33,118,0.0,62.03363800000261,1.0,1.0,0.98,0.0,7.0,0.0,0.0
800,800,recovered,1.0,S2,lambda=0.5xmean,class_size_desc,3,1,1.0,668,,0.9895209580838323,0.9895209580838323,0,0,1.0,0.2281558539058539,9,1.1739788199697427,nan,58,208,0.0,56.47122599998511,1.0,1.0,0.98,0.0,7.0,0.0,0.0
800,800,recovered,1.0,S2,lambda=1xmean,class_size_desc,3,2,1.0,668,,0.9895209580838323,0.9895209580838323,0,0,1.0,0.24735150735150735,6,1.2465960665658093,nan,76,265,0.0,68.62770499992621,1.0,1.0,0.98,0.0,7.0,0.0,0.0
800,800,recovered,1.0,S2,lambda=2xmean,class_size_desc,3,4,1.0,668,,0.9895209580838323,0.9895209580838323,0,0,1.0,0.259724766974767,7,1.2834089762985377,nan,80,273,0.0,61.410380000097575,1.0,1.0,0.98,0.0,7.0,0.0,0.0
800,800,recovered,1.0,S2,max_paths=1,class_size_desc,1,0,1.0,668,,0.9491017964071856,0.9491017964071856,0,0,1.0,0.19166736866736866,20,1.010515247108307,nan,33,100,0.0,62.32833100011703,1.0,0.9758064516129032,0.92,0.0,7.0,27.0,0.0
800,800,recovered,1.0,S2,max_paths=2,class_size_desc,2,0,1.0,668,,0.9895209580838323,0.9895209580838323,0,0,1.0,0.19949571974571975,20,1.0121028744326777,nan,33,118,0.0,53.66787900015879,1.0,1.0,0.98,0.0,7.0,0.0,0.0
800,800,recovered,1.0,S2,max_paths=4,class_size_desc,4,0,1.0,668,,0.9895209580838323,0.9895209580838323,0,0,1.0,0.19949571974571975,20,1.0121028744326777,nan,33,118,0.0,94.28057400009493,1.0,1.0,0.98,0.0,7.0,0.0,0.0
800,800,recovered,1.0,S2,order=arrival,arrival,3,0,1.0,668,,0.9895209580838323,0.9895209580838323,0,0,1.0,0.19949571974571975,20,1.0121028744326777,nan,33,125,0.0,58.84672199999841,1.0,1.0,0.98,0.0,7.0,0.0,0.0
800,800,recovered,1.0,S2,order=class_size_asc,class_size_asc,3,0,1.0,668,,0.9895209580838323,0.9895209580838323,0,0,1.0,0.19949571974571975,20,1.0121028744326777,nan,34,124,0.0,64.7289329999694,1.0,1.0,0.98,0.0,7.0,0.0,0.0
800,800,recovered,1.0,S2,util_cap=0.9,class_size_desc,3,0,0.9,668,,0.9865269461077845,0.9865269461077845,0,0,0.9,0.1999434206934207,0,1.024279210925645,nan,36,131,0.0,56.26953799992407,1.0,1.0,0.9742857142857143,0.0,9.0,0.0,0.0
800,800,recovered,1.25,S0,default,class_size_desc,3,0,1.0,846,,0.7423167848699763,0.7423167848699763,27,218,3.1,0.2709155941655942,34,1.0,nan,20,93,0.0,32.26695400007884,0.7367982872408243,0.7409307133469232,0.7443814736616384,0.0,0.0,0.0,218.0
800,800,recovered,1.25,S0-QoS,default,class_size_desc,3,0,1.0,846,,0.7423167848699763,0.7423167848699763,27,218,3.1,0.2709155941655942,34,1.0,nan,20,93,0.0,29.691192999962368,1.0,0.9333333333333333,0.5563063063063063,0.0,0.0,0.0,218.0
800,800,recovered,1.25,S1,default,class_size_desc,3,0,1.0,846,,0.9148936170212766,0.9148936170212766,0,0,1.0,0.23325714675714676,35,1.0241171403962102,nan,40,146,0.0,85.71633300016401,1.0,0.9682539682539683,0.8603603603603603,0.0,16.0,56.0,0.0
800,800,recovered,1.25,S2,default,class_size_desc,3,0,1.0,846,,0.9810874704491725,0.9810874704491725,0,0,1.0,0.2574528782028782,38,1.0534136546184738,nan,48,201,0.0,56.63516399999935,1.0,1.0,0.963963963963964,0.0,16.0,0.0,0.0
800,800,recovered,1.5,S0,default,class_size_desc,3,0,1.0,1049,,0.6186657694536346,0.6186657694536346,39,460,3.9,0.3357914862914863,40,1.0,nan,20,113,0.0,32.29108900018218,0.6228633135184594,0.6193400204074319,0.6173421162235883,0.0,0.0,0.0,400.01960784313724
800,800,recovered,1.5,S0-QoS,default,class_size_desc,3,0,1.0,1049,,0.6177965068042612,0.6177965068042612,39,460,3.9,0.3357914862914863,40,1.0,nan,20,113,0.0,31.329014999982974,1.0,0.8849104859335039,0.3504900285358942,0.0,0.0,0.0,400.93146436232996
800,800,recovered,1.5,S1,default,class_size_desc,3,0,1.0,1049,,0.871306005719733,0.871306005719733,0,0,1.0,0.2874250809250809,49,1.0703865791393143,nan,54,256,0.0,104.59471800004394,1.0,0.9514066496163683,0.7883211678832117,0.0,22.0,113.0,0.0
800,800,recovered,1.5,S2,default,class_size_desc,3,0,1.0,1049,,0.9656816015252622,0.9656816015252622,0,0,1.0,0.336997191997192,52,1.1385324119776241,nan,72,357,0.0,66.8600299998161,1.0,0.9974424552429667,0.9361313868613139,0.0,36.0,0.0,0.0
800,800,recovered,2.0,S0,default,class_size_desc,3,0,1.0,1336,,0.48654225291747794,0.48654225291747794,42,900,5.0,0.42796314496314497,43,1.0,nan,20,146,0.0,32.936519000031694,0.49103367802845144,0.4892737638884984,0.4837084972643887,0.0,0.0,0.0,685.9795501022495
800,800,recovered,2.0,S0-QoS,default,class_size_desc,3,0,1.0,1336,,0.48028320717056455,0.48028320717056455,42,900,5.0,0.42796314496314497,43,1.0,nan,20,146,0.0,29.29167399997823,0.9857142857142858,0.8024193548387096,0.15094052111410602,0.0,0.0,0.0,694.3416352201258
800,800,recovered,2.0,S1,default,class_size_desc,3,0,1.0,1336,,0.8098802395209581,0.8098802395209581,0,0,1.0,0.36455840255840255,66,1.1632778804682686,nan,60,314,2.0,139.23138499990273,0.9857142857142858,0.8991935483870968,0.7114285714285714,0.0,90.0,164.0,0.0
800,800,recovered,2.0,S2,default,class_size_desc,3,0,1.0,1336,,0.8847305389221557,0.8847305389221557,0,0,1.0,0.4215050895050895,79,1.2408347433728144,nan,73,460,0.0,111.10113999984605,1.0,0.9879032258064516,0.7885714285714286,0.0,154.0,0.0,0.0
900,900,healthy,0.5,S0,default,class_size_desc,3,0,1.0,392,,0.9540816326530612,0.9540816326530612,8,18,1.3,0.1331531055900621,12,1.0,nan,0,0,0.0,29.73593699994126,0.9462924462924462,0.9561018691453474,0.9538906111071059,0.0,0.0,0.0,18.0
900,900,healthy,0.5,S0-QoS,default,class_size_desc,3,0,1.0,392,,0.9540816326530612,0.9540816326530612,8,18,1.3,0.1331531055900621,12,1.0,nan,0,0,0.0,29.222805000017615,1.0,1.0,0.9072164948453608,0.0,0.0,0.0,18.0
900,900,healthy,0.5,S1,default,class_size_desc,3,0,1.0,392,,0.9795918367346939,0.9795918367346939,0,0,1.0,0.1275924430641822,12,1.0,nan,0,0,0.0,56.36133100006191,1.0,1.0,0.9587628865979382,0.0,1.0,7.0,0.0
900,900,healthy,0.5,S2,default,class_size_desc,3,0,1.0,392,,0.9974489795918368,0.9974489795918368,0,0,1.0,0.12926055900621117,12,1.0,nan,0,0,0.0,58.359719000009136,1.0,1.0,0.9948453608247423,0.0,1.0,0.0,0.0
900,900,healthy,0.75,S0,default,class_size_desc,3,0,1.0,561,,0.839572192513369,0.839572192513369,15,90,2.0,0.1911733436853002,18,1.0,nan,0,0,0.0,36.54581899991172,0.8298215743125595,0.8472876241609516,0.8347416803214412,0.0,0.0,0.0,90.0
900,900,healthy,0.75,S0-QoS,default,class_size_desc,3,0,1.0,561,,0.839572192513369,0.839572192513369,15,90,2.0,0.1911733436853002,18,1.0,nan,0,0,0.0,30.686820000028092,1.0,0.978813559322034,0.6897810218978102,0.0,0.0,0.0,90.0
900,900,healthy,0.75,S1,default,class_size_desc,3,0,1.0,561,,0.9500891265597148,0.9500891265597148,0,0,1.0,0.1670616977225673,18,1.0,nan,0,0,0.0,57.8905880001912,1.0,0.9915254237288136,0.9051094890510949,0.0,11.0,17.0,0.0
900,900,healthy,0.75,S2,default,class_size_desc,3,0,1.0,561,,0.9803921568627451,0.9803921568627451,0,0,1.0,0.17224456521739132,18,1.0048484848484849,nan,0,0,0.0,55.89765099989563,1.0,1.0,0.9598540145985401,0.0,11.0,0.0,0.0
900,900,healthy,1.0,S0,default,class_size_desc,3,0,1.0,694,,0.7601264809478065,0.7601264809478065,25,167,2.5,0.2366180641821946,27,1.0,nan,0,0,0.0,34.85586900001181,0.7621339093388783,0.769894796233792,0.7513394129473782,0.0,0.0,0.0,166.47222222222223
900,900,healthy,1.0,S0-QoS,default,class_size_desc,3,0,1.0,694,,0.7604277263764598,0.7604277263764598,25,167,2.5,0.2366180641821946,27,1.0,nan,0,0,0.0,32.60733199999777,1.0,0.9417808219178082,0.5596956994255551,0.0,0.0,0.0,166.26315789473685
900,900,healthy,1.0,S1,default,class_size_desc,3,0,1.0,694,,0.9149855907780979,0.9149855907780979,0,0,1.0,0.1951335403726708,27,1.010498687664042,nan,0,0,0.0,79.31951699993078,1.0,0.9554794520547946,0.8643067846607669,0.0,18.0,41.0,0.0
900,900,healthy,1.0,S2,default,class_size_desc,3,0,1.0,694,,0.9740634005763689,0.9740634005763689,0,0,1.0,0.20773359213250517,26,1.0197238658777121,nan,0,0,0.0,59.79668300005869,1.0,1.0,0.9469026548672567,0.0,18.0,0.0,0.0
900,900,healthy,1.0,S2,lambda=0.5xmean,class_size_desc,3,1,1.0,694,,0.9740634005763689,0.9740634005763689,0,0,1.0,0.23479523809523808,8,1.1883629191321499,nan,0,0,0.0,69.69936500013318,1.0,1.0,0.9469026548672567,0.0,18.0,0.0,0.0
900,900,healthy,1.0,S2,lambda=1xmean,class_size_desc,3,2,1.0,694,,0.9740634005763689,0.9740634005763689,0,0,1.0,0.24778498964803314,6,1.242603550295858,nan,0,0,0.0,66.00199099989368,1.0,1.0,0.9469026548672567,0.0,18.0,0.0,0.0
900,900,healthy,1.0,S2,lambda=2xmean,class_size_desc,3,4,1.0,694,,0.9740634005763689,0.9740634005763689,0,0,1.0,0.2667629917184265,6,1.3022682445759368,nan,0,0,0.0,62.78195200002301,1.0,1.0,0.9469026548672567,0.0,18.0,0.0,0.0
900,900,healthy,1.0,S2,max_paths=1,class_size_desc,1,0,1.0,694,,0.9236311239193083,0.9236311239193083,0,0,1.0,0.1968340579710145,27,1.0114404576183047,nan,0,0,0.0,80.4580009998972,1.0,0.9657534246575342,0.8731563421828908,0.0,18.0,35.0,0.0
900,900,healthy,1.0,S2,max_paths=2,class_size_desc,2,0,1.0,694,,0.9740634005763689,0.9740634005763689,0,0,1.0,0.20773359213250517,26,1.0197238658777121,nan,0,0,0.0,70.55043100012881,1.0,1.0,0.9469026548672567,0.0,18.0,0.0,0.0
900,900,healthy,1.0,S2,max_paths=4,class_size_desc,4,0,1.0,694,,0.9740634005763689,0.9740634005763689,0,0,1.0,0.20773359213250517,26,1.0197238658777121,nan,0,0,0.0,62.8009069998825,1.0,1.0,0.9469026548672567,0.0,18.0,0.0,0.0
900,900,healthy,1.0,S2,order=arrival,arrival,3,0,1.0,694,,0.9740634005763689,0.9740634005763689,0,0,1.0,0.2079199275362319,26,1.0197238658777121,nan,0,0,0.0,61.83562699993672,1.0,1.0,0.9469026548672567,0.0,18.0,0.0,0.0
900,900,healthy,1.0,S2,order=class_size_asc,class_size_asc,3,0,1.0,694,,0.9740634005763689,0.9740634005763689,0,0,1.0,0.2079199275362319,26,1.0197238658777121,nan,0,0,0.0,59.392774999878384,1.0,1.0,0.9469026548672567,0.0,18.0,0.0,0.0
900,900,healthy,1.0,S2,util_cap=0.9,class_size_desc,3,0,0.9,694,,0.968299711815562,0.968299711815562,0,0,0.9,0.20749166666666666,0,1.037202380952381,nan,0,0,0.0,62.05351500011602,1.0,1.0,0.9351032448377581,0.0,22.0,0.0,0.0
900,900,healthy,1.25,S0,default,class_size_desc,3,0,1.0,892,,0.6286313121466173,0.6286313121466173,32,345,3.3,0.3044512422360248,33,1.0,nan,0,0,0.0,33.54795599989302,0.6176097391312364,0.6393672121698393,0.6214450389941806,0.0,0.0,0.0,331.2608695652174
900,900,healthy,1.25,S0-QoS,default,class_size_desc,3,0,1.0,892,,0.6312574357097099,0.6312574357097099,32,345,3.3,0.3044512422360248,33,1.0,nan,0,0,0.0,30.171272999950816,1.0,0.8666666666666667,0.36027897397491104,0.0,0.0,0.0,328.9183673469388
900,900,healthy,1.25,S1,default,class_size_desc,3,0,1.0,892,,0.8834080717488789,0.8834080717488789,0,0,1.0,0.24273783643892338,34,1.0418781725888324,nan,0,0,0.0,107.70185499995932,1.0,0.92,0.8302752293577982,0.0,36.0,68.0,0.0
900,900,healthy,1.25,S2,default,class_size_desc,3,0,1.0,892,,0.9562780269058296,0.9562780269058296,0,0,1.0,0.267265734989648,39,1.0668229777256741,nan,0,0,0.0,77.30334500001845,1.0,1.0,0.9105504587155964,0.0,39.0,0.0,0.0
900,900,healthy,1.5,S0,default,class_size_desc,3,0,1.0,1086,,0.5399778353623755,0.5399778353623755,38,542,3.8,0.3697711697722567,40,1.0,nan,0,0,0.0,31.95182200011004,0.5204773523260768,0.5516804854601745,0.5336903078001372,0.0,0.0,0.0,499.5840707964602
900,900,healthy,1.5,S0-QoS,default,class_size_desc,3,0,1.0,1086,,0.5434495512839865,0.5434495512839865,38,542,3.8,0.3697711697722567,40,1.0,nan,0,0,0.0,31.523508999953265,1.0,0.7991169977924945,0.24049946096512084,0.0,0.0,0.0,495.8137873055906
900,900,healthy,1.5,S1,default,class_size_desc,3,0,1.0,1086,,0.8425414364640884,0.8425414364640884,0,0,1.0,0.2867891304347826,51,1.0746812386156648,nan,0,0,0.0,114.58264900011272,1.0,0.8874172185430463,0.774859287054409,0.0,52.0,119.0,0.0
900,900,healthy,1.5,S2,default,class_size_desc,3,0,1.0,1086,,0.9355432780847146,0.9355432780847146,0,0,1.0,0.3318119565217391,58,1.1263123359580052,nan,0,0,0.0,88.04021100013415,1.0,1.0,0.8686679174484052,0.0,70.0,0.0,0.0
900,900,healthy,2.0,S0,default,class_size_desc,3,0,1.0,1388,,0.42591995719365655,0.42591995719365655,40,926,5.0,0.4732361283643892,41,1.0,nan,0,0,0.0,31.361475000039718,0.4054258660252545,0.43467022478106876,0.4221914899608689,0.0,0.0,0.0,796.8230994152046
900,900,healthy,2.0,S0-QoS,default,class_size_desc,3,0,1.0,1388,,0.42761716972546643,0.42761716972546643,40,926,5.0,0.4732361283643892,41,1.0,nan,0,0,0.0,32.49902900006418,0.9523809523809523,0.6986301369863014,0.09665579878900792,0.0,0.0,0.0,794.4673684210526
900,900,healthy,2.0,S1,default,class_size_desc,3,0,1.0,1388,,0.7687319884726225,0.7687319884726225,0,0,1.0,0.3584231884057971,65,1.1602624179943768,nan,0,0,6.0,137.18758300001355,0.9523809523809523,0.9212328767123288,0.6032448377581121,0.0,142.0,179.0,0.0
900,900,healthy,2.0,S2,default,class_size_desc,3,0,1.0,1388,,0.8451008645533141,0.8451008645533141,0,0,1.0,0.42114927536231883,82,1.2429667519181586,nan,0,0,0.0,105.83343000007517,1.0,0.9965753424657534,0.6858407079646017,0.0,215.0,0.0,0.0
900,900,uplink,0.5,S0,default,class_size_desc,3,0,1.0,392,L6,0.951530612244898,0.951530612244898,9,19,1.3,0.13899655388471177,13,1.0580875781948167,0.9848484848484849,31,66,0.0,33.87515999997959,0.9413784413784414,0.9538432581910843,0.9515475933001706,0.0,0.0,0.0,19.0
900,900,uplink,0.5,S0-QoS,default,class_size_desc,3,0,1.0,392,L6,0.951530612244898,0.951530612244898,9,19,1.3,0.13899655388471177,13,1.0580875781948167,0.9848484848484849,31,66,0.0,33.38463899990529,1.0,1.0,0.9020618556701031,0.0,0.0,0.0,19.0
900,900,uplink,0.5,S1,default,class_size_desc,3,0,1.0,392,L6,0.9795918367346939,0.9795918367346939,0,0,1.0,0.13333009607351712,13,1.0633680555555556,1.0,35,73,0.0,64.38157100001263,1.0,1.0,0.9587628865979382,0.0,1.0,7.0,0.0
900,900,uplink,0.5,S2,default,class_size_desc,3,0,1.0,392,L6,0.9974489795918368,0.9974489795918368,0,0,1.0,0.1351268796992481,13,1.0673486786018755,1.0,39,79,0.0,56.0338860000229,1.0,1.0,0.9948453608247423,0.0,1.0,0.0,0.0
900,900,uplink,0.75,S0,default,class_size_desc,3,0,1.0,561,L6,0.8306595365418895,0.8306595365418895,16,95,2.0,0.1991982560568087,19,1.0608011444921317,0.9444444444444444,31,94,0.0,32.633061000069574,0.816749678887723,0.8388130478897651,0.826225865236283,0.0,0.0,0.0,95.0
900,900,uplink,0.75,S0-QoS,default,class_size_desc,3,0,1.0,561,L6,0.8306595365418895,0.8306595365418895,16,95,2.0,0.1991982560568087,19,1.0608011444921317,0.9444444444444444,31,94,0.0,31.93774599981225,1.0,0.978813559322034,0.6715328467153284,0.0,0.0,0.0,95.0
900,900,uplink,0.75,S1,default,class_size_desc,3,0,1.0,561,L6,0.9447415329768271,0.9447415329768271,0,0,1.0,0.17379908103592315,19,1.078616352201258,0.9765625,44,125,0.0,64.28789599999618,1.0,0.9915254237288136,0.8941605839416058,0.0,11.0,20.0,0.0
900,900,uplink,0.75,S2,default,class_size_desc,3,0,1.0,561,L6,0.9803921568627451,0.9803921568627451,0,0,1.0,0.17993238304093567,19,1.0866666666666667,1.0,47,135,0.0,72.87055200004033,1.0,1.0,0.9598540145985401,0.0,11.0,0.0,0.0
900,900,uplink,1.0,S0,default,class_size_desc,3,0,1.0,694,L6,0.7457172590457893,0.7457172590457893,27,177,2.5,0.24663810568086883,29,1.0624765176319038,0.9065420560747663,31,118,0.0,33.027299999957904,0.7409698881748571,0.7552448723372926,0.7383928380539007,0.0,0.0,0.0,176.47222222222223
900,900,uplink,1.0,S0-QoS,default,class_size_desc,3,0,1.0,694,L6,0.7460185044744426,0.7460185044744426,27,177,2.5,0.24663810568086883,29,1.062451289349734,0.9065420560747663,31,118,0.0,32.61462499995105,1.0,0.9417808219178082,0.5301971743518087,0.0,0.0,0.0,176.26315789473685
900,900,uplink,1.0,S1,default,class_size_desc,3,0,1.0,694,L6,0.9121037463976945,0.9121037463976945,0,0,1.0,0.20338178780284044,30,1.099526066350711,0.9883040935672515,48,169,0.0,103.2563169999321,1.0,0.9554794520547946,0.8584070796460177,0.0,18.0,43.0,0.0
900,900,uplink,1.0,S2,default,class_size_desc,3,0,1.0,694,L6,0.9740634005763689,0.9740634005763689,0,0,1.0,0.22264948830409356,29,1.1277120315581854,1.0,58,194,0.0,60.364297999967675,1.0,1.0,0.9469026548672567,0.0,18.0,0.0,0.0
900,900,uplink,1.0,S2,lambda=0.5xmean,class_size_desc,3,1,1.0,694,L6,0.9740634005763689,0.9740634005763689,0,0,1.0,0.2691795112781955,12,1.3081854043392505,1.0,96,300,0.0,63.714991999859194,1.0,1.0,0.9469026548672567,0.0,18.0,0.0,0.0
900,900,uplink,1.0,S2,lambda=1xmean,class_size_desc,3,2,1.0,694,L6,0.9740634005763689,0.9740634005763689,0,0,1.0,0.27372044695071013,12,1.3259368836291914,1.0,98,323,0.0,64.41976299993257,1.0,1.0,0.9469026548672567,0.0,18.0,0.0,0.0
900,900,uplink,1.0,S2,lambda=2xmean,class_size_desc,3,4,1.0,694,L6,0.9740634005763689,0.9740634005763689,0,0,1.0,0.307062291144528,11,1.4344181459566074,1.0,101,336,0.0,70.56524900008299,1.0,1.0,0.9469026548672567,0.0,18.0,0.0,0.0
900,900,uplink,1.0,S2,max_paths=1,class_size_desc,1,0,1.0,694,L6,0.9236311239193083,0.9236311239193083,0,0,1.0,0.20661507936507936,29,1.1040041601664066,1.0,50,174,0.0,71.0057549999874,1.0,0.9657534246575342,0.8731563421828908,0.0,18.0,35.0,0.0
900,900,uplink,1.0,S2,max_paths=2,class_size_desc,2,0,1.0,694,L6,0.9726224783861671,0.9726224783861671,0,0,1.0,0.2217404970760234,29,1.125925925925926,0.9951923076923077,57,190,0.0,61.99912399983987,1.0,1.0,0.943952802359882,0.0,18.0,1.0,0.0
900,900,uplink,1.0,S2,max_paths=4,class_size_desc,4,0,1.0,694,L6,0.9740634005763689,0.9740634005763689,0,0,1.0,0.22264948830409356,29,1.1277120315581854,1.0,58,194,0.0,64.63466599984713,1.0,1.0,0.9469026548672567,0.0,18.0,0.0,0.0
900,900,uplink,1.0,S2,order=arrival,arrival,3,0,1.0,694,L6,0.9740634005763689,0.9740634005763689,0,0,1.0,0.22445227652464494,29,1.131163708086785,1.0,58,199,0.0,61.53335999988485,1.0,1.0,0.9469026548672567,0.0,18.0,0.0,0.0
900,900,uplink,1.0,S2,order=class_size_asc,class_size_asc,3,0,1.0,694,L6,0.9740634005763689,0.9740634005763689,0,0,1.0,0.22492601294903927,30,1.1316568047337279,1.0,55,205,0.0,57.33978499984005,1.0,1.0,0.9469026548672567,0.0,18.0,0.0,0.0
900,900,uplink,1.0,S2,util_cap=0.9,class_size_desc,3,0,0.9,694,L6,0.968299711815562,0.968299711815562,0,0,0.9,0.23023631996658311,0,1.1686507936507937,1.0,60,202,0.0,84.07144800003152,1.0,1.0,0.9351032448377581,0.0,22.0,0.0,0.0
900,900,uplink,1.25,S0,default,class_size_desc,3,0,1.0,892,L6,0.6106940924156756,0.6106940924156756,33,361,3.3,0.3174610484544695,34,1.0611913693564263,0.8620689655172413,31,154,0.0,34.86045699992246,0.5961389930228091,0.6199324295611436,0.6054523186112528,0.0,0.0,0.0,347.2608695652174
900,900,uplink,1.25,S0-QoS,default,class_size_desc,3,0,1.0,892,L6,0.6133202159787682,0.6133202159787682,33,361,3.3,0.3174610484544695,34,1.0609293592469629,0.8620689655172413,31,154,0.0,32.78330199987067,1.0,0.8586666666666667,0.33046246021344317,0.0,0.0,0.0,344.9183673469388
900,900,uplink,1.25,S1,default,class_size_desc,3,0,1.0,892,L6,0.8699551569506726,0.8699551569506726,0,0,1.0,0.2656001984126984,38,1.1722508591065293,0.9568965517241379,56,243,0.0,94.94192500005738,1.0,0.912,0.8096330275229358,0.0,30.0,86.0,0.0
900,900,uplink,1.25,S2,default,class_size_desc,3,0,1.0,892,L6,0.9540358744394619,0.9540358744394619,0,0,1.0,0.30752229532163744,43,1.227967097532315,0.993006993006993,70,287,0.0,74.68334199984383,1.0,1.0,0.9059633027522935,0.0,39.0,2.0,0.0
900,900,uplink,1.5,S0,default,class_size_desc,3,0,1.0,1086,L6,0.5224824394139409,0.5224824394139409,39,561,3.8,0.38563465956558063,41,1.0587458539983572,0.8403361344537815,31,184,0.0,32.333288000018,0.503235973015732,0.5318049230670943,0.518170172143664,0.0,0.0,0.0,518.5840707964602
900,900,uplink,1.5,S0-QoS,default,class_size_desc,3,0,1.0,1086,L6,0.5259541553355519,0.5259541553355519,39,561,3.8,0.38563465956558063,41,1.0583580846184868,0.8403361344537815,31,184,0.0,31.79901599992263,1.0,0.7836644591611479,0.21798538967056175,0.0,0.0,0.0,514.8137873055906
900,900,uplink,1.5,S1,default,class_size_desc,3,0,1.0,1086,L6,0.8278084714548803,0.8278084714548803,0,0,1.0,0.3351045321637427,55,1.2562106043752317,0.9814814814814815,66,307,0.0,160.7422269999006,1.0,0.8719646799116998,0.7579737335834896,0.0,42.0,145.0,0.0
900,900,uplink,1.5,S2,default,class_size_desc,3,0,1.0,1086,L6,0.9152854511970534,0.9152854511970534,0,0,1.0,0.4360073099415205,76,1.4164989939637826,0.9631578947368421,101,447,0.0,106.16122500005076,1.0,1.0,0.8273921200750469,0.0,92.0,0.0,0.0
900,900,uplink,2.0,S0,default,class_size_desc,3,0,1.0,1388,L6,0.4115107352916393,0.4115107352916393,41,972,5.0,0.49327621136173766,42,1.0583590360520625,0.8333333333333334,31,236,0.0,33.798945999933494,0.3921983527977413,0.41802258398959236,0.40949073610967257,0.0,0.0,0.0,816.8230994152046
900,900,uplink,2.0,S0-QoS,default,class_size_desc,3,0,1.0,1388,L6,0.4132079478234491,0.4132079478234491,41,972,5.0,0.49327621136173766,42,1.0581193318356898,0.8333333333333334,31,236,0.0,33.968485000059445,0.9523809523809523,0.6746575342465754,0.08780624126688402,0.0,0.0,0.0,814.4673684210526
900,900,uplink,2.0,S1,default,class_size_desc,3,0,1.0,1388,L6,0.7298270893371758,0.7298270893371758,0,0,1.0,0.4389152046783626,85,1.4136229022704838,0.9333333333333333,84,411,6.0,133.24461799993514,0.9523809523809523,0.8972602739726028,0.5442477876106194,0.0,203.0,172.0,0.0
900,900,uplink,2.0,S2,default,class_size_desc,3,0,1.0,1388,L6,0.7370317002881844,0.7370317002881844,0,0,1.0,0.4747777777777778,92,1.479960899315738,0.9463414634146341,100,443,0.0,155.04474199997276,1.0,0.9965753424657534,0.4646017699115044,0.0,365.0,0.0,0.0
900,900,multi,0.5,S0,default,class_size_desc,3,0,1.0,392,L26;L50;L7,0.9489795918367346,0.9489795918367346,9,20,1.3,0.13878220663265306,13,1.0089605734767024,0.8333333333333334,5,12,0.0,33.312484000134646,0.9462924462924462,0.9509258857084945,0.9478768654026386,0.0,0.0,0.0,20.0
900,900,multi,0.5,S0-QoS,default,class_size_desc,3,0,1.0,392,L26;L50;L7,0.9489795918367347,0.9489795918367347,9,20,1.3,0.13878220663265306,13,1.0089605734767024,0.8333333333333334,5,12,0.0,37.87479099992197,1.0,1.0,0.8969072164948454,0.0,0.0,0.0,20.0
900,900,multi,0.5,S1,default,class_size_desc,3,0,1.0,392,L26;L50;L7,0.9795918367346939,0.9795918367346939,0,0,1.0,0.13309343112244898,13,1.0121527777777777,1.0,5,12,0.0,101.96311200002128,1.0,1.0,0.9587628865979382,0.0,1.0,7.0,0.0
900,900,multi,0.5,S2,default,class_size_desc,3,0,1.0,392,L26;L50;L7,0.9974489795918368,0.9974489795918368,0,0,1.0,0.1348062287414966,13,1.011935208866155,1.0,5,12,0.0,95.50701399984973,1.0,1.0,0.9948453608247423,0.0,1.0,0.0,0.0
900,900,multi,0.75,S0,default,class_size_desc,3,0,1.0,561,L26;L50;L7,0.8270944741532977,0.8270944741532977,16,97,2.0,0.1992159332482993,19,1.007183908045977,0.5882352941176471,5,17,0.0,56.46119700008967,0.8298215743125595,0.8333294985378209,0.8212165622450136,0.0,0.0,0.0,97.0
900,900,multi,0.75,S0-QoS,default,class_size_desc,3,0,1.0,561,L26;L50;L7,0.8270944741532977,0.8270944741532977,16,97,2.0,0.1992159332482993,19,1.007183908045977,0.5882352941176471,5,17,0.0,54.30804899992836,1.0,0.978813559322034,0.6642335766423357,0.0,0.0,0.0,97.0
900,900,multi,0.75,S1,default,class_size_desc,3,0,1.0,561,L26;L50;L7,0.948306595365419,0.948306595365419,0,0,1.0,0.17485427295918368,19,1.018796992481203,0.9523809523809523,6,20,0.0,93.48293900006865,1.0,0.9915254237288136,0.9014598540145985,0.0,11.0,18.0,0.0
900,900,multi,0.75,S2,default,class_size_desc,3,0,1.0,561,L26;L50;L7,0.9803921568627451,0.9803921568627451,0,0,1.0,0.1808389136904762,19,1.0254545454545454,1.0,7,22,0.0,62.26219699988178,1.0,1.0,0.9598540145985401,0.0,11.0,0.0,0.0
900,900,multi,1.0,S0,default,class_size_desc,3,0,1.0,694,L26;L50;L7,0.7457172590457893,0.7457172590457893,25,177,2.5,0.24673729804421768,27,1.0064408781063818,0.5,5,22,0.0,33.96892600017054,0.7621339093388783,0.7543281710781257,0.7352493083616983,0.0,0.0,0.0,176.47222222222223
900,900,multi,1.0,S0-QoS,default,class_size_desc,3,0,1.0,694,L26;L50;L7,0.7460185044744426,0.7460185044744426,25,177,2.5,0.24673729804421768,27,1.00643827725255,0.5,5,22,0.0,29.97822200018163,1.0,0.9417808219178082,0.5301971743518087,0.0,0.0,0.0,176.26315789473685
900,900,multi,1.0,S1,default,class_size_desc,3,0,1.0,694,L26;L50;L7,0.9149855907780979,0.9149855907780979,0,0,1.0,0.20488786139455784,28,1.031496062992126,1.0,6,25,0.0,71.90896900010557,1.0,0.9554794520547946,0.8643067846607669,0.0,20.0,39.0,0.0
900,900,multi,1.0,S2,default,class_size_desc,3,0,1.0,694,L26;L50;L7,0.9711815561959655,0.9711815561959655,0,0,1.0,0.2175062181122449,27,1.0415430267062316,0.9354838709677419,7,28,0.0,57.63605100014502,1.0,1.0,0.9410029498525073,0.0,20.0,0.0,0.0
900,900,multi,1.0,S2,lambda=0.5xmean,class_size_desc,3,1,1.0,694,L26;L50;L7,0.9711815561959655,0.9711815561959655,0,0,1.0,0.2421234587585034,13,1.1745796241345203,1.0,40,136,0.0,60.92872600015653,1.0,1.0,0.9410029498525073,0.0,20.0,0.0,0.0
900,900,multi,1.0,S2,lambda=1xmean,class_size_desc,3,2,1.0,694,L26;L50;L7,0.9711815561959655,0.9711815561959655,0,0,1.0,0.2625331632653061,9,1.2462908011869436,1.0,52,182,0.0,59.786583999994036,1.0,1.0,0.9410029498525073,0.0,20.0,0.0,0.0
900,900,multi,1.0,S2,lambda=2xmean,class_size_desc,3,4,1.0,694,L26;L50;L7,0.9711815561959655,0.9711815561959655,0,0,1.0,0.2989176764455782,8,1.3615232443125618,1.0,53,189,0.0,64.51332899996487,1.0,1.0,0.9410029498525073,0.0,20.0,0.0,0.0
900,900,multi,1.0,S2,max_paths=1,class_size_desc,1,0,1.0,694,L26;L50;L7,0.9236311239193083,0.9236311239193083,0,0,1.0,0.20643675595238095,28,1.031201248049922,1.0,6,24,0.0,70.5601789998127,1.0,0.9657534246575342,0.8731563421828908,0.0,20.0,33.0,0.0
900,900,multi,1.0,S2,max_paths=2,class_size_desc,2,0,1.0,694,L26;L50;L7,0.9711815561959655,0.9711815561959655,0,0,1.0,0.2175062181122449,27,1.0415430267062316,0.9354838709677419,7,28,0.0,68.3841580000717,1.0,1.0,0.9410029498525073,0.0,20.0,0.0,0.0
900,900,multi,1.0,S2,max_paths=4,class_size_desc,4,0,1.0,694,L26;L50;L7,0.9711815561959655,0.9711815561959655,0,0,1.0,0.2175062181122449,27,1.0415430267062316,0.9354838709677419,7,28,0.0,57.64482700010376,1.0,1.0,0.9410029498525073,0.0,20.0,0.0,0.0
900,900,multi,1.0,S2,order=arrival,arrival,3,0,1.0,694,L26;L50;L7,0.9711815561959655,0.9711815561959655,0,0,1.0,0.21769754464285715,27,1.0415430267062316,0.9354838709677419,7,28,0.0,71.14941400004682,1.0,1.0,0.9410029498525073,0.0,20.0,0.0,0.0
900,900,multi,1.0,S2,order=class_size_asc,class_size_asc,3,0,1.0,694,L26;L50;L7,0.9711815561959655,0.9711815561959655,0,0,1.0,0.21769754464285715,27,1.0415430267062316,0.9354838709677419,7,28,0.0,57.50663799994982,1.0,1.0,0.9410029498525073,0.0,20.0,0.0,0.0
900,900,multi,1.0,S2,util_cap=0.9,class_size_desc,3,0,0.9,694,L26;L50;L7,0.962536023054755,0.962536023054755,0,0,0.9,0.21619010416666667,0,1.0578842315369261,0.9642857142857143,7,27,0.0,59.66351300003225,1.0,1.0,0.9233038348082596,0.0,26.0,0.0,0.0
900,900,multi,1.25,S0,default,class_size_desc,3,0,1.0,892,L26;L50;L7,0.6174205498147787,0.6174205498147787,32,355,3.3,0.3174186862244898,32,1.0060524723033604,0.5,5,28,0.0,29.86236399988229,0.6176097391312364,0.6269862597888869,0.6091580140924767,0.0,0.0,0.0,341.2608695652174
900,900,multi,1.25,S0-QoS,default,class_size_desc,3,0,1.0,892,L26;L50;L7,0.6200466733778713,0.6200466733778713,32,355,3.3,0.3174186862244898,32,1.006026837878061,0.5,5,28,0.0,29.58714700002929,1.0,0.8586666666666667,0.34422392810335145,0.0,0.0,0.0,338.9183673469388
900,900,multi,1.25,S1,default,class_size_desc,3,0,1.0,892,L26;L50;L7,0.8766816143497758,0.8766816143497758,0,0,1.0,0.25236474277210885,36,1.0618073316283034,0.9375,8,30,0.0,82.11872600008974,1.0,0.912,0.823394495412844,0.0,43.0,67.0,0.0
900,900,multi,1.25,S2,default,class_size_desc,3,0,1.0,892,L26;L50;L7,0.9439461883408071,0.9439461883408071,0,0,1.0,0.2754447278911565,40,1.0843230403800475,0.8205128205128205,9,30,0.0,67.79933099983282,1.0,1.0,0.8853211009174312,0.0,50.0,0.0,0.0
900,900,multi,1.5,S0,default,class_size_desc,3,0,1.0,1086,L26;L50;L7,0.5307697322316205,0.5307697322316205,37,544,3.8,0.38551950467687074,39,1.0057828612369182,0.5,5,34,0.0,34.34060199992928,0.5204773523260768,0.5419414905244518,0.5232058138149258,0.0,0.0,0.0,509.5840707964602
900,900,multi,1.5,S0-QoS,default,class_size_desc,3,0,1.0,1086,L26;L50;L7,0.5344775533617124,0.5344775533617124,37,544,3.8,0.38551950467687074,39,1.005742743901865,0.5,5,34,0.0,34.28569899983813,1.0,0.7880794701986755,0.23159966782517763,0.0,0.0,0.0,505.55737704918033
900,900,multi,1.5,S1,default,class_size_desc,3,0,1.0,1086,L26;L50;L7,0.8278084714548803,0.8278084714548803,0,0,1.0,0.2940721726190476,52,1.0945494994438265,0.7222222222222222,11,38,0.0,108.43749500008926,1.0,0.8763796909492274,0.7542213883677298,0.0,67.0,120.0,0.0
900,900,multi,1.5,S2,default,class_size_desc,3,0,1.0,1086,L26;L50;L7,0.9152854511970534,0.9152854511970534,0,0,1.0,0.34023363095238096,59,1.1448692152917506,0.7380952380952381,19,59,0.0,80.51451799997267,1.0,1.0,0.8273921200750469,0.0,92.0,0.0,0.0
900,900,multi,2.0,S0,default,class_size_desc,3,0,1.0,1388,L26;L50;L7,0.41896813960935,0.41896813960935,39,902,5.0,0.49347459608843536,40,1.0057320277048005,0.5,5,44,0.0,36.49025400000028,0.4054258660252545,0.4271873207588713,0.41440519665990394,0.0,0.0,0.0,806.4722222222222
900,900,multi,2.0,S0-QoS,default,class_size_desc,3,0,1.0,1388,L26;L50;L7,0.42150765963901105,0.42150765963901105,39,902,5.0,0.49347459608843536,40,1.0056974931030347,0.5,5,44,0.0,33.75837999988107,0.9523809523809523,0.6815068493150684,0.09889768669461264,0.0,0.0,0.0,802.9473684210526
900,900,multi,2.0,S1,default,class_size_desc,3,0,1.0,1388,L26;L50;L7,0.7456772334293948,0.7456772334293948,0,0,1.0,0.3683422619047619,67,1.1813204508856683,0.8285714285714286,23,88,6.0,123.09693699990021,0.9523809523809523,0.9178082191780822,0.5589970501474927,0.0,184.0,169.0,0.0
900,900,multi,2.0,S2,default,class_size_desc,3,0,1.0,1388,L26;L50;L7,0.8155619596541787,0.8155619596541787,0,0,1.0,0.4504828869047619,87,1.295053003533569,0.8188976377952756,47,170,0.0,122.85290899990287,1.0,0.9965753424657534,0.6253687315634219,0.0,256.0,0.0,0.0
900,900,recovered,0.5,S0,default,class_size_desc,3,0,1.0,392,,0.9540816326530612,0.9540816326530612,8,18,1.3,0.1331531055900621,12,1.0,nan,15,25,0.0,41.084319999981744,0.9462924462924462,0.9561018691453474,0.9538906111071059,0.0,0.0,0.0,18.0
900,900,recovered,0.5,S0-QoS,default,class_size_desc,3,0,1.0,392,,0.9540816326530612,0.9540816326530612,8,18,1.3,0.1331531055900621,12,1.0,nan,15,25,0.0,34.407287000021824,1.0,1.0,0.9072164948453608,0.0,0.0,0.0,18.0
900,900,recovered,0.5,S1,default,class_size_desc,3,0,1.0,392,,0.9795918367346939,0.9795918367346939,0,0,1.0,0.1275924430641822,12,1.0,nan,15,25,0.0,64.59772700009125,1.0,1.0,0.9587628865979382,0.0,1.0,7.0,0.0
900,900,recovered,0.5,S2,default,class_size_desc,3,0,1.0,392,,0.9974489795918368,0.9974489795918368,0,0,1.0,0.12926055900621117,12,1.0,nan,15,25,0.0,62.54625900010069,1.0,1.0,0.9948453608247423,0.0,1.0,0.0,0.0
900,900,recovered,0.75,S0,default,class_size_desc,3,0,1.0,561,,0.839572192513369,0.839572192513369,15,90,2.0,0.1911733436853002,18,1.0,nan,15,34,0.0,36.012217000006785,0.8298215743125595,0.8472876241609516,0.8347416803214412,0.0,0.0,0.0,90.0
900,900,recovered,0.75,S0-QoS,default,class_size_desc,3,0,1.0,561,,0.839572192513369,0.839572192513369,15,90,2.0,0.1911733436853002,18,1.0,nan,15,34,0.0,33.749655000065104,1.0,0.978813559322034,0.6897810218978102,0.0,0.0,0.0,90.0
900,900,recovered,0.75,S1,default,class_size_desc,3,0,1.0,561,,0.9500891265597148,0.9500891265597148,0,0,1.0,0.1670616977225673,18,1.0,nan,13,31,0.0,64.6228240000255,1.0,0.9915254237288136,0.9051094890510949,0.0,11.0,17.0,0.0
900,900,recovered,0.75,S2,default,class_size_desc,3,0,1.0,561,,0.9803921568627451,0.9803921568627451,0,0,1.0,0.17224456521739132,18,1.0048484848484849,nan,13,31,0.0,73.41509399998358,1.0,1.0,0.9598540145985401,0.0,11.0,0.0,0.0
900,900,recovered,1.0,S0,default,class_size_desc,3,0,1.0,694,,0.7601264809478065,0.7601264809478065,25,167,2.5,0.2366180641821946,27,1.0,nan,15,42,0.0,32.98225499997898,0.7621339093388783,0.769894796233792,0.7513394129473782,0.0,0.0,0.0,166.47222222222223
900,900,recovered,1.0,S0-QoS,default,class_size_desc,3,0,1.0,694,,0.7604277263764598,0.7604277263764598,25,167,2.5,0.2366180641821946,27,1.0,nan,15,42,0.0,34.09517199997936,1.0,0.9417808219178082,0.5596956994255551,0.0,0.0,0.0,166.26315789473685
900,900,recovered,1.0,S1,default,class_size_desc,3,0,1.0,694,,0.9149855907780979,0.9149855907780979,0,0,1.0,0.1951335403726708,27,1.010498687664042,nan,13,36,0.0,79.30668299991339,1.0,0.9554794520547946,0.8643067846607669,0.0,18.0,41.0,0.0
900,900,recovered,1.0,S2,default,class_size_desc,3,0,1.0,694,,0.9740634005763689,0.9740634005763689,0,0,1.0,0.20773359213250517,26,1.0197238658777121,nan,15,43,0.0,74.69430199989802,1.0,1.0,0.9469026548672567,0.0,18.0,0.0,0.0
900,900,recovered,1.0,S2,lambda=0.5xmean,class_size_desc,3,1,1.0,694,,0.9740634005763689,0.9740634005763689,0,0,1.0,0.23479523809523808,8,1.1883629191321499,nan,34,101,0.0,99.91776700007904,1.0,1.0,0.9469026548672567,0.0,18.0,0.0,0.0
900,900,recovered,1.0,S2,lambda=1xmean,class_size_desc,3,2,1.0,694,,0.9740634005763689,0.9740634005763689,0,0,1.0,0.24778498964803314,6,1.242603550295858,nan,43,109,0.0,61.07205500006785,1.0,1.0,0.9469026548672567,0.0,18.0,0.0,0.0
900,900,recovered,1.0,S2,lambda=2xmean,class_size_desc,3,4,1.0,694,,0.9740634005763689,0.9740634005763689,0,0,1.0,0.2667629917184265,6,1.3022682445759368,nan,41,132,0.0,60.30305199988106,1.0,1.0,0.9469026548672567,0.0,18.0,0.0,0.0
900,900,recovered,1.0,S2,max_paths=1,class_size_desc,1,0,1.0,694,,0.9236311239193083,0.9236311239193083,0,0,1.0,0.1968340579710145,27,1.0114404576183047,nan,13,36,0.0,80.16561299996283,1.0,0.9657534246575342,0.8731563421828908,0.0,18.0,35.0,0.0
900,900,recovered,1.0,S2,max_paths=2,class_size_desc,2,0,1.0,694,,0.9740634005763689,0.9740634005763689,0,0,1.0,0.20773359213250517,26,1.0197238658777121,nan,15,43,0.0,61.0067820000495,1.0,1.0,0.9469026548672567,0.0,18.0,0.0,0.0
900,900,recovered,1.0,S2,max_paths=4,class_size_desc,4,0,1.0,694,,0.9740634005763689,0.9740634005763689,0,0,1.0,0.20773359213250517,26,1.0197238658777121,nan,15,43,0.0,80.31870099989646,1.0,1.0,0.9469026548672567,0.0,18.0,0.0,0.0
900,900,recovered,1.0,S2,order=arrival,arrival,3,0,1.0,694,,0.9740634005763689,0.9740634005763689,0,0,1.0,0.2079199275362319,26,1.0197238658777121,nan,14,45,0.0,64.27691599992613,1.0,1.0,0.9469026548672567,0.0,18.0,0.0,0.0
900,900,recovered,1.0,S2,order=class_size_asc,class_size_asc,3,0,1.0,694,,0.9740634005763689,0.9740634005763689,0,0,1.0,0.2079199275362319,26,1.0197238658777121,nan,15,48,0.0,59.73800299989307,1.0,1.0,0.9469026548672567,0.0,18.0,0.0,0.0
900,900,recovered,1.0,S2,util_cap=0.9,class_size_desc,3,0,0.9,694,,0.968299711815562,0.968299711815562,0,0,0.9,0.20749166666666666,0,1.037202380952381,nan,14,39,0.0,102.10868499984826,1.0,1.0,0.9351032448377581,0.0,22.0,0.0,0.0
900,900,recovered,1.25,S0,default,class_size_desc,3,0,1.0,892,,0.6286313121466173,0.6286313121466173,32,345,3.3,0.3044512422360248,33,1.0,nan,15,52,0.0,33.78055200005292,0.6176097391312364,0.6393672121698393,0.6214450389941806,0.0,0.0,0.0,331.2608695652174
900,900,recovered,1.25,S0-QoS,default,class_size_desc,3,0,1.0,892,,0.6312574357097099,0.6312574357097099,32,345,3.3,0.3044512422360248,33,1.0,nan,15,52,0.0,31.497271000034743,1.0,0.8666666666666667,0.36027897397491104,0.0,0.0,0.0,328.9183673469388
900,900,recovered,1.25,S1,default,class_size_desc,3,0,1.0,892,,0.8834080717488789,0.8834080717488789,0,0,1.0,0.24273783643892338,34,1.0418781725888324,nan,14,48,0.0,127.31238199990003,1.0,0.92,0.8302752293577982,0.0,36.0,68.0,0.0
900,900,recovered,1.25,S2,default,class_size_desc,3,0,1.0,892,,0.9562780269058296,0.9562780269058296,0,0,1.0,0.267265734989648,39,1.0668229777256741,nan,12,43,0.0,81.83807000000343,1.0,1.0,0.9105504587155964,0.0,39.0,0.0,0.0
900,900,recovered,1.5,S0,default,class_size_desc,3,0,1.0,1086,,0.5399778353623755,0.5399778353623755,38,542,3.8,0.3697711697722567,40,1.0,nan,15,67,0.0,34.1254789998402,0.5204773523260768,0.5516804854601745,0.5336903078001372,0.0,0.0,0.0,499.5840707964602
900,900,recovered,1.5,S0-QoS,default,class_size_desc,3,0,1.0,1086,,0.5434495512839865,0.5434495512839865,38,542,3.8,0.3697711697722567,40,1.0,nan,15,67,0.0,34.85953600011271,1.0,0.7991169977924945,0.24049946096512084,0.0,0.0,0.0,495.8137873055906
900,900,recovered,1.5,S1,default,class_size_desc,3,0,1.0,1086,,0.8425414364640884,0.8425414364640884,0,0,1.0,0.2867891304347826,51,1.0746812386156648,nan,17,64,0.0,123.87150900008237,1.0,0.8874172185430463,0.774859287054409,0.0,52.0,119.0,0.0
900,900,recovered,1.5,S2,default,class_size_desc,3,0,1.0,1086,,0.9355432780847146,0.9355432780847146,0,0,1.0,0.3318119565217391,58,1.1263123359580052,nan,30,104,0.0,87.9402040000059,1.0,1.0,0.8686679174484052,0.0,70.0,0.0,0.0
900,900,recovered,2.0,S0,default,class_size_desc,3,0,1.0,1388,,0.42591995719365655,0.42591995719365655,40,926,5.0,0.4732361283643892,41,1.0,nan,15,84,0.0,41.096873000014966,0.4054258660252545,0.43467022478106876,0.4221914899608689,0.0,0.0,0.0,796.8230994152046
900,900,recovered,2.0,S0-QoS,default,class_size_desc,3,0,1.0,1388,,0.42761716972546643,0.42761716972546643,40,926,5.0,0.4732361283643892,41,1.0,nan,15,84,0.0,37.318015999971976,0.9523809523809523,0.6986301369863014,0.09665579878900792,0.0,0.0,0.0,794.4673684210526
900,900,recovered,2.0,S1,default,class_size_desc,3,0,1.0,1388,,0.7687319884726225,0.7687319884726225,0,0,1.0,0.3584231884057971,65,1.1602624179943768,nan,27,135,6.0,206.67235399992023,0.9523809523809523,0.9212328767123288,0.6032448377581121,0.0,142.0,179.0,0.0
900,900,recovered,2.0,S2,default,class_size_desc,3,0,1.0,1388,,0.8451008645533141,0.8451008645533141,0,0,1.0,0.42114927536231883,82,1.2429667519181586,nan,34,165,0.0,179.26322100015568,1.0,0.9965753424657534,0.6858407079646017,0.0,215.0,0.0,0.0
1000,1000,healthy,0.5,S0,default,class_size_desc,3,0,1.0,392,,0.9617346938775511,0.9617346938775511,8,15,1.3,0.13034283529925733,10,1.0,nan,0,0,0.0,32.65178499987087,0.9517104517104518,0.9681333159594029,0.9583363372023166,0.0,0.0,0.0,15.000000000000002
1000,1000,healthy,0.5,S0-QoS,default,class_size_desc,3,0,1.0,392,,0.9617346938775511,0.9617346938775511,8,15,1.3,0.13034283529925733,10,1.0,nan,0,0,0.0,32.968509000056656,1.0,1.0,0.9226804123711341,0.0,0.0,0.0,15.0
1000,1000,healthy,0.5,S1,default,class_size_desc,3,0,1.0,392,,0.9770408163265306,0.9770408163265306,0,0,1.0,0.12484538371923692,10,1.0,nan,0,0,0.0,59.63953900004526,1.0,1.0,0.9536082474226805,0.0,2.0,7.0,0.0
1000,1000,healthy,0.5,S2,default,class_size_desc,3,0,1.0,392,,0.9948979591836735,0.9948979591836735,0,0,1.0,0.12664536915683705,10,1.0,nan,0,0,0.0,50.33915600006367,1.0,1.0,0.9896907216494846,0.0,2.0,0.0,0.0
1000,1000,healthy,0.75,S0,default,class_size_desc,3,0,1.0,526,,0.8897338403041826,0.8897338403041826,12,58,1.9,0.17439988350080093,13,1.0,nan,0,0,0.0,33.9734540000336,0.8830030057661636,0.8995947902546649,0.8829002674595359,0.0,0.0,0.0,58.0
1000,1000,healthy,0.75,S0-QoS,default,class_size_desc,3,0,1.0,526,,0.8897338403041825,0.8897338403041825,12,58,1.9,0.17439988350080093,13,1.0,nan,0,0,0.0,30.13445400006276,1.0,0.9953488372093023,0.7816091954022989,0.0,0.0,0.0,58.0
1000,1000,healthy,0.75,S1,default,class_size_desc,3,0,1.0,526,,0.9619771863117871,0.9619771863117871,0,0,1.0,0.15770445609436434,13,1.0,nan,0,0,0.0,64.88514600005146,1.0,0.9953488372093023,0.9272030651340997,0.0,6.0,14.0,0.0
1000,1000,healthy,0.75,S2,default,class_size_desc,3,0,1.0,526,,0.9885931558935361,0.9885931558935361,0,0,1.0,0.16199235474006116,13,1.0032051282051282,nan,0,0,0.0,59.37099499988108,1.0,1.0,0.9770114942528736,0.0,6.0,0.0,0.0
1000,1000,healthy,1.0,S0,default,class_size_desc,3,0,1.0,666,,0.8213213213213213,0.8213213213213213,17,119,2.3,0.22079805591961554,20,1.0,nan,0,0,0.0,49.565203999918594,0.8149036136468202,0.8319484642285748,0.8136960046584574,0.0,0.0,0.0,119.0
1000,1000,healthy,1.0,S0-QoS,default,class_size_desc,3,0,1.0,666,,0.8213213213213213,0.8213213213213213,17,119,2.3,0.22079805591961554,20,1.0,nan,0,0,0.0,41.536898999993355,1.0,0.9781021897810219,0.6554878048780488,0.0,0.0,0.0,119.0
1000,1000,healthy,1.0,S1,default,class_size_desc,3,0,1.0,666,,0.93993993993994,0.93993993993994,0,0,1.0,0.19217602300859182,19,1.009052183173589,nan,0,0,0.0,92.17598700001872,1.0,0.9781021897810219,0.8963414634146342,0.0,14.0,26.0,0.0
1000,1000,healthy,1.0,S2,default,class_size_desc,3,0,1.0,666,,0.978978978978979,0.978978978978979,0,0,1.0,0.20112334352701325,19,1.0168711656441718,nan,0,0,0.0,63.786826000068686,1.0,0.9927007299270073,0.9634146341463414,0.0,14.0,0.0,0.0
1000,1000,healthy,1.0,S2,lambda=0.5xmean,class_size_desc,3,1,1.0,666,,0.978978978978979,0.978978978978979,0,0,1.0,0.2283448376292413,8,1.1784253578732107,nan,0,0,0.0,64.06779300004928,1.0,0.9927007299270073,0.9634146341463414,0.0,14.0,0.0,0.0
1000,1000,healthy,1.0,S2,lambda=1xmean,class_size_desc,3,2,1.0,666,,0.978978978978979,0.978978978978979,0,0,1.0,0.2538044633755643,2,1.2724948875255624,nan,0,0,0.0,70.50346300002275,1.0,0.9927007299270073,0.9634146341463414,0.0,14.0,0.0,0.0
1000,1000,healthy,1.0,S2,lambda=2xmean,class_size_desc,3,4,1.0,666,,0.978978978978979,0.978978978978979,0,0,1.0,0.2592404616280763,2,1.2975460122699387,nan,0,0,0.0,66.15013900000122,1.0,0.9927007299270073,0.9634146341463414,0.0,14.0,0.0,0.0
1000,1000,healthy,1.0,S2,max_paths=1,class_size_desc,1,0,1.0,666,,0.9414414414414415,0.9414414414414415,0,0,1.0,0.1928868865589049,19,1.0111642743221692,nan,0,0,0.0,79.19166700003188,1.0,0.9781021897810219,0.899390243902439,0.0,14.0,25.0,0.0
1000,1000,healthy,1.0,S2,max_paths=2,class_size_desc,2,0,1.0,666,,0.978978978978979,0.978978978978979,0,0,1.0,0.20112334352701325,19,1.0168711656441718,nan,0,0,0.0,112.62036899984196,1.0,0.9927007299270073,0.9634146341463414,0.0,14.0,0.0,0.0
1000,1000,healthy,1.0,S2,max_paths=4,class_size_desc,4,0,1.0,666,,0.978978978978979,0.978978978978979,0,0,1.0,0.20112334352701325,19,1.0168711656441718,nan,0,0,0.0,61.593692999849736,1.0,0.9927007299270073,0.9634146341463414,0.0,14.0,0.0,0.0
1000,1000,healthy,1.0,S2,order=arrival,arrival,3,0,1.0,666,,0.978978978978979,0.978978978978979,0,0,1.0,0.20112334352701325,19,1.0168711656441718,nan,0,0,0.0,65.88921899992783,1.0,0.9927007299270073,0.9634146341463414,0.0,14.0,0.0,0.0
1000,1000,healthy,1.0,S2,order=class_size_asc,class_size_asc,3,0,1.0,666,,0.978978978978979,0.978978978978979,0,0,1.0,0.20112334352701325,19,1.0168711656441718,nan,0,0,0.0,64.05457799996839,1.0,0.9927007299270073,0.9634146341463414,0.0,14.0,0.0,0.0
1000,1000,healthy,1.0,S2,util_cap=0.9,class_size_desc,3,0,0.9,666,,0.975975975975976,0.975975975975976,0,0,0.9,0.20137953254696375,0,1.0292307692307692,nan,0,0,0.0,61.785412999824985,1.0,0.9890510948905109,0.9603658536585366,0.0,16.0,0.0,0.0
1000,1000,healthy,1.25,S0,default,class_size_desc,3,0,1.0,846,,0.7142857142857143,0.7142857142857143,26,250,3.0,0.28045729576234163,30,1.0,nan,0,0,0.0,32.69617799992375,0.7167028359997155,0.7272756868803456,0.7030590767299952,0.0,0.0,0.0,241.71428571428572
1000,1000,healthy,1.25,S0-QoS,default,class_size_desc,3,0,1.0,846,,0.7156028368794326,0.7156028368794326,26,250,3.0,0.28045729576234163,30,1.0,nan,0,0,0.0,31.406681000134995,1.0,0.9219653179190751,0.48899521531100476,0.0,0.0,0.0,240.6
1000,1000,healthy,1.25,S1,default,class_size_desc,3,0,1.0,846,,0.9018912529550828,0.9018912529550828,0,0,1.0,0.23654357798165138,32,1.035386631716907,nan,0,0,0.0,85.69977199999812,1.0,0.9248554913294798,0.8636363636363636,0.0,26.0,57.0,0.0
1000,1000,healthy,1.25,S2,default,class_size_desc,3,0,1.0,846,,0.9680851063829787,0.9680851063829787,0,0,1.0,0.25787498179700014,37,1.0533170533170533,nan,0,0,0.0,87.23513099994307,1.0,0.9855491329479769,0.9473684210526315,0.0,27.0,0.0,0.0
1000,1000,healthy,1.5,S0,default,class_size_desc,3,0,1.0,1058,,0.5985040021381152,0.5985040021381152,37,479,3.6,0.3511408912188729,41,1.0,nan,0,0,0.0,32.5988760000655,0.5845533331333252,0.6122835314680379,0.5897203284043363,0.0,0.0,0.0,424.7827657378741
1000,1000,healthy,1.5,S0-QoS,default,class_size_desc,3,0,1.0,1058,,0.6004746642169498,0.6004746642169498,37,479,3.6,0.3511408912188729,41,1.0,nan,0,0,0.0,31.954166999867084,1.0,0.864367816091954,0.3032609094665383,0.0,0.0,0.0,422.69780525846704
1000,1000,healthy,1.5,S1,default,class_size_desc,3,0,1.0,1058,,0.8449905482041588,0.8449905482041588,0,0,1.0,0.2821794087665647,53,1.0633855331841908,nan,0,0,0.0,96.51060700002745,1.0,0.9241379310344827,0.7490421455938697,0.0,44.0,120.0,0.0
1000,1000,healthy,1.5,S2,default,class_size_desc,3,0,1.0,1058,,0.944234404536862,0.944234404536862,0,0,1.0,0.33368202999854374,58,1.1364698031364697,nan,0,0,0.0,120.9928809998928,1.0,0.9747126436781609,0.9080459770114943,0.0,59.0,0.0,0.0
1000,1000,healthy,2.0,S0,default,class_size_desc,3,0,1.0,1332,,0.47400042227628436,0.47400042227628436,42,886,4.6,0.4415961118392311,43,1.0,nan,0,0,0.0,34.73849900001369,0.4683631559930313,0.4864130964901094,0.4647312524821994,0.0,0.0,0.0,700.6314375279893
1000,1000,healthy,2.0,S0-QoS,default,class_size_desc,3,0,1.0,1332,,0.47344902506192826,0.47344902506192826,42,886,4.6,0.4415961118392311,43,1.0,nan,0,0,0.0,31.103009999924325,0.984375,0.7773722627737226,0.11986905698550072,0.0,0.0,0.0,701.3658986175116
1000,1000,healthy,2.0,S1,default,class_size_desc,3,0,1.0,1332,,0.8003003003003003,0.8003003003003003,0,0,1.0,0.3635995340032037,66,1.1732332707942463,nan,0,0,0.0,143.13207999998667,0.984375,0.8905109489051095,0.6890243902439024,0.0,122.0,144.0,0.0
1000,1000,healthy,2.0,S2,default,class_size_desc,3,0,1.0,1332,,0.8633633633633634,0.8633633633633634,0,0,1.0,0.4215436143876511,79,1.247536231884058,nan,0,0,0.0,167.1118019999085,0.984375,0.9708029197080292,0.75,0.0,182.0,0.0,0.0
1000,1000,uplink,0.5,S0,default,class_size_desc,3,0,1.0,392,L6,0.9489795918367346,0.9489795918367346,9,20,1.5,0.14088458994708994,12,1.0698924731182795,0.9397590361445783,40,83,0.0,42.852085000049556,0.9517104517104518,0.9536405623362145,0.9445906327349626,0.0,0.0,0.0,20.0
1000,1000,uplink,0.5,S0-QoS,default,class_size_desc,3,0,1.0,392,L6,0.9489795918367347,0.9489795918367347,9,20,1.5,0.14088458994708994,12,1.0698924731182795,0.9397590361445783,40,83,0.0,36.5063240001291,1.0,1.0,0.8969072164948454,0.0,0.0,0.0,20.0
1000,1000,uplink,0.5,S1,default,class_size_desc,3,0,1.0,392,L6,0.9770408163265306,0.9770408163265306,0,0,1.0,0.1343992871840094,12,1.072236727589208,1.0,40,83,0.0,105.4933529999289,1.0,1.0,0.9536082474226805,0.0,2.0,7.0,0.0
1000,1000,uplink,0.5,S2,default,class_size_desc,3,0,1.0,392,L6,0.9948979591836735,0.9948979591836735,0,0,1.0,0.1362959656084656,12,1.0735042735042735,1.0,43,86,0.0,85.45016400012173,1.0,1.0,0.9896907216494846,0.0,2.0,0.0,0.0
1000,1000,uplink,0.75,S0,default,class_size_desc,3,0,1.0,526,L6,0.8650190114068441,0.8650190114068441,13,71,2.1,0.18882664609053498,15,1.0703296703296703,0.8807339449541285,40,115,0.0,53.64495599997099,0.8691568519200098,0.8742945091404304,0.8565855859724405,0.0,0.0,0.0,71.0
1000,1000,uplink,0.75,S0-QoS,default,class_size_desc,3,0,1.0,526,L6,0.8650190114068441,0.8650190114068441,13,71,2.1,0.18882664609053498,15,1.0703296703296703,0.8807339449541285,40,115,0.0,38.56308099989292,1.0,0.9953488372093023,0.7318007662835249,0.0,0.0,0.0,71.0
1000,1000,uplink,0.75,S1,default,class_size_desc,3,0,1.0,526,L6,0.9562737642585551,0.9562737642585551,0,0,1.0,0.16876543209876543,15,1.0808482438701126,0.976,43,122,0.0,61.64425800011486,1.0,0.9953488372093023,0.9157088122605364,0.0,6.0,17.0,0.0
1000,1000,uplink,0.75,S2,default,class_size_desc,3,0,1.0,526,L6,0.9885931558935361,0.9885931558935361,0,0,1.0,0.17378681657848324,15,1.083974358974359,1.0,47,127,0.0,54.76908399987224,1.0,1.0,0.9770114942528736,0.0,6.0,0.0,0.0
1000,1000,uplink,1.0,S0,default,class_size_desc,3,0,1.0,666,L6,0.7897897897897898,0.7897897897897898,19,140,2.7,0.23926554232804234,22,1.0659062103929025,0.832,40,145,0.0,31.643795000036334,0.7871258358690424,0.7967934327231784,0.7844589815189952,0.0,0.0,0.0,140.0
1000,1000,uplink,1.0,S0-QoS,default,class_size_desc,3,0,1.0,666,L6,0.7897897897897898,0.7897897897897898,19,140,2.7,0.23926554232804234,22,1.0659062103929025,0.832,40,145,0.0,31.96386500007975,1.0,0.9671532846715328,0.600609756097561,0.0,0.0,0.0,140.0
1000,1000,uplink,1.0,S1,default,class_size_desc,3,0,1.0,666,L6,0.9384384384384384,0.9384384384384384,0,0,1.0,0.20579732510288065,22,1.0912,1.0,45,151,0.0,75.02355899987379,1.0,0.9671532846715328,0.9024390243902439,0.0,14.0,27.0,0.0
1000,1000,uplink,1.0,S2,default,class_size_desc,3,0,1.0,666,L6,0.978978978978979,0.978978978978979,0,0,1.0,0.21764454732510288,22,1.1058282208588956,1.0,46,161,0.0,62.84579099997245,1.0,0.9927007299270073,0.9634146341463414,0.0,14.0,0.0,0.0
1000,1000,uplink,1.0,S2,lambda=0.5xmean,class_size_desc,3,1,1.0,666,L6,0.978978978978979,0.978978978978979,0,0,1.0,0.25180871546149325,7,1.2627811860940694,1.0,70,231,0.0,62.317269999994096,1.0,0.9927007299270073,0.9634146341463414,0.0,14.0,0.0,0.0
1000,1000,uplink,1.0,S2,lambda=1xmean,class_size_desc,3,2,1.0,666,L6,0.978978978978979,0.978978978978979,0,0,1.0,0.27511959876543207,10,1.3389570552147239,1.0,80,277,0.0,80.88739599998007,1.0,0.9927007299270073,0.9634146341463414,0.0,14.0,0.0,0.0
1000,1000,uplink,1.0,S2,lambda=2xmean,class_size_desc,3,4,1.0,666,L6,0.978978978978979,0.978978978978979,0,0,1.0,0.297889513521458,7,1.4120654396728016,1.0,85,295,0.0,62.53774399988288,1.0,0.9927007299270073,0.9634146341463414,0.0,14.0,0.0,0.0
1000,1000,uplink,1.0,S2,max_paths=1,class_size_desc,1,0,1.0,666,L6,0.9384384384384384,0.9384384384384384,0,0,1.0,0.2072255658436214,23,1.096,0.9866666666666667,45,152,0.0,68.47848400002476,1.0,0.9671532846715328,0.9024390243902439,0.0,14.0,27.0,0.0
1000,1000,uplink,1.0,S2,max_paths=2,class_size_desc,2,0,1.0,666,L6,0.978978978978979,0.978978978978979,0,0,1.0,0.21764454732510288,22,1.1058282208588956,1.0,46,161,0.0,56.99021000009452,1.0,0.9927007299270073,0.9634146341463414,0.0,14.0,0.0,0.0
1000,1000,uplink,1.0,S2,max_paths=4,class_size_desc,4,0,1.0,666,L6,0.978978978978979,0.978978978978979,0,0,1.0,0.21764454732510288,22,1.1058282208588956,1.0,46,161,0.0,59.675084999980754,1.0,0.9927007299270073,0.9634146341463414,0.0,14.0,0.0,0.0
1000,1000,uplink,1.0,S2,order=arrival,arrival,3,0,1.0,666,L6,0.978978978978979,0.978978978978979,0,0,1.0,0.217818158436214,23,1.1058282208588956,1.0,47,161,0.0,60.52854499989735,1.0,0.9927007299270073,0.9634146341463414,0.0,14.0,0.0,0.0
1000,1000,uplink,1.0,S2,order=class_size_asc,class_size_asc,3,0,1.0,666,L6,0.978978978978979,0.978978978978979,0,0,1.0,0.21724331275720166,24,1.1048057259713702,1.0,46,161,0.0,58.80184700004065,1.0,0.9927007299270073,0.9634146341463414,0.0,14.0,0.0,0.0
1000,1000,uplink,1.0,S2,util_cap=0.9,class_size_desc,3,0,0.9,666,L6,0.975975975975976,0.975975975975976,0,0,0.9,0.2203964212228101,0,1.126153846153846,1.0,48,163,0.0,64.0212360001442,1.0,0.9890510948905109,0.9603658536585366,0.0,16.0,0.0,0.0
1000,1000,uplink,1.25,S0,default,class_size_desc,3,0,1.0,846,L6,0.6811887875717663,0.6811887875717663,28,278,3.4,0.3038905423280423,33,1.0636258469674433,0.7971014492753623,40,184,0.0,31.820515999925192,0.6901917013231513,0.6884034088914924,0.6734507543080371,0.0,0.0,0.0,269.7142857142857
1000,1000,uplink,1.25,S0-QoS,default,class_size_desc,3,0,1.0,846,L6,0.6825059101654847,0.6825059101654847,28,278,3.4,0.3038905423280423,33,1.063503059692876,0.7971014492753623,40,184,0.0,31.721740999955728,1.0,0.8930635838150289,0.44593301435406696,0.0,0.0,0.0,268.6
1000,1000,uplink,1.25,S1,default,class_size_desc,3,0,1.0,846,L6,0.8947990543735225,0.8947990543735225,0,0,1.0,0.2583729423868313,36,1.1347424042272127,0.967032967032967,46,186,0.0,79.173302000072,1.0,0.9075144508670521,0.8636363636363636,0.0,26.0,63.0,0.0
1000,1000,uplink,1.25,S2,default,class_size_desc,3,0,1.0,846,L6,0.9680851063829787,0.9680851063829787,0,0,1.0,0.29265277777777776,41,1.1778591778591778,1.0,61,223,0.0,59.13372999998501,1.0,0.9855491329479769,0.9473684210526315,0.0,27.0,0.0,0.0
1000,1000,uplink,1.5,S0,default,class_size_desc,3,0,1.0,1058,L6,0.5680343971236888,0.5680343971236888,38,513,4.2,0.3801501322751323,42,1.061011419249592,0.7733580018501388,40,228,0.0,38.996985000039786,0.5633369257783041,0.5756834104759024,0.5625691170425986,0.0,0.0,0.0,457.01960784313724
1000,1000,uplink,1.5,S0-QoS,default,class_size_desc,3,0,1.0,1058,L6,0.5697133650246488,0.5697133650246488,38,513,4.2,0.3801501322751323,42,1.060831616175273,0.7716836734693877,40,228,0.0,30.989838999857966,1.0,0.8183908045977012,0.279227471639997,0.0,0.0,0.0,455.24325980392155
1000,1000,uplink,1.5,S1,default,class_size_desc,3,0,1.0,1058,L6,0.8402646502835539,0.8402646502835539,0,0,1.0,0.318815329218107,55,1.2005999250093737,0.9476190476190476,61,264,0.0,173.35385899991707,1.0,0.903448275862069,0.7567049808429118,0.0,43.0,126.0,0.0
1000,1000,uplink,1.5,S2,default,class_size_desc,3,0,1.0,1058,L6,0.8998109640831758,0.8998109640831758,0,0,1.0,0.3686990740740741,63,1.273109243697479,0.9923371647509579,80,334,0.0,109.3504870000288,1.0,0.9747126436781609,0.8180076628352491,0.0,105.0,1.0,0.0
1000,1000,uplink,2.0,S0,default,class_size_desc,3,0,1.0,1332,L6,0.4500799500799501,0.4500799500799501,43,895,5.4,0.4785310846560847,44,1.0611614170385455,0.7754010695187166,40,290,0.0,34.51429899996583,0.4510020448819202,0.45759302683188213,0.44362386136850046,0.0,0.0,0.0,732.4935064935065
1000,1000,uplink,2.0,S0-QoS,default,class_size_desc,3,0,1.0,1332,L6,0.4489795005924038,0.4489795005924038,43,895,5.4,0.4785310846560847,44,1.0611398235650136,0.7709298733395119,40,290,0.0,34.869264000008116,0.984375,0.7262773722627737,0.11286691278823457,0.0,0.0,0.0,733.9593052109182
1000,1000,uplink,2.0,S1,default,class_size_desc,3,0,1.0,1332,L6,0.7424924924924925,0.7424924924924925,0,0,1.0,0.3681954732510288,66,1.2591843613077183,0.919047619047619,62,285,0.0,200.32900799992603,0.984375,0.8795620437956204,0.5807926829268293,0.0,180.0,163.0,0.0
1000,1000,uplink,2.0,S2,default,class_size_desc,3,0,1.0,1332,L6,0.7815315315315315,0.7815315315315315,0,0,1.0,0.4319794238683128,77,1.3544668587896254,0.9598540145985401,71,327,0.0,130.5335740000828,0.984375,0.9708029197080292,0.5838414634146342,0.0,291.0,0.0,0.0
1000,1000,multi,0.5,S0,default,class_size_desc,3,0,1.0,392,L21;L40;L68,0.9617346938775511,0.9617346938775511,8,15,1.3,0.1359709868224019,10,1.0141467727674625,1.0,4,8,0.0,33.601496000073894,0.9517104517104518,0.9681333159594029,0.9583363372023166,0.0,0.0,0.0,15.000000000000002
1000,1000,multi,0.5,S0-QoS,default,class_size_desc,3,0,1.0,392,L21;L40;L68,0.9617346938775511,0.9617346938775511,8,15,1.3,0.1359709868224019,10,1.0141467727674625,1.0,4,8,0.0,36.580313000058595,1.0,1.0,0.9226804123711341,0.0,0.0,0.0,15.0
1000,1000,multi,0.5,S1,default,class_size_desc,3,0,1.0,392,L21;L40;L68,0.9770408163265306,0.9770408163265306,0,0,1.0,0.1303179469901168,10,1.0139251523063533,1.0,4,8,0.0,60.39424400000826,1.0,1.0,0.9536082474226805,0.0,2.0,7.0,0.0
1000,1000,multi,0.5,S2,default,class_size_desc,3,0,1.0,392,L21;L40;L68,0.9948979591836735,0.9948979591836735,0,0,1.0,0.13216887541179995,10,1.0136752136752136,1.0,4,8,0.0,55.456312999922375,1.0,1.0,0.9896907216494846,0.0,2.0,0.0,0.0
1000,1000,multi,0.75,S0,default,class_size_desc,3,0,1.0,526,L21;L40;L68,0.8897338403041826,0.8897338403041826,12,58,1.9,0.18151733303384246,13,1.0128205128205128,1.0,4,9,0.0,30.983717000026445,0.8830030057661636,0.8995947902546649,0.8829002674595359,0.0,0.0,0.0,58.0
1000,1000,multi,0.75,S0-QoS,default,class_size_desc,3,0,1.0,526,L21;L40;L68,0.8897338403041825,0.8897338403041825,12,58,1.9,0.18151733303384246,13,1.0128205128205128,1.0,4,9,0.0,44.799977999900875,1.0,0.9953488372093023,0.7816091954022989,0.0,0.0,0.0,58.0
1000,1000,multi,0.75,S1,default,class_size_desc,3,0,1.0,526,L21;L40;L68,0.9619771863117871,0.9619771863117871,0,0,1.0,0.1643493935309973,13,1.0118577075098814,1.0,4,9,0.0,123.94913500020266,1.0,0.9953488372093023,0.9272030651340997,0.0,6.0,14.0,0.0
1000,1000,multi,0.75,S2,default,class_size_desc,3,0,1.0,526,L21;L40;L68,0.9885931558935361,0.9885931558935361,0,0,1.0,0.16875864779874214,13,1.0147435897435897,1.0,4,9,0.0,52.57830499999727,1.0,1.0,0.9770114942528736,0.0,6.0,0.0,0.0
1000,1000,multi,1.0,S0,default,class_size_desc,3,0,1.0,666,L21;L40;L68,0.8183183183183184,0.8183183183183184,18,121,2.3,0.2299558625336927,20,1.0122324159021407,0.8333333333333334,4,12,0.0,29.276193999976385,0.8149036136468202,0.827082284179913,0.8116634843332541,0.0,0.0,0.0,121.0
1000,1000,multi,1.0,S0-QoS,default,class_size_desc,3,0,1.0,666,L21;L40;L68,0.8183183183183184,0.8183183183183184,18,121,2.3,0.2299558625336927,20,1.0122324159021407,0.8333333333333334,4,12,0.0,28.159680000044318,1.0,0.9781021897810219,0.649390243902439,0.0,0.0,0.0,121.0
1000,1000,multi,1.0,S1,default,class_size_desc,3,0,1.0,666,L21;L40;L68,0.9369369369369369,0.9369369369369369,0,0,1.0,0.19969148697214734,20,1.0208333333333333,0.8461538461538461,5,11,0.0,71.60302499983118,1.0,0.9781021897810219,0.8902439024390244,0.0,16.0,26.0,0.0
1000,1000,multi,1.0,S2,default,class_size_desc,3,0,1.0,666,L21;L40;L68,0.975975975975976,0.975975975975976,0,0,1.0,0.2091305031446541,20,1.0292307692307692,0.8666666666666667,6,12,0.0,71.99174400011543,1.0,0.9927007299270073,0.9573170731707317,0.0,16.0,0.0,0.0
1000,1000,multi,1.0,S2,lambda=0.5xmean,class_size_desc,3,1,1.0,666,L21;L40;L68,0.975975975975976,0.975975975975976,0,0,1.0,0.2381128706199461,8,1.1953846153846155,1.0,27,78,0.0,72.86188599982779,1.0,0.9927007299270073,0.9573170731707317,0.0,16.0,0.0,0.0
1000,1000,multi,1.0,S2,lambda=1xmean,class_size_desc,3,2,1.0,666,L21;L40;L68,0.975975975975976,0.975975975975976,0,0,1.0,0.26392419137466305,3,1.2897435897435898,1.0,27,81,0.0,61.837480000122014,1.0,0.9927007299270073,0.9573170731707317,0.0,16.0,0.0,0.0
1000,1000,multi,1.0,S2,lambda=2xmean,class_size_desc,3,4,1.0,666,L21;L40;L68,0.975975975975976,0.975975975975976,0,0,1.0,0.27551396376160525,3,1.3312820512820513,1.0,30,93,0.0,62.18691599997328,1.0,0.9927007299270073,0.9573170731707317,0.0,16.0,0.0,0.0
1000,1000,multi,1.0,S2,max_paths=1,class_size_desc,1,0,1.0,666,L21;L40;L68,0.9384384384384384,0.9384384384384384,0,0,1.0,0.2004224693021863,20,1.0229333333333333,0.8461538461538461,5,11,0.0,65.73703300000489,1.0,0.9781021897810219,0.8932926829268293,0.0,16.0,25.0,0.0
1000,1000,multi,1.0,S2,max_paths=2,class_size_desc,2,0,1.0,666,L21;L40;L68,0.975975975975976,0.975975975975976,0,0,1.0,0.2091305031446541,20,1.0292307692307692,0.8666666666666667,6,12,0.0,55.71961700002248,1.0,0.9927007299270073,0.9573170731707317,0.0,16.0,0.0,0.0
1000,1000,multi,1.0,S2,max_paths=4,class_size_desc,4,0,1.0,666,L21;L40;L68,0.975975975975976,0.975975975975976,0,0,1.0,0.2091305031446541,20,1.0292307692307692,0.8666666666666667,6,12,0.0,68.06164399995396,1.0,0.9927007299270073,0.9573170731707317,0.0,16.0,0.0,0.0
1000,1000,multi,1.0,S2,order=arrival,arrival,3,0,1.0,666,L21;L40;L68,0.975975975975976,0.975975975975976,0,0,1.0,0.2091305031446541,20,1.0292307692307692,0.8666666666666667,6,12,0.0,57.20326899995598,1.0,0.9927007299270073,0.9573170731707317,0.0,16.0,0.0,0.0
1000,1000,multi,1.0,S2,order=class_size_asc,class_size_asc,3,0,1.0,666,L21;L40;L68,0.975975975975976,0.975975975975976,0,0,1.0,0.2091305031446541,20,1.0292307692307692,0.8571428571428571,5,12,0.0,56.765878999840425,1.0,0.9927007299270073,0.9573170731707317,0.0,16.0,0.0,0.0
1000,1000,multi,1.0,S2,util_cap=0.9,class_size_desc,3,0,0.9,666,L21;L40;L68,0.9714714714714715,0.9714714714714715,0,0,0.9,0.20909703504043126,0,1.0417310664605872,0.8,6,12,0.0,59.841337000079875,1.0,0.9890510948905109,0.9512195121951219,0.0,19.0,0.0,0.0
1000,1000,multi,1.25,S0,default,class_size_desc,3,0,1.0,846,L21;L40;L68,0.7150723634895924,0.7150723634895924,27,242,3.0,0.29203077268643307,32,1.0110201722909864,0.7777777777777778,4,15,0.0,40.4070590000174,0.7303143484214599,0.7253925425327997,0.7035397684815471,0.0,0.0,0.0,241.0487804878049
1000,1000,multi,1.25,S0-QoS,default,class_size_desc,3,0,1.0,846,L21;L40;L68,0.7150475562152949,0.7150475562152949,27,242,3.0,0.29203077268643307,32,1.0110205546158184,0.7407407407407407,4,15,0.0,28.466977000107363,1.0,0.9219653179190751,0.4878713697563147,0.0,0.0,0.0,241.06976744186045
1000,1000,multi,1.25,S1,default,class_size_desc,3,0,1.0,846,L21;L40;L68,0.8959810874704491,0.8959810874704491,0,0,1.0,0.24521488469601677,33,1.0483729111697448,0.7368421052631579,7,15,0.0,70.83336200003032,1.0,0.9248554913294798,0.8516746411483254,0.0,31.0,57.0,0.0
1000,1000,multi,1.25,S2,default,class_size_desc,3,0,1.0,846,L21;L40;L68,0.9621749408983451,0.9621749408983451,0,0,1.0,0.26770687331536386,37,1.0683865683865683,0.7916666666666666,11,21,0.0,57.104493999986516,1.0,0.9855491329479769,0.9354066985645934,0.0,32.0,0.0,0.0
1000,1000,multi,1.5,S0,default,class_size_desc,3,0,1.0,1058,L21;L40;L68,0.5909922093249194,0.5909922093249194,38,489,3.6,0.36592684935609465,41,1.0106620647921416,0.7555555555555555,4,20,0.0,29.60753599995769,0.5878994926309519,0.603411515669161,0.5812411865784551,0.0,0.0,0.0,432.7302425342353
1000,1000,multi,1.5,S0-QoS,default,class_size_desc,3,0,1.0,1058,L21;L40;L68,0.5905323290092004,0.5905323290092004,38,489,3.6,0.36592684935609465,41,1.0106703679340392,0.6680584551148225,4,20,0.0,29.865098999835027,1.0,0.8574712643678161,0.2888567128194139,0.0,0.0,0.0,433.21679590826596
1000,1000,multi,1.5,S1,default,class_size_desc,3,0,1.0,1058,L21;L40;L68,0.8459357277882797,0.8459357277882797,0,0,1.0,0.2962227463312369,53,1.0852886405959032,0.6,13,46,0.0,100.18908500001089,1.0,0.9172413793103448,0.7567049808429118,0.0,54.0,109.0,0.0
1000,1000,multi,1.5,S2,default,class_size_desc,3,0,1.0,1058,L21;L40;L68,0.9347826086956522,0.9347826086956522,0,0,1.0,0.3449696765498652,57,1.1513313110886416,0.6774193548387096,19,60,0.0,71.78388399984215,1.0,0.967816091954023,0.8946360153256705,0.0,69.0,0.0,0.0
1000,1000,multi,2.0,S0,default,class_size_desc,3,0,1.0,1332,L21;L40;L68,0.4681660237180052,0.4681660237180052,42,896,4.6,0.4599117250673854,43,1.010690662609937,0.7777777777777778,4,24,0.0,29.670493999901737,0.46965941207178574,0.4797473861033093,0.4581999561929586,0.0,0.0,0.0,708.402856407617
1000,1000,multi,2.0,S0-QoS,default,class_size_desc,3,0,1.0,1332,L21;L40;L68,0.4651222651222651,0.4651222651222651,42,896,4.6,0.4599117250673854,43,1.0107606222714136,0.6172839506172839,4,24,0.0,28.960472000107984,0.984375,0.7664233576642335,0.11210801393728223,0.0,0.0,0.0,712.4571428571429
1000,1000,multi,2.0,S1,default,class_size_desc,3,0,1.0,1332,L21;L40;L68,0.7882882882882883,0.7882882882882883,0,0,1.0,0.3734928122192273,67,1.1853968253968254,0.5882352941176471,20,86,0.0,139.55002300008346,0.984375,0.8795620437956204,0.6737804878048781,0.0,142.0,140.0,0.0
1000,1000,multi,2.0,S2,default,class_size_desc,3,0,1.0,1332,L21;L40;L68,0.8453453453453453,0.8453453453453453,0,0,1.0,0.4300715783168613,80,1.256364712847839,0.5,26,100,0.0,108.59474899984889,0.984375,0.9598540145985401,0.7225609756097561,0.0,206.0,0.0,0.0
1000,1000,recovered,0.5,S0,default,class_size_desc,3,0,1.0,392,,0.9617346938775511,0.9617346938775511,8,15,1.3,0.13034283529925733,10,1.0,nan,10,20,0.0,31.773757999872032,0.9517104517104518,0.9681333159594029,0.9583363372023166,0.0,0.0,0.0,15.000000000000002
1000,1000,recovered,0.5,S0-QoS,default,class_size_desc,3,0,1.0,392,,0.9617346938775511,0.9617346938775511,8,15,1.3,0.13034283529925733,10,1.0,nan,10,20,0.0,30.23229799987348,1.0,1.0,0.9226804123711341,0.0,0.0,0.0,15.0
1000,1000,recovered,0.5,S1,default,class_size_desc,3,0,1.0,392,,0.9770408163265306,0.9770408163265306,0,0,1.0,0.12484538371923692,10,1.0,nan,10,20,0.0,58.02117299981546,1.0,1.0,0.9536082474226805,0.0,2.0,7.0,0.0
1000,1000,recovered,0.5,S2,default,class_size_desc,3,0,1.0,392,,0.9948979591836735,0.9948979591836735,0,0,1.0,0.12664536915683705,10,1.0,nan,10,20,0.0,68.66082700003062,1.0,1.0,0.9896907216494846,0.0,2.0,0.0,0.0
1000,1000,recovered,0.75,S0,default,class_size_desc,3,0,1.0,526,,0.8897338403041826,0.8897338403041826,12,58,1.9,0.17439988350080093,13,1.0,nan,10,25,0.0,31.179233999864664,0.8830030057661636,0.8995947902546649,0.8829002674595359,0.0,0.0,0.0,58.0
1000,1000,recovered,0.75,S0-QoS,default,class_size_desc,3,0,1.0,526,,0.8897338403041825,0.8897338403041825,12,58,1.9,0.17439988350080093,13,1.0,nan,10,25,0.0,31.28636499991444,1.0,0.9953488372093023,0.7816091954022989,0.0,0.0,0.0,58.0
1000,1000,recovered,0.75,S1,default,class_size_desc,3,0,1.0,526,,0.9619771863117871,0.9619771863117871,0,0,1.0,0.15770445609436434,13,1.0,nan,10,25,0.0,66.9194619999871,1.0,0.9953488372093023,0.9272030651340997,0.0,6.0,14.0,0.0
1000,1000,recovered,0.75,S2,default,class_size_desc,3,0,1.0,526,,0.9885931558935361,0.9885931558935361,0,0,1.0,0.16199235474006116,13,1.0032051282051282,nan,10,25,0.0,56.82164399991052,1.0,1.0,0.9770114942528736,0.0,6.0,0.0,0.0
1000,1000,recovered,1.0,S0,default,class_size_desc,3,0,1.0,666,,0.8213213213213213,0.8213213213213213,17,119,2.3,0.22079805591961554,20,1.0,nan,10,33,0.0,47.4214349999329,0.8149036136468202,0.8319484642285748,0.8136960046584574,0.0,0.0,0.0,119.0
1000,1000,recovered,1.0,S0-QoS,default,class_size_desc,3,0,1.0,666,,0.8213213213213213,0.8213213213213213,17,119,2.3,0.22079805591961554,20,1.0,nan,10,33,0.0,33.78530200006935,1.0,0.9781021897810219,0.6554878048780488,0.0,0.0,0.0,119.0
1000,1000,recovered,1.0,S1,default,class_size_desc,3,0,1.0,666,,0.93993993993994,0.93993993993994,0,0,1.0,0.19217602300859182,19,1.009052183173589,nan,10,33,0.0,115.15634500005945,1.0,0.9781021897810219,0.8963414634146342,0.0,14.0,26.0,0.0
1000,1000,recovered,1.0,S2,default,class_size_desc,3,0,1.0,666,,0.978978978978979,0.978978978978979,0,0,1.0,0.20112334352701325,19,1.0168711656441718,nan,10,33,0.0,82.66736499990657,1.0,0.9927007299270073,0.9634146341463414,0.0,14.0,0.0,0.0
1000,1000,recovered,1.0,S2,lambda=0.5xmean,class_size_desc,3,1,1.0,666,,0.978978978978979,0.978978978978979,0,0,1.0,0.2283448376292413,8,1.1784253578732107,nan,20,56,0.0,59.95065199999772,1.0,0.9927007299270073,0.9634146341463414,0.0,14.0,0.0,0.0
1000,1000,recovered,1.0,S2,lambda=1xmean,class_size_desc,3,2,1.0,666,,0.978978978978979,0.978978978978979,0,0,1.0,0.2538044633755643,2,1.2724948875255624,nan,25,90,0.0,59.64199299978645,1.0,0.9927007299270073,0.9634146341463414,0.0,14.0,0.0,0.0
1000,1000,recovered,1.0,S2,lambda=2xmean,class_size_desc,3,4,1.0,666,,0.978978978978979,0.978978978978979,0,0,1.0,0.2592404616280763,2,1.2975460122699387,nan,25,90,0.0,76.01686299994981,1.0,0.9927007299270073,0.9634146341463414,0.0,14.0,0.0,0.0
1000,1000,recovered,1.0,S2,max_paths=1,class_size_desc,1,0,1.0,666,,0.9414414414414415,0.9414414414414415,0,0,1.0,0.1928868865589049,19,1.0111642743221692,nan,10,33,0.0,90.59469199996784,1.0,0.9781021897810219,0.899390243902439,0.0,14.0,25.0,0.0
1000,1000,recovered,1.0,S2,max_paths=2,class_size_desc,2,0,1.0,666,,0.978978978978979,0.978978978978979,0,0,1.0,0.20112334352701325,19,1.0168711656441718,nan,10,33,0.0,60.11792499998592,1.0,0.9927007299270073,0.9634146341463414,0.0,14.0,0.0,0.0
1000,1000,recovered,1.0,S2,max_paths=4,class_size_desc,4,0,1.0,666,,0.978978978978979,0.978978978978979,0,0,1.0,0.20112334352701325,19,1.0168711656441718,nan,10,33,0.0,56.13218100006634,1.0,0.9927007299270073,0.9634146341463414,0.0,14.0,0.0,0.0
1000,1000,recovered,1.0,S2,order=arrival,arrival,3,0,1.0,666,,0.978978978978979,0.978978978978979,0,0,1.0,0.20112334352701325,19,1.0168711656441718,nan,10,33,0.0,57.56975700001021,1.0,0.9927007299270073,0.9634146341463414,0.0,14.0,0.0,0.0
1000,1000,recovered,1.0,S2,order=class_size_asc,class_size_asc,3,0,1.0,666,,0.978978978978979,0.978978978978979,0,0,1.0,0.20112334352701325,19,1.0168711656441718,nan,10,33,0.0,60.58058300004632,1.0,0.9927007299270073,0.9634146341463414,0.0,14.0,0.0,0.0
1000,1000,recovered,1.0,S2,util_cap=0.9,class_size_desc,3,0,0.9,666,,0.975975975975976,0.975975975975976,0,0,0.9,0.20137953254696375,0,1.0292307692307692,nan,10,33,0.0,101.49287999979606,1.0,0.9890510948905109,0.9603658536585366,0.0,16.0,0.0,0.0
1000,1000,recovered,1.25,S0,default,class_size_desc,3,0,1.0,846,,0.7142857142857143,0.7142857142857143,26,250,3.0,0.28045729576234163,30,1.0,nan,10,41,0.0,48.542566999913106,0.7167028359997155,0.7272756868803456,0.7030590767299952,0.0,0.0,0.0,241.71428571428572
1000,1000,recovered,1.25,S0-QoS,default,class_size_desc,3,0,1.0,846,,0.7156028368794326,0.7156028368794326,26,250,3.0,0.28045729576234163,30,1.0,nan,10,41,0.0,48.74759099993753,1.0,0.9219653179190751,0.48899521531100476,0.0,0.0,0.0,240.6
1000,1000,recovered,1.25,S1,default,class_size_desc,3,0,1.0,846,,0.9018912529550828,0.9018912529550828,0,0,1.0,0.23654357798165138,32,1.035386631716907,nan,10,38,0.0,83.72238400011156,1.0,0.9248554913294798,0.8636363636363636,0.0,26.0,57.0,0.0
1000,1000,recovered,1.25,S2,default,class_size_desc,3,0,1.0,846,,0.9680851063829787,0.9680851063829787,0,0,1.0,0.25787498179700014,37,1.0533170533170533,nan,10,41,0.0,108.87071699994522,1.0,0.9855491329479769,0.9473684210526315,0.0,27.0,0.0,0.0
1000,1000,recovered,1.5,S0,default,class_size_desc,3,0,1.0,1058,,0.5985040021381152,0.5985040021381152,37,479,3.6,0.3511408912188729,41,1.0,nan,10,53,0.0,33.720549999998184,0.5845533331333252,0.6122835314680379,0.5897203284043363,0.0,0.0,0.0,424.7827657378741
1000,1000,recovered,1.5,S0-QoS,default,class_size_desc,3,0,1.0,1058,,0.6004746642169498,0.6004746642169498,37,479,3.6,0.3511408912188729,41,1.0,nan,10,53,0.0,31.649985999820274,1.0,0.864367816091954,0.3032609094665383,0.0,0.0,0.0,422.69780525846704
1000,1000,recovered,1.5,S1,default,class_size_desc,3,0,1.0,1058,,0.8449905482041588,0.8449905482041588,0,0,1.0,0.2821794087665647,53,1.0633855331841908,nan,16,69,0.0,173.64909299999454,1.0,0.9241379310344827,0.7490421455938697,0.0,44.0,120.0,0.0
1000,1000,recovered,1.5,S2,default,class_size_desc,3,0,1.0,1058,,0.944234404536862,0.944234404536862,0,0,1.0,0.33368202999854374,58,1.1364698031364697,nan,29,109,0.0,80.59643100000358,1.0,0.9747126436781609,0.9080459770114943,0.0,59.0,0.0,0.0
1000,1000,recovered,2.0,S0,default,class_size_desc,3,0,1.0,1332,,0.47400042227628436,0.47400042227628436,42,886,4.6,0.4415961118392311,43,1.0,nan,10,66,0.0,34.030680999876495,0.4683631559930313,0.4864130964901094,0.4647312524821994,0.0,0.0,0.0,700.6314375279893
1000,1000,recovered,2.0,S0-QoS,default,class_size_desc,3,0,1.0,1332,,0.47344902506192826,0.47344902506192826,42,886,4.6,0.4415961118392311,43,1.0,nan,10,66,0.0,30.830769999965923,0.984375,0.7773722627737226,0.11986905698550072,0.0,0.0,0.0,701.3658986175116
1000,1000,recovered,2.0,S1,default,class_size_desc,3,0,1.0,1332,,0.8003003003003003,0.8003003003003003,0,0,1.0,0.3635995340032037,66,1.1732332707942463,nan,23,126,0.0,150.7358110000041,0.984375,0.8905109489051095,0.6890243902439024,0.0,122.0,144.0,0.0
1000,1000,recovered,2.0,S2,default,class_size_desc,3,0,1.0,1332,,0.8633633633633634,0.8633633633633634,0,0,1.0,0.4215436143876511,79,1.247536231884058,nan,21,134,0.0,152.09003999984816,0.984375,0.9708029197080292,0.75,0.0,182.0,0.0,0.0
1100,1100,healthy,0.5,S0,default,class_size_desc,3,0,1.0,380,,0.968421052631579,0.968421052631579,5,12,1.4,0.12665368049393672,7,1.0,nan,0,0,0.0,29.628615000092395,0.9543142043142043,0.9695567590304432,0.9701669857919858,0.0,0.0,0.0,12.0
1100,1100,healthy,0.5,S0-QoS,default,class_size_desc,3,0,1.0,380,,0.968421052631579,0.968421052631579,5,12,1.4,0.12665368049393672,7,1.0,nan,0,0,0.0,60.84249400009867,1.0,1.0,0.9375,0.0,0.0,0.0,12.0
1100,1100,healthy,0.5,S1,default,class_size_desc,3,0,1.0,380,,0.9894736842105263,0.9894736842105263,0,0,1.0,0.12323584923099674,7,1.0,nan,0,0,0.0,54.50828499988347,1.0,1.0,0.9791666666666666,0.0,1.0,3.0,0.0
1100,1100,healthy,0.5,S2,default,class_size_desc,3,0,1.0,380,,0.9973684210526316,0.9973684210526316,0,0,1.0,0.12401269964507543,7,1.0,nan,0,0,0.0,50.21184800011724,1.0,1.0,0.9947916666666666,0.0,1.0,0.0,0.0
1100,1100,healthy,0.75,S0,default,class_size_desc,3,0,1.0,543,,0.8858195211786372,0.8858195211786372,14,62,2.3,0.1806198147737356,16,1.0,nan,0,0,0.0,31.03706699994291,0.860820617402534,0.8952009887982052,0.8831405628911791,0.0,0.0,0.0,62.0
1100,1100,healthy,0.75,S0-QoS,default,class_size_desc,3,0,1.0,543,,0.8858195211786372,0.8858195211786372,14,62,2.3,0.1806198147737356,16,1.0,nan,0,0,0.0,37.71058200004518,1.0,0.9720930232558139,0.7978339350180506,0.0,0.0,0.0,62.0
1100,1100,healthy,0.75,S1,default,class_size_desc,3,0,1.0,543,,0.9539594843462247,0.9539594843462247,0,0,1.0,0.1621231837843833,16,1.0,nan,0,0,0.0,80.28783200006728,1.0,0.9953488372093023,0.9133574007220217,0.0,9.0,16.0,0.0
1100,1100,healthy,0.75,S2,default,class_size_desc,3,0,1.0,543,,0.9834254143646409,0.9834254143646409,0,0,1.0,0.16648143578083408,16,1.0012484394506866,nan,0,0,0.0,68.0643579999014,1.0,1.0,0.9675090252707581,0.0,9.0,0.0,0.0
1100,1100,healthy,1.0,S0,default,class_size_desc,3,0,1.0,663,,0.8190045248868778,0.8190045248868778,20,120,2.7,0.2201891452233067,24,1.0,nan,0,0,0.0,36.28245400000196,0.7931417606299499,0.8357106743661036,0.8108230506106903,0.0,0.0,0.0,120.0
1100,1100,healthy,1.0,S0-QoS,default,class_size_desc,3,0,1.0,663,,0.8190045248868778,0.8190045248868778,20,120,2.7,0.2201891452233067,24,1.0,nan,0,0,0.0,36.625817999947685,1.0,0.9580152671755725,0.6784660766961652,0.0,0.0,0.0,120.0
1100,1100,healthy,1.0,S1,default,class_size_desc,3,0,1.0,663,,0.9291101055806938,0.9291101055806938,0,0,1.0,0.1885867531795327,24,1.0064935064935066,nan,0,0,0.0,83.40566900005797,1.0,0.9847328244274809,0.8731563421828908,0.0,14.0,33.0,0.0
1100,1100,healthy,1.0,S2,default,class_size_desc,3,0,1.0,663,,0.9788838612368024,0.9788838612368024,0,0,1.0,0.19902291759094942,24,1.0138674884437597,nan,0,0,0.0,68.27068500001587,1.0,1.0,0.9587020648967551,0.0,14.0,0.0,0.0
1100,1100,healthy,1.0,S2,lambda=0.5xmean,class_size_desc,3,1,1.0,663,,0.9788838612368024,0.9788838612368024,0,0,1.0,0.22601585607068914,6,1.187467899332306,nan,0,0,0.0,62.00286100010999,1.0,1.0,0.9587020648967551,0.0,14.0,0.0,0.0
1100,1100,healthy,1.0,S2,lambda=1xmean,class_size_desc,3,2,1.0,663,,0.9788838612368024,0.9788838612368024,0,0,1.0,0.242825421472937,6,1.2449922958397535,nan,0,0,0.0,62.72837099982098,1.0,1.0,0.9587020648967551,0.0,14.0,0.0,0.0
1100,1100,healthy,1.0,S2,lambda=2xmean,class_size_desc,3,4,1.0,663,,0.9788838612368024,0.9788838612368024,0,0,1.0,0.266799301242236,5,1.3220338983050848,nan,0,0,0.0,83.41848299983212,1.0,1.0,0.9587020648967551,0.0,14.0,0.0,0.0
1100,1100,healthy,1.0,S2,max_paths=1,class_size_desc,1,0,1.0,663,,0.9260935143288085,0.9260935143288085,0,0,1.0,0.1879214683155871,24,1.00542888165038,nan,0,0,0.0,72.10228100007043,1.0,0.9847328244274809,0.8672566371681416,0.0,14.0,35.0,0.0
1100,1100,healthy,1.0,S2,max_paths=2,class_size_desc,2,0,1.0,663,,0.9788838612368024,0.9788838612368024,0,0,1.0,0.19902291759094942,24,1.0138674884437597,nan,0,0,0.0,60.29669000008653,1.0,1.0,0.9587020648967551,0.0,14.0,0.0,0.0
1100,1100,healthy,1.0,S2,max_paths=4,class_size_desc,4,0,1.0,663,,0.9788838612368024,0.9788838612368024,0,0,1.0,0.19902291759094942,24,1.0138674884437597,nan,0,0,0.0,61.78878900004747,1.0,1.0,0.9587020648967551,0.0,14.0,0.0,0.0
1100,1100,healthy,1.0,S2,order=arrival,arrival,3,0,1.0,663,,0.9788838612368024,0.9788838612368024,0,0,1.0,0.19902291759094942,24,1.0138674884437597,nan,0,0,0.0,69.7478049999063,1.0,1.0,0.9587020648967551,0.0,14.0,0.0,0.0
1100,1100,healthy,1.0,S2,order=class_size_asc,class_size_asc,3,0,1.0,663,,0.9788838612368024,0.9788838612368024,0,0,1.0,0.19902291759094942,24,1.0138674884437597,nan,0,0,0.0,73.80521400000362,1.0,1.0,0.9587020648967551,0.0,14.0,0.0,0.0
1100,1100,healthy,1.0,S2,util_cap=0.9,class_size_desc,3,0,0.9,663,,0.975867269984917,0.975867269984917,0,0,0.9,0.19875229222123633,0,1.0267903142709944,nan,0,0,0.0,61.46771700014142,1.0,1.0,0.9528023598820059,0.0,16.0,0.0,0.0
1100,1100,healthy,1.25,S0,default,class_size_desc,3,0,1.0,844,,0.7120853080568721,0.7120853080568721,29,243,3.6,0.2803862762496303,32,1.0,nan,0,0,0.0,31.79966799984868,0.6853256035920366,0.7326417302406939,0.7013505892800003,0.0,0.0,0.0,243.0
1100,1100,healthy,1.25,S0-QoS,default,class_size_desc,3,0,1.0,844,,0.7120853080568721,0.7120853080568721,29,243,3.6,0.2803862762496303,32,1.0,nan,0,0,0.0,42.15214200007722,1.0,0.9151515151515152,0.5057471264367817,0.0,0.0,0.0,243.0
1100,1100,healthy,1.25,S1,default,class_size_desc,3,0,1.0,844,,0.9028436018957346,0.9028436018957346,0,0,1.0,0.23302678571428573,33,1.02668416447944,nan,0,0,0.0,91.99203200000738,1.0,0.9484848484848485,0.8505747126436781,0.0,25.0,57.0,0.0
1100,1100,healthy,1.25,S2,default,class_size_desc,3,0,1.0,844,,0.966824644549763,0.966824644549763,0,0,1.0,0.255005407054126,37,1.0563725490196079,nan,0,0,0.0,64.9833799998305,1.0,1.0,0.9356321839080459,0.0,28.0,0.0,0.0
1100,1100,healthy,1.5,S0,default,class_size_desc,3,0,1.0,1043,,0.6011143472204634,0.6011143472204634,36,451,4.1,0.3468428257172434,40,1.0,nan,0,0,0.0,43.09290699984558,0.5690586760780956,0.6211522720278863,0.591407670952439,0.0,0.0,0.0,416.0377358490566
1100,1100,healthy,1.5,S0-QoS,default,class_size_desc,3,0,1.0,1043,,0.6011505273250239,0.6011505273250239,36,451,4.1,0.3468428257172434,40,1.0,nan,0,0,0.0,34.57210700003088,1.0,0.855072463768116,0.3295668549905838,0.0,0.0,0.0,416.0
1100,1100,healthy,1.5,S1,default,class_size_desc,3,0,1.0,1043,,0.8533077660594439,0.8533077660594439,0,0,1.0,0.27839637403874595,49,1.0677902621722846,nan,0,0,0.0,115.3956929999822,1.0,0.9299516908212561,0.7664783427495292,0.0,45.0,108.0,0.0
1100,1100,healthy,1.5,S2,default,class_size_desc,3,0,1.0,1043,,0.9424736337488016,0.9424736337488016,0,0,1.0,0.3205750610026619,55,1.1173279077653442,nan,0,0,0.0,79.11965099992813,1.0,0.9975845410628019,0.8888888888888888,0.0,60.0,0.0,0.0
1100,1100,healthy,2.0,S0,default,class_size_desc,3,0,1.0,1326,,0.474793568013907,0.474793568013907,42,852,5.4,0.4403782904466134,42,1.0,nan,0,0,0.0,35.08736300000237,0.45816262299460847,0.48970254158515775,0.46631264623080615,0.0,0.0,0.0,696.4237288135594
1100,1100,healthy,2.0,S0-QoS,default,class_size_desc,3,0,1.0,1326,,0.47453547703860594,0.47453547703860594,42,852,5.4,0.4403782904466134,42,1.0,nan,0,0,0.0,47.8627919999326,0.9838709677419355,0.7748091603053435,0.14931274712860101,0.0,0.0,0.0,696.7659574468086
1100,1100,healthy,2.0,S1,default,class_size_desc,3,0,1.0,1326,,0.808446455505279,0.808446455505279,0,0,1.0,0.3612423469387755,62,1.1585820895522387,nan,0,0,2.0,155.19859999994878,0.9838709677419355,0.9045801526717557,0.7020648967551623,0.0,118.0,136.0,0.0
1100,1100,healthy,2.0,S2,default,class_size_desc,3,0,1.0,1326,,0.8702865761689291,0.8702865761689291,0,0,1.0,0.41400744971901804,75,1.2333911034084344,nan,0,0,0.0,124.57906600002389,1.0,0.9847328244274809,0.7581120943952803,0.0,172.0,0.0,0.0
1100,1100,uplink,0.5,S0,default,class_size_desc,3,0,1.0,380,L6,0.968421052631579,0.968421052631579,5,12,1.4,0.12888929923712533,7,1.016304347826087,1.0,11,18,0.0,52.94462200004091,0.9543142043142043,0.9695567590304432,0.9701669857919858,0.0,0.0,0.0,12.0
1100,1100,uplink,0.5,S0-QoS,default,class_size_desc,3,0,1.0,380,L6,0.968421052631579,0.968421052631579,5,12,1.4,0.12888929923712533,7,1.016304347826087,1.0,11,18,0.0,33.23180300003514,1.0,1.0,0.9375,0.0,0.0,0.0,12.0
1100,1100,uplink,0.5,S1,default,class_size_desc,3,0,1.0,380,L6,0.9894736842105263,0.9894736842105263,0,0,1.0,0.12544067670154627,7,1.0159574468085106,1.0,11,18,0.0,63.207290000036664,1.0,1.0,0.9791666666666666,0.0,1.0,3.0,0.0
1100,1100,uplink,0.5,S2,default,class_size_desc,3,0,1.0,380,L6,0.9973684210526316,0.9973684210526316,0,0,1.0,0.12622452576800403,7,1.0158311345646438,1.0,11,18,0.0,62.89837000008447,1.0,1.0,0.9947916666666666,0.0,1.0,0.0,0.0
1100,1100,uplink,0.75,S0,default,class_size_desc,3,0,1.0,543,L6,0.8858195211786372,0.8858195211786372,14,62,2.3,0.1838281013933188,16,1.018018018018018,1.0,11,26,0.0,33.109934000094654,0.860820617402534,0.8952009887982052,0.8831405628911791,0.0,0.0,0.0,62.0
1100,1100,uplink,0.75,S0-QoS,default,class_size_desc,3,0,1.0,543,L6,0.8858195211786372,0.8858195211786372,14,62,2.3,0.1838281013933188,16,1.018018018018018,1.0,11,26,0.0,35.029864999842175,1.0,0.9720930232558139,0.7978339350180506,0.0,0.0,0.0,62.0
1100,1100,uplink,0.75,S1,default,class_size_desc,3,0,1.0,543,L6,0.9539594843462247,0.9539594843462247,0,0,1.0,0.16522564489955793,16,1.0173745173745175,1.0,12,27,0.0,76.83541799997329,1.0,0.9953488372093023,0.9133574007220217,0.0,9.0,16.0,0.0
1100,1100,uplink,0.75,S2,default,class_size_desc,3,0,1.0,543,L6,0.9834254143646409,0.9834254143646409,0,0,1.0,0.16962316042750825,16,1.0181023720349562,1.0,12,27,0.0,55.03276900003584,1.0,1.0,0.9675090252707581,0.0,9.0,0.0,0.0
1100,1100,uplink,1.0,S0,default,class_size_desc,3,0,1.0,663,L6,0.8190045248868778,0.8190045248868778,20,120,2.7,0.22411877716225542,24,1.0196439533456108,1.0,11,32,0.0,31.06838600001538,0.7931417606299499,0.8357106743661036,0.8108230506106903,0.0,0.0,0.0,120.0
1100,1100,uplink,1.0,S0-QoS,default,class_size_desc,3,0,1.0,663,L6,0.8190045248868778,0.8190045248868778,20,120,2.7,0.22411877716225542,24,1.0196439533456108,1.0,11,32,0.0,30.460155000127997,1.0,0.9580152671755725,0.6784660766961652,0.0,0.0,0.0,120.0
1100,1100,uplink,1.0,S1,default,class_size_desc,3,0,1.0,663,L6,0.9291101055806938,0.9291101055806938,0,0,1.0,0.19235330050547442,24,1.024891774891775,1.0,13,34,0.0,108.02364799997122,1.0,0.9847328244274809,0.8731563421828908,0.0,14.0,33.0,0.0
1100,1100,uplink,1.0,S2,default,class_size_desc,3,0,1.0,663,L6,0.9788838612368024,0.9788838612368024,0,0,1.0,0.20318753847014717,25,1.0338983050847457,1.0,15,39,0.0,56.014751000020624,1.0,1.0,0.9587020648967551,0.0,14.0,0.0,0.0
1100,1100,uplink,1.0,S2,lambda=0.5xmean,class_size_desc,3,1,1.0,663,L6,0.9788838612368024,0.9788838612368024,0,0,1.0,0.22808724563072388,7,1.1890087313816127,1.0,27,76,0.0,58.47788899995976,1.0,1.0,0.9587020648967551,0.0,14.0,0.0,0.0
1100,1100,uplink,1.0,S2,lambda=1xmean,class_size_desc,3,2,1.0,663,L6,0.9788838612368024,0.9788838612368024,0,0,1.0,0.2529030365769496,6,1.2742681047765794,1.0,30,96,0.0,61.18971499995496,1.0,1.0,0.9587020648967551,0.0,14.0,0.0,0.0
1100,1100,uplink,1.0,S2,lambda=2xmean,class_size_desc,3,4,1.0,663,L6,0.9788838612368024,0.9788838612368024,0,0,1.0,0.2718130024434372,5,1.3384694401643553,1.0,33,109,0.0,65.97010100017542,1.0,1.0,0.9587020648967551,0.0,14.0,0.0,0.0
1100,1100,uplink,1.0,S2,max_paths=1,class_size_desc,1,0,1.0,663,L6,0.9260935143288085,0.9260935143288085,0,0,1.0,0.19186445451662842,25,1.0255157437567861,1.0,14,37,0.0,80.28656999999839,1.0,0.9847328244274809,0.8672566371681416,0.0,14.0,35.0,0.0
1100,1100,uplink,1.0,S2,max_paths=2,class_size_desc,2,0,1.0,663,L6,0.9788838612368024,0.9788838612368024,0,0,1.0,0.20318753847014717,25,1.0338983050847457,1.0,15,39,0.0,64.3815620001078,1.0,1.0,0.9587020648967551,0.0,14.0,0.0,0.0
1100,1100,uplink,1.0,S2,max_paths=4,class_size_desc,4,0,1.0,663,L6,0.9788838612368024,0.9788838612368024,0,0,1.0,0.20318753847014717,25,1.0338983050847457,1.0,15,39,0.0,56.62243999995553,1.0,1.0,0.9587020648967551,0.0,14.0,0.0,0.0
1100,1100,uplink,1.0,S2,order=arrival,arrival,3,0,1.0,663,L6,0.9788838612368024,0.9788838612368024,0,0,1.0,0.20318753847014717,25,1.0338983050847457,1.0,15,39,0.0,68.19027400001687,1.0,1.0,0.9587020648967551,0.0,14.0,0.0,0.0
1100,1100,uplink,1.0,S2,order=class_size_asc,class_size_asc,3,0,1.0,663,L6,0.9788838612368024,0.9788838612368024,0,0,1.0,0.20318753847014717,25,1.0338983050847457,1.0,13,39,0.0,57.900546999917424,1.0,1.0,0.9587020648967551,0.0,14.0,0.0,0.0
1100,1100,uplink,1.0,S2,util_cap=0.9,class_size_desc,3,0,0.9,663,L6,0.975867269984917,0.975867269984917,0,0,0.9,0.20388847854065245,0,1.0515198351365276,1.0,17,42,0.0,82.87061600003653,1.0,1.0,0.9528023598820059,0.0,16.0,0.0,0.0
1100,1100,uplink,1.25,S0,default,class_size_desc,3,0,1.0,844,L6,0.7110133152787181,0.7110133152787181,30,245,3.6,0.28546633279241973,33,1.0211606623287308,0.9768009768009768,11,42,0.0,32.73920999981783,0.6823117398186792,0.7319202295191932,0.7003653676051234,0.0,0.0,0.0,243.9047619047619
1100,1100,uplink,1.25,S0-QoS,default,class_size_desc,3,0,1.0,844,L6,0.7112650382792562,0.7112650382792562,30,245,3.6,0.28546633279241973,33,1.021271143003588,0.9822485207100592,11,42,0.0,30.428274999849236,1.0,0.9151515151515152,0.5041556145004421,0.0,0.0,0.0,243.69230769230768
1100,1100,uplink,1.25,S1,default,class_size_desc,3,0,1.0,844,L6,0.8981042654028436,0.8981042654028436,0,0,1.0,0.23838245388245388,32,1.0532102022867194,0.9259259259259259,16,50,0.0,81.70807600004082,1.0,0.9484848484848485,0.8413793103448276,0.0,25.0,61.0,0.0
1100,1100,uplink,1.25,S2,default,class_size_desc,3,0,1.0,844,L6,0.966824644549763,0.966824644549763,0,0,1.0,0.2645780687519818,37,1.0902777777777777,1.0,21,64,0.0,64.06543899993267,1.0,1.0,0.9356321839080459,0.0,28.0,0.0,0.0
1100,1100,uplink,1.5,S0,default,class_size_desc,3,0,1.0,1043,L6,0.5988132925704155,0.5988132925704155,37,461,4.1,0.35300807639938075,41,1.020067388077587,0.9400000000000001,11,50,0.0,40.893270999958986,0.5623796408276318,0.6193077397485715,0.589558672493271,0.0,0.0,0.0,418.4377358490566
1100,1100,uplink,1.5,S0-QoS,default,class_size_desc,3,0,1.0,1043,L6,0.6000925711640824,0.6000925711640824,37,461,4.1,0.35300807639938075,41,1.020715112115035,0.9724137931034482,11,50,0.0,31.43299900011698,1.0,0.855072463768116,0.3274887979738944,0.0,0.0,0.0,417.1034482758621
1100,1100,uplink,1.5,S1,default,class_size_desc,3,0,1.0,1043,L6,0.8456375838926175,0.8456375838926175,0,0,1.0,0.28657285546415984,48,1.1024187452758882,0.9230769230769231,19,72,0.0,132.2630869999557,1.0,0.9299516908212561,0.751412429378531,0.0,50.0,111.0,0.0
1100,1100,uplink,1.5,S2,default,class_size_desc,3,0,1.0,1043,L6,0.9405560882070949,0.9405560882070949,0,0,1.0,0.35457693096823534,59,1.2008154943934761,1.0,40,148,0.0,104.51613000009274,1.0,0.9975845410628019,0.8851224105461394,0.0,62.0,0.0,0.0
1100,1100,uplink,2.0,S0,default,class_size_desc,3,0,1.0,1326,L6,0.47290819848147864,0.47290819848147864,43,876,5.4,0.44823755432451085,43,1.0199337793094128,0.9375,11,64,0.0,40.15643899992938,0.452402254331014,0.48833940090904,0.4647323681018555,0.0,0.0,0.0,698.9237288135594
1100,1100,uplink,2.0,S0-QoS,default,class_size_desc,3,0,1.0,1326,L6,0.4742179411173549,0.4742179411173549,43,876,5.4,0.44823755432451085,43,1.0209807727696354,0.9894736842105263,11,64,0.0,42.62609100010195,0.9838709677419355,0.7748091603053435,0.1486917255481011,0.0,0.0,0.0,697.1870100783874
1100,1100,uplink,2.0,S1,default,class_size_desc,3,0,1.0,1326,L6,0.7812971342383107,0.7812971342383107,0,0,1.0,0.3748162385988473,68,1.2168597168597168,0.9,38,158,2.0,133.56431700003668,0.9838709677419355,0.9045801526717557,0.6489675516224189,0.0,124.0,166.0,0.0
1100,1100,uplink,2.0,S2,default,class_size_desc,3,0,1.0,1326,L6,0.8250377073906485,0.8250377073906485,0,0,1.0,0.4332500885979147,80,1.3071297989031079,0.9565217391304348,43,174,0.0,176.62819000020136,1.0,0.9847328244274809,0.6696165191740413,0.0,232.0,0.0,0.0
1100,1100,multi,0.5,S0,default,class_size_desc,3,0,1.0,380,L10;L63;L79,0.9657894736842105,0.9657894736842105,6,13,1.4,0.13745403346819382,10,1.0544959128065394,0.9803921568627451,25,51,0.0,35.676817999956256,0.9543142043142043,0.9665663284084337,0.9673260767010767,0.0,0.0,0.0,13.000000000000002
1100,1100,multi,0.5,S0-QoS,default,class_size_desc,3,0,1.0,380,L10;L63;L79,0.9657894736842105,0.9657894736842105,6,13,1.4,0.13745403346819382,10,1.0544959128065394,0.9803921568627451,25,51,0.0,36.21027900021545,1.0,1.0,0.9322916666666666,0.0,0.0,0.0,13.0
1100,1100,multi,0.5,S1,default,class_size_desc,3,0,1.0,380,L10;L63;L79,0.9868421052631579,0.9868421052631579,0,0,1.0,0.1334569871027789,10,1.0533333333333332,0.9803921568627451,25,50,0.0,60.26465100012501,1.0,1.0,0.9739583333333334,0.0,2.0,3.0,0.0
1100,1100,multi,0.5,S2,default,class_size_desc,3,0,1.0,380,L10;L63;L79,0.9947368421052631,0.9947368421052631,0,0,1.0,0.13425521872091478,10,1.052910052910053,0.9803921568627451,25,50,0.0,66.94748300014908,1.0,1.0,0.9895833333333334,0.0,2.0,0.0,0.0
1100,1100,multi,0.75,S0,default,class_size_desc,3,0,1.0,543,L10;L63;L79,0.860036832412523,0.860036832412523,17,76,2.3,0.19593447869774155,19,1.0485367594575303,0.8055555555555556,25,72,0.0,34.59204499995394,0.8384116538170999,0.8653006565722916,0.8599327237988635,0.0,0.0,0.0,76.0
1100,1100,multi,0.75,S0-QoS,default,class_size_desc,3,0,1.0,543,L10;L63;L79,0.860036832412523,0.860036832412523,17,76,2.3,0.19593447869774155,19,1.0485367594575303,0.8055555555555556,25,72,0.0,51.24841100018784,1.0,0.9720930232558139,0.7472924187725631,0.0,0.0,0.0,76.0
1100,1100,multi,0.75,S1,default,class_size_desc,3,0,1.0,543,L10;L63;L79,0.9392265193370166,0.9392265193370166,0,0,1.0,0.1723960007217885,19,1.0516339869281046,0.8961038961038961,27,69,0.0,105.7956690001447,1.0,0.9953488372093023,0.8844765342960289,0.0,14.0,19.0,0.0
1100,1100,multi,0.75,S2,default,class_size_desc,3,0,1.0,543,L10;L63;L79,0.9742173112338858,0.9742173112338858,0,0,1.0,0.1779475991034627,19,1.054820415879017,0.9411764705882353,30,75,0.0,58.43900699983351,1.0,1.0,0.9494584837545126,0.0,14.0,0.0,0.0
1100,1100,multi,1.0,S0,default,class_size_desc,3,0,1.0,663,L10;L63;L79,0.7812971342383107,0.7812971342383107,23,145,2.7,0.2391448135696241,25,1.0463320463320462,0.7126436781609196,25,89,0.0,35.35306200001287,0.7599349295104053,0.7919298032390267,0.776986507143746,0.0,0.0,0.0,145.0
1100,1100,multi,1.0,S0-QoS,default,class_size_desc,3,0,1.0,663,L10;L63;L79,0.7812971342383107,0.7812971342383107,23,145,2.7,0.2391448135696241,25,1.0463320463320462,0.7126436781609196,25,89,0.0,31.211834000032468,1.0,0.9541984732824428,0.6076696165191741,0.0,0.0,0.0,145.0
1100,1100,multi,1.0,S1,default,class_size_desc,3,0,1.0,663,L10;L63;L79,0.9125188536953243,0.9125188536953243,0,0,1.0,0.19974362261857276,26,1.0617079889807162,0.8910891089108911,29,90,0.0,67.53525600015564,1.0,0.9809160305343512,0.8436578171091446,0.0,23.0,35.0,0.0
1100,1100,multi,1.0,S2,default,class_size_desc,3,0,1.0,663,L10;L63;L79,0.9653092006033183,0.9653092006033183,0,0,1.0,0.21387453701065587,26,1.0786458333333333,0.9256198347107438,33,101,0.0,57.62838600003306,1.0,1.0,0.9321533923303835,0.0,23.0,0.0,0.0
1100,1100,multi,1.0,S2,lambda=0.5xmean,class_size_desc,3,1,1.0,663,L10;L63;L79,0.9653092006033183,0.9653092006033183,0,0,1.0,0.25027509639675577,8,1.259375,0.9456521739130435,52,159,0.0,60.846602000083294,1.0,1.0,0.9321533923303835,0.0,23.0,0.0,0.0
1100,1100,multi,1.0,S2,lambda=1xmean,class_size_desc,3,2,1.0,663,L10;L63;L79,0.9653092006033183,0.9653092006033183,0,0,1.0,0.2648942959712804,8,1.3135416666666666,1.0,64,196,0.0,64.40767100002631,1.0,1.0,0.9321533923303835,0.0,23.0,0.0,0.0
1100,1100,multi,1.0,S2,lambda=2xmean,class_size_desc,3,4,1.0,663,L10;L63;L79,0.9653092006033183,0.9653092006033183,0,0,1.0,0.2828550867095941,8,1.3682291666666666,1.0,70,227,0.0,70.48031899989837,1.0,1.0,0.9321533923303835,0.0,23.0,0.0,0.0
1100,1100,multi,1.0,S2,max_paths=1,class_size_desc,1,0,1.0,663,L10;L63;L79,0.9110105580693816,0.9110105580693816,0,0,1.0,0.19928938496020665,26,1.0601545253863134,0.898989898989899,28,89,0.0,79.04480099978173,1.0,0.9809160305343512,0.8407079646017699,0.0,23.0,36.0,0.0
1100,1100,multi,1.0,S2,max_paths=2,class_size_desc,2,0,1.0,663,L10;L63;L79,0.9653092006033183,0.9653092006033183,0,0,1.0,0.21387453701065587,26,1.0786458333333333,0.9256198347107438,33,101,0.0,60.01970100010112,1.0,1.0,0.9321533923303835,0.0,23.0,0.0,0.0
1100,1100,multi,1.0,S2,max_paths=4,class_size_desc,4,0,1.0,663,L10;L63;L79,0.9653092006033183,0.9653092006033183,0,0,1.0,0.21387453701065587,26,1.0786458333333333,0.9256198347107438,33,101,0.0,58.895182000014756,1.0,1.0,0.9321533923303835,0.0,23.0,0.0,0.0
1100,1100,multi,1.0,S2,order=arrival,arrival,3,0,1.0,663,L10;L63;L79,0.9653092006033183,0.9653092006033183,0,0,1.0,0.21564386859650123,25,1.0828125,0.9256198347107438,33,103,0.0,54.711585999939416,1.0,1.0,0.9321533923303835,0.0,23.0,0.0,0.0
1100,1100,multi,1.0,S2,order=class_size_asc,class_size_asc,3,0,1.0,663,L10;L63;L79,0.9653092006033183,0.9653092006033183,0,0,1.0,0.21656509867608792,25,1.0848958333333334,0.9243697478991597,31,103,0.0,61.98354399998607,1.0,1.0,0.9321533923303835,0.0,23.0,0.0,0.0
1100,1100,multi,1.0,S2,util_cap=0.9,class_size_desc,3,0,0.9,663,L10;L63;L79,0.9607843137254902,0.9607843137254902,0,0,0.9,0.21888897752958383,0,1.109366823652538,0.924812030075188,36,107,0.0,61.284543000056146,1.0,1.0,0.9233038348082596,0.0,26.0,0.0,0.0
1100,1100,multi,1.25,S0,default,class_size_desc,3,0,1.0,844,L10;L63;L79,0.6765402843601895,0.6765402843601895,29,273,3.6,0.30426628297908714,31,1.0443666082895504,0.6875,25,112,0.0,32.29610799985494,0.6491592383117474,0.6908473893159182,0.6706592682738367,0.0,0.0,0.0,273.0
1100,1100,multi,1.25,S0-QoS,default,class_size_desc,3,0,1.0,844,L10;L63;L79,0.6765402843601895,0.6765402843601895,29,273,3.6,0.30426628297908714,31,1.0443666082895504,0.6875,25,112,0.0,29.412972000045556,1.0,0.8909090909090909,0.45517241379310347,0.0,0.0,0.0,273.0
1100,1100,multi,1.25,S1,default,class_size_desc,3,0,1.0,844,L10;L63;L79,0.8850710900473934,0.8850710900473934,0,0,1.0,0.25678415674207455,36,1.1111111111111112,0.8955223880597015,36,130,0.0,119.25590300006661,1.0,0.9333333333333333,0.8275862068965517,0.0,38.0,59.0,0.0
1100,1100,multi,1.25,S2,default,class_size_desc,3,0,1.0,844,L10;L63;L79,0.9514218009478673,0.9514218009478673,0,0,1.0,0.2950462039622391,46,1.1706102117061021,0.9216867469879518,42,159,0.0,63.61451299994769,1.0,0.996969696969697,0.9080459770114943,0.0,41.0,0.0,0.0
1100,1100,multi,1.5,S0,default,class_size_desc,3,0,1.0,1043,L10;L63;L79,0.5710941158108319,0.5710941158108319,37,456,4.1,0.37659884703781793,40,1.0442093207876209,0.696969696969697,25,140,0.0,29.758879999917554,0.5376880641856246,0.5878095466299923,0.5642270813478147,0.0,0.0,0.0,447.3488372093023
1100,1100,multi,1.5,S0-QoS,default,class_size_desc,3,0,1.0,1043,L10;L63;L79,0.5710557153510174,0.5710557153510174,37,456,4.1,0.37659884703781793,40,1.0442122936293257,0.696969696969697,25,140,0.0,29.82986299980439,1.0,0.8164251207729468,0.30058589663109436,0.0,0.0,0.0,447.3888888888889
1100,1100,multi,1.5,S1,default,class_size_desc,3,0,1.0,1043,L10;L63;L79,0.8053691275167785,0.8053691275167785,0,0,1.0,0.30537866830018806,52,1.161904761904762,0.8785714285714286,44,163,0.0,115.44625900000938,1.0,0.8985507246376812,0.696798493408663,0.0,83.0,120.0,0.0
1100,1100,multi,1.5,S2,default,class_size_desc,3,0,1.0,1043,L10;L63;L79,0.8676893576222435,0.8676893576222435,0,0,1.0,0.3435843352897601,54,1.2084714548802946,0.9302325581395349,56,191,0.0,82.69741100002648,1.0,0.9879227053140096,0.7495291902071564,0.0,138.0,0.0,0.0
1100,1100,multi,2.0,S0,default,class_size_desc,3,0,1.0,1326,L10;L63;L79,0.4500115599299799,0.4500115599299799,42,870,5.4,0.4782896271392482,42,1.0446890927624872,0.7,25,178,0.0,33.737400999825695,0.4284721441603319,0.4623092648359898,0.44444650120532964,0.0,0.0,0.0,729.2846715328467
1100,1100,multi,2.0,S0-QoS,default,class_size_desc,3,0,1.0,1326,L10;L63;L79,0.4492074832632108,0.4492074832632108,42,870,5.4,0.4782896271392482,42,1.0447690857681433,0.7,25,178,0.0,29.586405999907583,0.9838709677419355,0.7213740458015268,0.14107540237023236,0.0,0.0,0.0,730.3508771929825
1100,1100,multi,2.0,S1,default,class_size_desc,3,0,1.0,1326,L10;L63;L79,0.726998491704374,0.726998491704374,0,0,1.0,0.3666617281136627,59,1.2213001383125865,0.9014084507042254,50,196,2.0,117.23353999991559,0.9838709677419355,0.8854961832061069,0.5575221238938053,0.0,236.0,126.0,0.0
1100,1100,multi,2.0,S2,default,class_size_desc,3,0,1.0,1326,L10;L63;L79,0.7631975867269984,0.7631975867269984,0,0,1.0,0.3941371968013372,70,1.2575757575757576,0.8921568627450981,58,220,0.0,116.16954500004795,1.0,0.9694656488549618,0.56047197640118,0.0,314.0,0.0,0.0
1100,1100,recovered,0.5,S0,default,class_size_desc,3,0,1.0,380,,0.968421052631579,0.968421052631579,5,12,1.4,0.12665368049393672,7,1.0,nan,5,12,0.0,32.734860999880766,0.9543142043142043,0.9695567590304432,0.9701669857919858,0.0,0.0,0.0,12.0
1100,1100,recovered,0.5,S0-QoS,default,class_size_desc,3,0,1.0,380,,0.968421052631579,0.968421052631579,5,12,1.4,0.12665368049393672,7,1.0,nan,5,12,0.0,31.662349000043832,1.0,1.0,0.9375,0.0,0.0,0.0,12.0
1100,1100,recovered,0.5,S1,default,class_size_desc,3,0,1.0,380,,0.9894736842105263,0.9894736842105263,0,0,1.0,0.12323584923099674,7,1.0,nan,5,12,0.0,56.28217200001018,1.0,1.0,0.9791666666666666,0.0,1.0,3.0,0.0
1100,1100,recovered,0.5,S2,default,class_size_desc,3,0,1.0,380,,0.9973684210526316,0.9973684210526316,0,0,1.0,0.12401269964507543,7,1.0,nan,7,14,0.0,55.16463599997223,1.0,1.0,0.9947916666666666,0.0,1.0,0.0,0.0
1100,1100,recovered,0.75,S0,default,class_size_desc,3,0,1.0,543,,0.8858195211786372,0.8858195211786372,14,62,2.3,0.1806198147737356,16,1.0,nan,5,18,0.0,31.005408000055468,0.860820617402534,0.8952009887982052,0.8831405628911791,0.0,0.0,0.0,62.0
1100,1100,recovered,0.75,S0-QoS,default,class_size_desc,3,0,1.0,543,,0.8858195211786372,0.8858195211786372,14,62,2.3,0.1806198147737356,16,1.0,nan,5,18,0.0,29.958233000115797,1.0,0.9720930232558139,0.7978339350180506,0.0,0.0,0.0,62.0
1100,1100,recovered,0.75,S1,default,class_size_desc,3,0,1.0,543,,0.9539594843462247,0.9539594843462247,0,0,1.0,0.1621231837843833,16,1.0,nan,6,22,0.0,65.02606999993077,1.0,0.9953488372093023,0.9133574007220217,0.0,9.0,16.0,0.0
1100,1100,recovered,0.75,S2,default,class_size_desc,3,0,1.0,543,,0.9834254143646409,0.9834254143646409,0,0,1.0,0.16648143578083408,16,1.0012484394506866,nan,7,24,0.0,56.1169620000328,1.0,1.0,0.9675090252707581,0.0,9.0,0.0,0.0
1100,1100,recovered,1.0,S0,default,class_size_desc,3,0,1.0,663,,0.8190045248868778,0.8190045248868778,20,120,2.7,0.2201891452233067,24,1.0,nan,5,23,0.0,32.59470800003328,0.7931417606299499,0.8357106743661036,0.8108230506106903,0.0,0.0,0.0,120.0
1100,1100,recovered,1.0,S0-QoS,default,class_size_desc,3,0,1.0,663,,0.8190045248868778,0.8190045248868778,20,120,2.7,0.2201891452233067,24,1.0,nan,5,23,0.0,35.088965999875654,1.0,0.9580152671755725,0.6784660766961652,0.0,0.0,0.0,120.0
1100,1100,recovered,1.0,S1,default,class_size_desc,3,0,1.0,663,,0.9291101055806938,0.9291101055806938,0,0,1.0,0.1885867531795327,24,1.0064935064935066,nan,6,25,0.0,76.75373500001115,1.0,0.9847328244274809,0.8731563421828908,0.0,14.0,33.0,0.0
1100,1100,recovered,1.0,S2,default,class_size_desc,3,0,1.0,663,,0.9788838612368024,0.9788838612368024,0,0,1.0,0.19902291759094942,24,1.0138674884437597,nan,8,32,0.0,73.96723800002292,1.0,1.0,0.9587020648967551,0.0,14.0,0.0,0.0
1100,1100,recovered,1.0,S2,lambda=0.5xmean,class_size_desc,3,1,1.0,663,,0.9788838612368024,0.9788838612368024,0,0,1.0,0.22601585607068914,6,1.187467899332306,nan,37,119,0.0,57.988782000165884,1.0,1.0,0.9587020648967551,0.0,14.0,0.0,0.0
1100,1100,recovered,1.0,S2,lambda=1xmean,class_size_desc,3,2,1.0,663,,0.9788838612368024,0.9788838612368024,0,0,1.0,0.242825421472937,6,1.2449922958397535,nan,31,105,0.0,56.9763639998655,1.0,1.0,0.9587020648967551,0.0,14.0,0.0,0.0
1100,1100,recovered,1.0,S2,lambda=2xmean,class_size_desc,3,4,1.0,663,,0.9788838612368024,0.9788838612368024,0,0,1.0,0.266799301242236,5,1.3220338983050848,nan,41,155,0.0,73.61905600009777,1.0,1.0,0.9587020648967551,0.0,14.0,0.0,0.0
1100,1100,recovered,1.0,S2,max_paths=1,class_size_desc,1,0,1.0,663,,0.9260935143288085,0.9260935143288085,0,0,1.0,0.1879214683155871,24,1.00542888165038,nan,7,27,0.0,85.89417700000013,1.0,0.9847328244274809,0.8672566371681416,0.0,14.0,35.0,0.0
1100,1100,recovered,1.0,S2,max_paths=2,class_size_desc,2,0,1.0,663,,0.9788838612368024,0.9788838612368024,0,0,1.0,0.19902291759094942,24,1.0138674884437597,nan,8,32,0.0,76.82742299994061,1.0,1.0,0.9587020648967551,0.0,14.0,0.0,0.0
1100,1100,recovered,1.0,S2,max_paths=4,class_size_desc,4,0,1.0,663,,0.9788838612368024,0.9788838612368024,0,0,1.0,0.19902291759094942,24,1.0138674884437597,nan,8,32,0.0,70.10988499996529,1.0,1.0,0.9587020648967551,0.0,14.0,0.0,0.0
1100,1100,recovered,1.0,S2,order=arrival,arrival,3,0,1.0,663,,0.9788838612368024,0.9788838612368024,0,0,1.0,0.19902291759094942,24,1.0138674884437597,nan,7,32,0.0,84.42067300006784,1.0,1.0,0.9587020648967551,0.0,14.0,0.0,0.0
1100,1100,recovered,1.0,S2,order=class_size_asc,class_size_asc,3,0,1.0,663,,0.9788838612368024,0.9788838612368024,0,0,1.0,0.19902291759094942,24,1.0138674884437597,nan,7,32,0.0,67.71061400013423,1.0,1.0,0.9587020648967551,0.0,14.0,0.0,0.0
1100,1100,recovered,1.0,S2,util_cap=0.9,class_size_desc,3,0,0.9,663,,0.975867269984917,0.975867269984917,0,0,0.9,0.19875229222123633,0,1.0267903142709944,nan,10,35,0.0,65.90310499996122,1.0,1.0,0.9528023598820059,0.0,16.0,0.0,0.0
1100,1100,recovered,1.25,S0,default,class_size_desc,3,0,1.0,844,,0.7120853080568721,0.7120853080568721,29,243,3.6,0.2803862762496303,32,1.0,nan,5,30,0.0,32.41341900002226,0.6853256035920366,0.7326417302406939,0.7013505892800003,0.0,0.0,0.0,243.0
1100,1100,recovered,1.25,S0-QoS,default,class_size_desc,3,0,1.0,844,,0.7120853080568721,0.7120853080568721,29,243,3.6,0.2803862762496303,32,1.0,nan,5,30,0.0,31.934710000086852,1.0,0.9151515151515152,0.5057471264367817,0.0,0.0,0.0,243.0
1100,1100,recovered,1.25,S1,default,class_size_desc,3,0,1.0,844,,0.9028436018957346,0.9028436018957346,0,0,1.0,0.23302678571428573,33,1.02668416447944,nan,10,47,0.0,80.24086399996122,1.0,0.9484848484848485,0.8505747126436781,0.0,25.0,57.0,0.0
1100,1100,recovered,1.25,S2,default,class_size_desc,3,0,1.0,844,,0.966824644549763,0.966824644549763,0,0,1.0,0.255005407054126,37,1.0563725490196079,nan,14,63,0.0,62.17461300002469,1.0,1.0,0.9356321839080459,0.0,28.0,0.0,0.0
1100,1100,recovered,1.5,S0,default,class_size_desc,3,0,1.0,1043,,0.6011143472204634,0.6011143472204634,36,451,4.1,0.3468428257172434,40,1.0,nan,5,35,0.0,30.396115000030477,0.5690586760780956,0.6211522720278863,0.591407670952439,0.0,0.0,0.0,416.0377358490566
1100,1100,recovered,1.5,S0-QoS,default,class_size_desc,3,0,1.0,1043,,0.6011505273250239,0.6011505273250239,36,451,4.1,0.3468428257172434,40,1.0,nan,5,35,0.0,45.33414000002267,1.0,0.855072463768116,0.3295668549905838,0.0,0.0,0.0,416.0
1100,1100,recovered,1.5,S1,default,class_size_desc,3,0,1.0,1043,,0.8533077660594439,0.8533077660594439,0,0,1.0,0.27839637403874595,49,1.0677902621722846,nan,14,75,0.0,127.52880799985178,1.0,0.9299516908212561,0.7664783427495292,0.0,45.0,108.0,0.0
1100,1100,recovered,1.5,S2,default,class_size_desc,3,0,1.0,1043,,0.9424736337488016,0.9424736337488016,0,0,1.0,0.3205750610026619,55,1.1173279077653442,nan,17,82,0.0,76.20398399990336,1.0,0.9975845410628019,0.8888888888888888,0.0,60.0,0.0,0.0
1100,1100,recovered,2.0,S0,default,class_size_desc,3,0,1.0,1326,,0.474793568013907,0.474793568013907,42,852,5.4,0.4403782904466134,42,1.0,nan,5,46,0.0,45.45650000000023,0.45816262299460847,0.48970254158515775,0.46631264623080615,0.0,0.0,0.0,696.4237288135594
1100,1100,recovered,2.0,S0-QoS,default,class_size_desc,3,0,1.0,1326,,0.47453547703860594,0.47453547703860594,42,852,5.4,0.4403782904466134,42,1.0,nan,5,46,0.0,35.55562099995768,0.9838709677419355,0.7748091603053435,0.14931274712860101,0.0,0.0,0.0,696.7659574468086
1100,1100,recovered,2.0,S1,default,class_size_desc,3,0,1.0,1326,,0.808446455505279,0.808446455505279,0,0,1.0,0.3612423469387755,62,1.1585820895522387,nan,18,108,2.0,146.88772399995287,0.9838709677419355,0.9045801526717557,0.7020648967551623,0.0,118.0,136.0,0.0
1100,1100,recovered,2.0,S2,default,class_size_desc,3,0,1.0,1326,,0.8702865761689291,0.8702865761689291,0,0,1.0,0.41400744971901804,75,1.2333911034084344,nan,32,160,0.0,212.57044599997243,1.0,0.9847328244274809,0.7581120943952803,0.0,172.0,0.0,0.0
1200,1200,healthy,0.5,S0,default,class_size_desc,3,0,1.0,376,,0.9441489361702128,0.9441489361702128,9,21,1.4,0.13037523726273725,12,1.0,nan,0,0,0.0,51.717321000069205,0.9474643004054769,0.9469389670731952,0.9414109206855321,0.0,0.0,0.0,21.000000000000004
1200,1200,healthy,0.5,S0-QoS,default,class_size_desc,3,0,1.0,376,,0.9441489361702128,0.9441489361702128,9,21,1.4,0.13037523726273725,12,1.0,nan,0,0,0.0,55.53236500009007,1.0,1.0,0.8911917098445596,0.0,0.0,0.0,21.0
1200,1200,healthy,0.5,S1,default,class_size_desc,3,0,1.0,376,,0.976063829787234,0.976063829787234,0,0,1.0,0.12370202297702297,12,1.0,nan,0,0,0.0,64.16551600000275,1.0,1.0,0.9533678756476683,0.0,3.0,6.0,0.0
1200,1200,healthy,0.5,S2,default,class_size_desc,3,0,1.0,376,,0.9920212765957447,0.9920212765957447,0,0,1.0,0.12526571761571761,12,1.0,nan,0,0,0.0,57.8670139998394,1.0,1.0,0.9844559585492227,0.0,3.0,0.0,0.0
1200,1200,healthy,0.75,S0,default,class_size_desc,3,0,1.0,527,,0.8444022770398482,0.8444022770398482,14,82,2.1,0.18301429403929403,14,1.0,nan,0,0,0.0,31.033941000032428,0.8177195786739604,0.8492293540603345,0.8455122886482008,0.0,0.0,0.0,82.0
1200,1200,healthy,0.75,S0-QoS,default,class_size_desc,3,0,1.0,527,,0.8444022770398482,0.8444022770398482,14,82,2.1,0.18301429403929403,14,1.0,nan,0,0,0.0,32.53393499994672,1.0,0.9760765550239234,0.7137546468401487,0.0,0.0,0.0,82.0
1200,1200,healthy,0.75,S1,default,class_size_desc,3,0,1.0,527,,0.9563567362428842,0.9563567362428842,0,0,1.0,0.16031956793206792,14,1.0,nan,0,0,0.0,65.78234899984636,1.0,0.9760765550239234,0.9330855018587361,0.0,10.0,13.0,0.0
1200,1200,healthy,0.75,S2,default,class_size_desc,3,0,1.0,527,,0.9810246679316889,0.9810246679316889,0,0,1.0,0.16372758075258076,14,1.0,nan,0,0,0.0,55.86215399989669,1.0,1.0,0.9628252788104089,0.0,10.0,0.0,0.0
1200,1200,healthy,1.0,S0,default,class_size_desc,3,0,1.0,644,,0.7903726708074534,0.7903726708074534,15,135,2.6,0.22382610306360307,19,1.0,nan,0,0,0.0,31.236150000040652,0.7607826490631736,0.7939939897435563,0.7928647161232301,0.0,0.0,0.0,135.0
1200,1200,healthy,1.0,S0-QoS,default,class_size_desc,3,0,1.0,644,,0.7903726708074534,0.7903726708074534,15,135,2.6,0.22382610306360307,19,1.0,nan,0,0,0.0,30.707919000178663,1.0,0.9529411764705882,0.6272727272727273,0.0,0.0,0.0,135.0
1200,1200,healthy,1.0,S1,default,class_size_desc,3,0,1.0,644,,0.9363354037267081,0.9363354037267081,0,0,1.0,0.18622017982017983,19,1.0,nan,0,0,0.0,80.64003300000877,1.0,0.9764705882352941,0.8939393939393939,0.0,18.0,23.0,0.0
1200,1200,healthy,1.0,S2,default,class_size_desc,3,0,1.0,644,,0.9720496894409938,0.9720496894409938,0,0,1.0,0.1928306401931402,19,1.0015974440894568,nan,0,0,0.0,53.98627599993233,1.0,1.0,0.9454545454545454,0.0,18.0,0.0,0.0
1200,1200,healthy,1.0,S2,lambda=0.5xmean,class_size_desc,3,1,1.0,644,,0.9720496894409938,0.9720496894409938,0,0,1.0,0.2176100566100566,6,1.1634717784877529,nan,0,0,0.0,57.27293999984795,1.0,1.0,0.9454545454545454,0.0,18.0,0.0,0.0
1200,1200,healthy,1.0,S2,lambda=1xmean,class_size_desc,3,2,1.0,644,,0.9720496894409938,0.9720496894409938,0,0,1.0,0.23106553862803864,4,1.2209797657082002,nan,0,0,0.0,58.59759400004805,1.0,1.0,0.9454545454545454,0.0,18.0,0.0,0.0
1200,1200,healthy,1.0,S2,lambda=2xmean,class_size_desc,3,4,1.0,644,,0.9720496894409938,0.9720496894409938,0,0,1.0,0.25318861555111555,3,1.2987220447284344,nan,0,0,0.0,71.76464700000906,1.0,1.0,0.9454545454545454,0.0,18.0,0.0,0.0
1200,1200,healthy,1.0,S2,max_paths=1,class_size_desc,1,0,1.0,644,,0.9270186335403726,0.9270186335403726,0,0,1.0,0.18488699217449217,19,1.0005583472920156,nan,0,0,0.0,68.32889399993292,1.0,0.9725490196078431,0.8787878787878788,0.0,18.0,29.0,0.0
1200,1200,healthy,1.0,S2,max_paths=2,class_size_desc,2,0,1.0,644,,0.9720496894409938,0.9720496894409938,0,0,1.0,0.1928306401931402,19,1.0015974440894568,nan,0,0,0.0,59.70386900003177,1.0,1.0,0.9454545454545454,0.0,18.0,0.0,0.0
1200,1200,healthy,1.0,S2,max_paths=4,class_size_desc,4,0,1.0,644,,0.9720496894409938,0.9720496894409938,0,0,1.0,0.1928306401931402,19,1.0015974440894568,nan,0,0,0.0,77.82885999995415,1.0,1.0,0.9454545454545454,0.0,18.0,0.0,0.0
1200,1200,healthy,1.0,S2,order=arrival,arrival,3,0,1.0,644,,0.9720496894409938,0.9720496894409938,0,0,1.0,0.1928306401931402,19,1.0015974440894568,nan,0,0,0.0,61.9091149999349,1.0,1.0,0.9454545454545454,0.0,18.0,0.0,0.0
1200,1200,healthy,1.0,S2,order=class_size_asc,class_size_asc,3,0,1.0,644,,0.9720496894409938,0.9720496894409938,0,0,1.0,0.1928306401931402,19,1.0015974440894568,nan,0,0,0.0,58.54596700010006,1.0,1.0,0.9454545454545454,0.0,18.0,0.0,0.0
1200,1200,healthy,1.0,S2,util_cap=0.9,class_size_desc,3,0,0.9,644,,0.968944099378882,0.968944099378882,0,0,0.9,0.19125294705294704,0,1.0090811965811965,nan,0,0,0.0,84.96532399999523,1.0,1.0,0.9393939393939394,0.0,20.0,0.0,0.0
1200,1200,healthy,1.25,S0,default,class_size_desc,3,0,1.0,824,,0.6949838187702265,0.6949838187702265,26,256,3.4,0.28636779054279055,30,1.0,nan,0,0,0.0,43.90880699997979,0.6411847717082302,0.7027607725759442,0.6988014902265444,0.0,0.0,0.0,251.33333333333334
1200,1200,healthy,1.25,S0-QoS,default,class_size_desc,3,0,1.0,824,,0.6952780229479258,0.6952780229479258,26,256,3.4,0.28636779054279055,30,1.0,nan,0,0,0.0,35.60606600012761,1.0,0.8865030674846626,0.4914705247246815,0.0,0.0,0.0,251.0909090909091
1200,1200,healthy,1.25,S1,default,class_size_desc,3,0,1.0,824,,0.9065533980582524,0.9065533980582524,0,0,1.0,0.228742673992674,32,1.0160642570281124,nan,0,0,0.0,74.94790800001283,1.0,0.9202453987730062,0.8788598574821853,0.0,28.0,49.0,0.0
1200,1200,healthy,1.25,S2,default,class_size_desc,3,0,1.0,824,,0.9660194174757282,0.9660194174757282,0,0,1.0,0.24777955377955377,34,1.0360134003350083,nan,0,0,0.0,75.42065500001627,1.0,0.9969325153374233,0.9358669833729216,0.0,28.0,0.0,0.0
1200,1200,healthy,1.5,S0,default,class_size_desc,3,0,1.0,1020,,0.5879551820728292,0.5879551820728292,32,437,4.0,0.3542013403263403,36,1.0,nan,0,0,0.0,32.15123700010736,0.5376685825934376,0.5952493832142595,0.5912626323413676,0.0,0.0,0.0,420.2857142857143
1200,1200,healthy,1.5,S0-QoS,default,class_size_desc,3,0,1.0,1020,,0.5891067538126362,0.5891067538126362,32,437,4.0,0.3542013403263403,36,1.0,nan,0,0,0.0,30.763965000005555,1.0,0.8143564356435643,0.3420437646059061,0.0,0.0,0.0,419.1111111111111
1200,1200,healthy,1.5,S1,default,class_size_desc,3,0,1.0,1020,,0.8539215686274509,0.8539215686274509,0,0,1.0,0.27307338911088913,46,1.0524301569077688,nan,0,0,0.0,125.37535000001299,1.0,0.8787128712871287,0.8087954110898662,0.0,41.0,108.0,0.0
1200,1200,healthy,1.5,S2,default,class_size_desc,3,0,1.0,1020,,0.957843137254902,0.957843137254902,0,0,1.0,0.3231571636696637,52,1.1200955305356532,nan,0,0,0.0,84.41721600001983,1.0,0.9851485148514851,0.9292543021032504,0.0,43.0,0.0,0.0
1200,1200,healthy,2.0,S0,default,class_size_desc,3,0,1.0,1288,,0.46730529268945176,0.46730529268945176,37,776,5.2,0.44765220612720613,39,1.0,nan,0,0,0.0,35.41958599998907,0.4272686236534465,0.47576477975255965,0.46792648745318444,0.0,0.0,0.0,686.1107830159862
1200,1200,healthy,2.0,S0-QoS,default,class_size_desc,3,0,1.0,1288,,0.4679768228361579,0.4679768228361579,37,776,5.2,0.44765220612720613,39,1.0,nan,0,0,0.0,31.54560100006165,0.9830508474576272,0.7176470588235294,0.18296083001965355,0.0,0.0,0.0,685.2458521870286
1200,1200,healthy,2.0,S1,default,class_size_desc,3,0,1.0,1288,,0.8020186335403726,0.8020186335403726,0,0,1.0,0.3455027972027972,64,1.1403678606001937,nan,0,0,2.0,130.17855799989775,0.9830508474576272,0.8745098039215686,0.7136363636363636,0.0,92.0,163.0,0.0
1200,1200,healthy,2.0,S2,default,class_size_desc,3,0,1.0,1288,,0.8804347826086957,0.8804347826086957,0,0,1.0,0.42272109557109555,80,1.2486772486772486,nan,0,0,0.0,105.23066999985531,1.0,0.9764705882352941,0.7848484848484848,0.0,154.0,0.0,0.0
1200,1200,uplink,0.5,S0,default,class_size_desc,3,0,1.0,376,L6,0.9441489361702128,0.9441489361702128,9,21,1.4,0.1348537781026313,12,1.031924882629108,1.0,21,37,0.0,31.280133000109345,0.9474643004054769,0.9469389670731952,0.9414109206855321,0.0,0.0,0.0,21.000000000000004
1200,1200,uplink,0.5,S0-QoS,default,class_size_desc,3,0,1.0,376,L6,0.9441489361702128,0.9441489361702128,9,21,1.4,0.1348537781026313,12,1.031924882629108,1.0,21,37,0.0,33.539701000108835,1.0,1.0,0.8911917098445596,0.0,0.0,0.0,21.0
1200,1200,uplink,0.5,S1,default,class_size_desc,3,0,1.0,376,L6,0.976063829787234,0.976063829787234,0,0,1.0,0.12790898780118964,12,1.030881017257039,1.0,20,34,0.0,65.17684300001747,1.0,1.0,0.9533678756476683,0.0,3.0,6.0,0.0
1200,1200,uplink,0.5,S2,default,class_size_desc,3,0,1.0,376,L6,0.9920212765957447,0.9920212765957447,0,0,1.0,0.1294870282622576,12,1.0303842716711349,1.0,20,34,0.0,52.06968200013762,1.0,1.0,0.9844559585492227,0.0,3.0,0.0,0.0
1200,1200,uplink,0.75,S0,default,class_size_desc,3,0,1.0,527,L6,0.8389468690702088,0.8389468690702088,15,87,2.1,0.18918218402392714,16,1.030251625671473,0.9331395348837209,21,50,0.0,30.621096999993824,0.8151685582657971,0.8444446650651193,0.8390067124400223,0.0,0.0,0.0,84.875
1200,1200,uplink,0.75,S0-QoS,default,class_size_desc,3,0,1.0,527,L6,0.8388678051865908,0.8388678051865908,15,87,2.1,0.18918218402392714,16,1.0302230600062834,0.9321705426356589,21,50,0.0,38.88234000010016,1.0,0.9760765550239234,0.702912019826518,0.0,0.0,0.0,84.91666666666667
1200,1200,uplink,0.75,S1,default,class_size_desc,3,0,1.0,527,L6,0.9563567362428842,0.9563567362428842,0,0,1.0,0.16578842373223107,16,1.0284391534391535,1.0,19,43,0.0,72.34661999996206,1.0,0.9760765550239234,0.9330855018587361,0.0,10.0,13.0,0.0
1200,1200,uplink,0.75,S2,default,class_size_desc,3,0,1.0,527,L6,0.9810246679316889,0.9810246679316889,0,0,1.0,0.16922770272540916,16,1.0277240490006447,1.0,19,43,0.0,55.90800000004492,1.0,1.0,0.9628252788104089,0.0,10.0,0.0,0.0
1200,1200,uplink,1.0,S0,default,class_size_desc,3,0,1.0,644,L6,0.7748447204968945,0.7748447204968945,17,151,2.6,0.2313363032227711,21,1.0267201068804275,0.8,21,61,0.0,32.03404700002466,0.755940034051067,0.7775607497809045,0.7761258993844133,0.0,0.0,0.0,145.0
1200,1200,uplink,1.0,S0-QoS,default,class_size_desc,3,0,1.0,644,L6,0.7749482401656315,0.7749482401656315,17,151,2.6,0.2313363032227711,21,1.0267610650992964,0.8013333333333333,21,61,0.0,30.72667499986892,1.0,0.9529411764705882,0.5971717171717171,0.0,0.0,0.0,144.93333333333334
1200,1200,uplink,1.0,S1,default,class_size_desc,3,0,1.0,644,L6,0.9347826086956522,0.9347826086956522,0,0,1.0,0.19251917195953894,21,1.0293466223698782,0.98,19,49,0.0,70.55096099998082,1.0,0.9764705882352941,0.8909090909090909,0.0,18.0,24.0,0.0
1200,1200,uplink,1.0,S2,default,class_size_desc,3,0,1.0,644,L6,0.9720496894409938,0.9720496894409938,0,0,1.0,0.19967122441778404,21,1.0308839190628327,1.0,19,50,0.0,68.13346800004183,1.0,1.0,0.9454545454545454,0.0,18.0,0.0,0.0
1200,1200,uplink,1.0,S2,lambda=0.5xmean,class_size_desc,3,1,1.0,644,L6,0.9720496894409938,0.9720496894409938,0,0,1.0,0.22507714151292132,6,1.1884984025559104,1.0,30,80,0.0,65.87158599995746,1.0,1.0,0.9454545454545454,0.0,18.0,0.0,0.0
1200,1200,uplink,1.0,S2,lambda=1xmean,class_size_desc,3,2,1.0,644,L6,0.9720496894409938,0.9720496894409938,0,0,1.0,0.23882147477904359,5,1.2476038338658146,1.0,37,113,0.0,61.18121899999096,1.0,1.0,0.9454545454545454,0.0,18.0,0.0,0.0
1200,1200,uplink,1.0,S2,lambda=2xmean,class_size_desc,3,4,1.0,644,L6,0.9720496894409938,0.9720496894409938,0,0,1.0,0.27420064606647176,4,1.3647497337593184,1.0,48,152,0.0,59.32864500005053,1.0,1.0,0.9454545454545454,0.0,18.0,0.0,0.0
1200,1200,uplink,1.0,S2,max_paths=1,class_size_desc,1,0,1.0,644,L6,0.9254658385093167,0.9254658385093167,0,0,1.0,0.19117375323453306,21,1.0302013422818792,0.98,19,49,0.0,62.7570450001258,1.0,0.9725490196078431,0.8757575757575757,0.0,18.0,30.0,0.0
1200,1200,uplink,1.0,S2,max_paths=2,class_size_desc,2,0,1.0,644,L6,0.9720496894409938,0.9720496894409938,0,0,1.0,0.19967122441778404,21,1.0308839190628327,1.0,19,50,0.0,55.03480200013655,1.0,1.0,0.9454545454545454,0.0,18.0,0.0,0.0
1200,1200,uplink,1.0,S2,max_paths=4,class_size_desc,4,0,1.0,644,L6,0.9720496894409938,0.9720496894409938,0,0,1.0,0.19967122441778404,21,1.0308839190628327,1.0,19,50,0.0,56.714531999887186,1.0,1.0,0.9454545454545454,0.0,18.0,0.0,0.0
1200,1200,uplink,1.0,S2,order=arrival,arrival,3,0,1.0,644,L6,0.9720496894409938,0.9720496894409938,0,0,1.0,0.19969180780992707,21,1.0308839190628327,1.0,19,50,0.0,55.967160999898624,1.0,1.0,0.9454545454545454,0.0,18.0,0.0,0.0
1200,1200,uplink,1.0,S2,order=class_size_asc,class_size_asc,3,0,1.0,644,L6,0.9720496894409938,0.9720496894409938,0,0,1.0,0.1997482651140908,21,1.0308839190628327,1.0,19,50,0.0,54.75987699992402,1.0,1.0,0.9454545454545454,0.0,18.0,0.0,0.0
1200,1200,uplink,1.0,S2,util_cap=0.9,class_size_desc,3,0,0.9,644,L6,0.968944099378882,0.968944099378882,0,0,0.9,0.19970346473098766,0,1.044337606837607,1.0,21,51,0.0,57.91533399997206,1.0,1.0,0.9393939393939394,0.0,20.0,0.0,0.0
1200,1200,uplink,1.25,S0,default,class_size_desc,3,0,1.0,824,L6,0.675148762918885,0.675148762918885,27,281,3.4,0.29603695769062743,31,1.0241601917352816,0.7115749525616698,21,78,0.0,31.890208000049824,0.6368611383523388,0.6811279015219371,0.677521560797814,0.0,0.0,0.0,267.6774193548387
1200,1200,uplink,1.25,S0-QoS,default,class_size_desc,3,0,1.0,824,L6,0.6752043944813491,0.6752043944813491,27,281,3.4,0.29603695769062743,31,1.0241856651846246,0.7093492517235581,21,78,0.0,31.9571630000155,1.0,0.8865030674846626,0.4521815226903363,0.0,0.0,0.0,267.63157894736844
1200,1200,uplink,1.25,S1,default,class_size_desc,3,0,1.0,824,L6,0.9016990291262136,0.9016990291262136,0,0,1.0,0.23845965655139967,32,1.0533871691341408,0.9375,19,60,0.0,73.72121700018397,1.0,0.9202453987730062,0.8693586698337292,0.0,28.0,53.0,0.0
1200,1200,uplink,1.25,S2,default,class_size_desc,3,0,1.0,824,L6,0.9660194174757282,0.9660194174757282,0,0,1.0,0.2651540813926135,39,1.0887772194304857,1.0,24,77,0.0,58.89064400003008,1.0,0.9969325153374233,0.9358669833729216,0.0,28.0,0.0,0.0
1200,1200,uplink,1.5,S0,default,class_size_desc,3,0,1.0,1020,L6,0.5724869694713328,0.5724869694713328,33,462,4.0,0.36619008132540243,36,1.022797395822043,0.7168127231418371,21,98,0.0,30.718980000074225,0.5318352978708103,0.5784583612929943,0.5751029602225707,0.0,0.0,0.0,436.0632911392405
1200,1200,uplink,1.5,S0-QoS,default,class_size_desc,3,0,1.0,1020,L6,0.5727941176470588,0.5727941176470588,33,462,4.0,0.36619008132540243,36,1.022963913849665,0.70751953125,21,98,0.0,41.67993700002626,1.0,0.806930693069307,0.3159655831739962,0.0,0.0,0.0,435.75
1200,1200,uplink,1.5,S1,default,class_size_desc,3,0,1.0,1020,L6,0.8411764705882353,0.8411764705882353,0,0,1.0,0.28524079628322746,48,1.0940170940170941,0.9428571428571428,24,85,0.0,109.33667000017522,1.0,0.8712871287128713,0.7896749521988528,0.0,41.0,121.0,0.0
1200,1200,uplink,1.5,S2,default,class_size_desc,3,0,1.0,1020,L6,0.9529411764705882,0.9529411764705882,0,0,1.0,0.3698532992237121,60,1.2321673525377228,1.0,46,170,0.0,76.08301699997355,1.0,0.9851485148514851,0.9196940726577438,0.0,48.0,0.0,0.0
1200,1200,uplink,2.0,S0,default,class_size_desc,3,0,1.0,1288,L6,0.454959299409745,0.454959299409745,37,797,5.2,0.4626726064455422,39,1.0227536108991209,0.7155425219941349,21,122,0.0,33.825996999894414,0.4235969688286936,0.46234083093806116,0.45486259324174927,0.0,0.0,0.0,702.0124223602485
1200,1200,uplink,2.0,S0-QoS,default,class_size_desc,3,0,1.0,1288,L6,0.4541900581302755,0.4541900581302755,37,797,5.2,0.4626726064455422,39,1.022863373128277,0.6932164634146342,21,122,0.0,37.816812000073696,0.9830508474576272,0.7022058823529411,0.16798756798756798,0.0,0.0,0.0,703.0032051282051
1200,1200,uplink,2.0,S1,default,class_size_desc,3,0,1.0,1288,L6,0.7895962732919255,0.7895962732919255,0,0,1.0,0.38504657727593505,68,1.233038348082596,0.9,36,143,2.0,209.09206200008157,0.9830508474576272,0.8627450980392157,0.6984848484848485,0.0,96.0,175.0,0.0
1200,1200,uplink,2.0,S2,default,class_size_desc,3,0,1.0,1288,L6,0.8346273291925466,0.8346273291925466,0,0,1.0,0.42427017172430015,80,1.288062015503876,1.0,53,201,0.0,194.41510700016806,1.0,0.9764705882352941,0.6954545454545454,0.0,213.0,0.0,0.0
1200,1200,multi,0.5,S0,default,class_size_desc,3,0,1.0,376,L24;L64;L95,0.9441489361702128,0.9441489361702128,9,21,1.4,0.13792493837937764,12,1.0244131455399061,1.0,10,17,0.0,56.266723000135244,0.9474643004054769,0.9469389670731952,0.9414109206855321,0.0,0.0,0.0,21.000000000000004
1200,1200,multi,0.5,S0-QoS,default,class_size_desc,3,0,1.0,376,L24;L64;L95,0.9441489361702128,0.9441489361702128,9,21,1.4,0.13792493837937764,12,1.0244131455399061,1.0,10,17,0.0,35.10065799991935,1.0,1.0,0.8911917098445596,0.0,0.0,0.0,21.0
1200,1200,multi,0.5,S1,default,class_size_desc,3,0,1.0,376,L24;L64;L95,0.976063829787234,0.976063829787234,0,0,1.0,0.13106462462770874,12,1.0236148955495004,1.0,10,17,0.0,72.4998460000279,1.0,1.0,0.9533678756476683,0.0,3.0,6.0,0.0
1200,1200,multi,0.5,S2,default,class_size_desc,3,0,1.0,376,L24;L64;L95,0.9920212765957447,0.9920212765957447,0,0,1.0,0.13267216117216118,12,1.0232350312779268,1.0,10,17,0.0,55.19915099989703,1.0,1.0,0.9844559585492227,0.0,3.0,0.0,0.0
1200,1200,multi,0.75,S0,default,class_size_desc,3,0,1.0,527,L24;L64;L95,0.8406072106261859,0.8406072106261859,15,84,2.1,0.19312312998527953,16,1.0225733634311513,0.9090909090909091,10,22,0.0,30.63955199991142,0.8177195786739604,0.8444446650651193,0.8417948165292417,0.0,0.0,0.0,84.0
1200,1200,multi,0.75,S0-QoS,default,class_size_desc,3,0,1.0,527,L24;L64;L95,0.8406072106261859,0.8406072106261859,15,84,2.1,0.19312312998527953,16,1.0225733634311513,0.9090909090909091,10,22,0.0,37.72072199990362,1.0,0.9760765550239234,0.7063197026022304,0.0,0.0,0.0,84.0
1200,1200,multi,0.75,S1,default,class_size_desc,3,0,1.0,527,L24;L64;L95,0.952561669829222,0.952561669829222,0,0,1.0,0.1688388321180377,16,1.0199203187250996,0.9090909090909091,10,20,0.0,59.94891899990762,1.0,0.9760765550239234,0.9256505576208178,0.0,10.0,15.0,0.0
1200,1200,multi,0.75,S2,default,class_size_desc,3,0,1.0,527,L24;L64;L95,0.9810246679316889,0.9810246679316889,0,0,1.0,0.17332226729656636,16,1.0219213410702772,1.0,10,22,0.0,51.45442799994271,1.0,1.0,0.9628252788104089,0.0,10.0,0.0,0.0
1200,1200,multi,1.0,S0,default,class_size_desc,3,0,1.0,644,L24;L64;L95,0.7779503105590062,0.7779503105590062,17,143,2.6,0.23644700626476328,21,1.0199600798403194,0.7142857142857143,10,28,0.0,29.835914999921442,0.7490486203799924,0.7799165639014245,0.7815982048567188,0.0,0.0,0.0,143.0
1200,1200,multi,1.0,S0-QoS,default,class_size_desc,3,0,1.0,644,L24;L64;L95,0.7779503105590062,0.7779503105590062,17,143,2.6,0.23644700626476328,21,1.0199600798403194,0.7142857142857143,10,28,0.0,30.393580000009024,1.0,0.9529411764705882,0.603030303030303,0.0,0.0,0.0,143.0
1200,1200,multi,1.0,S1,default,class_size_desc,3,0,1.0,644,L24;L64;L95,0.9316770186335404,0.9316770186335404,0,0,1.0,0.19634386446886448,21,1.0222222222222221,0.8928571428571429,10,25,0.0,70.16720199999327,1.0,0.9764705882352941,0.8848484848484849,0.0,21.0,23.0,0.0
1200,1200,multi,1.0,S2,default,class_size_desc,3,0,1.0,644,L24;L64;L95,0.967391304347826,0.967391304347826,0,0,1.0,0.2031396648522817,21,1.0230069555912253,0.8928571428571429,10,25,0.0,63.42107999989821,1.0,1.0,0.9363636363636364,0.0,21.0,0.0,0.0
1200,1200,multi,1.0,S2,lambda=0.5xmean,class_size_desc,3,1,1.0,644,L24;L64;L95,0.967391304347826,0.967391304347826,0,0,1.0,0.22551053113553113,7,1.1754949170679507,0.875,23,65,0.0,56.12871399989672,1.0,1.0,0.9363636363636364,0.0,21.0,0.0,0.0
1200,1200,multi,1.0,S2,lambda=1xmean,class_size_desc,3,2,1.0,644,L24;L64;L95,0.967391304347826,0.967391304347826,0,0,1.0,0.23931997791927698,5,1.2338148742643125,1.0,22,60,0.0,58.39108700001816,1.0,1.0,0.9363636363636364,0.0,21.0,0.0,0.0
1200,1200,multi,1.0,S2,lambda=2xmean,class_size_desc,3,4,1.0,644,L24;L64;L95,0.967391304347826,0.967391304347826,0,0,1.0,0.265268541816439,4,1.321562332798288,0.95,26,67,0.0,57.834663999983604,1.0,1.0,0.9363636363636364,0.0,21.0,0.0,0.0
1200,1200,multi,1.0,S2,max_paths=1,class_size_desc,1,0,1.0,644,L24;L64;L95,0.9177018633540373,0.9177018633540373,0,0,1.0,0.19350349183526755,21,1.0197405527354766,0.7857142857142857,10,22,0.0,66.70640200013622,1.0,0.9725490196078431,0.8606060606060606,0.0,21.0,32.0,0.0
1200,1200,multi,1.0,S2,max_paths=2,class_size_desc,2,0,1.0,644,L24;L64;L95,0.967391304347826,0.967391304347826,0,0,1.0,0.2031396648522817,21,1.0230069555912253,0.8928571428571429,10,25,0.0,59.95915799985596,1.0,1.0,0.9363636363636364,0.0,21.0,0.0,0.0
1200,1200,multi,1.0,S2,max_paths=4,class_size_desc,4,0,1.0,644,L24;L64;L95,0.967391304347826,0.967391304347826,0,0,1.0,0.2031396648522817,21,1.0230069555912253,0.8928571428571429,10,25,0.0,62.941079999973226,1.0,1.0,0.9363636363636364,0.0,21.0,0.0,0.0
1200,1200,multi,1.0,S2,order=arrival,arrival,3,0,1.0,644,L24;L64;L95,0.967391304347826,0.967391304347826,0,0,1.0,0.2031396648522817,21,1.0230069555912253,0.8928571428571429,10,25,0.0,66.21263600004568,1.0,1.0,0.9363636363636364,0.0,21.0,0.0,0.0
1200,1200,multi,1.0,S2,order=class_size_asc,class_size_asc,3,0,1.0,644,L24;L64;L95,0.967391304347826,0.967391304347826,0,0,1.0,0.2031396648522817,21,1.0230069555912253,0.8928571428571429,10,25,0.0,57.45693500011839,1.0,1.0,0.9363636363636364,0.0,21.0,0.0,0.0
1200,1200,multi,1.0,S2,util_cap=0.9,class_size_desc,3,0,0.9,644,L24;L64;L95,0.9627329192546584,0.9627329192546584,0,0,0.9,0.20102792184451063,0,1.0301075268817204,0.8571428571428571,10,24,0.0,83.05760700000064,1.0,1.0,0.9272727272727272,0.0,24.0,0.0,0.0
1200,1200,multi,1.25,S0,default,class_size_desc,3,0,1.0,824,L24;L64;L95,0.6755663430420712,0.6755663430420712,28,272,3.4,0.3025659469035637,31,1.0179640718562875,0.5555555555555556,10,36,0.0,28.71997200008991,0.6197943973766794,0.6819151724695793,0.6808507169681223,0.0,0.0,0.0,267.3333333333333
1200,1200,multi,1.25,S0-QoS,default,class_size_desc,3,0,1.0,824,L24;L64;L95,0.6758605472197705,0.6758605472197705,28,272,3.4,0.3025659469035637,31,1.0179562520404832,0.5555555555555556,10,36,0.0,33.67137800000819,1.0,0.8865030674846626,0.45346577413085726,0.0,0.0,0.0,267.09090909090907
1200,1200,multi,1.25,S1,default,class_size_desc,3,0,1.0,824,L24;L64;L95,0.8980582524271845,0.8980582524271845,0,0,1.0,0.23992306408544725,33,1.037837837837838,0.8055555555555556,10,29,0.0,73.92098200011787,1.0,0.9202453987730062,0.8622327790973872,0.0,35.0,49.0,0.0
1200,1200,multi,1.25,S2,default,class_size_desc,3,0,1.0,824,L24;L64;L95,0.9575242718446602,0.9575242718446602,0,0,1.0,0.2594936881654171,36,1.0566117448246726,0.8055555555555556,10,29,0.0,58.74287699998604,1.0,0.9969325153374233,0.9192399049881235,0.0,35.0,0.0,0.0
1200,1200,multi,1.5,S0,default,class_size_desc,3,0,1.0,1020,L24;L64;L95,0.5683473389355742,0.5683473389355742,32,457,4.0,0.3743719446441409,36,1.0172498767865943,0.5,10,45,0.0,30.276270000058503,0.5132306549297035,0.5744592607237495,0.5734269473679321,0.0,0.0,0.0,440.2857142857143
1200,1200,multi,1.5,S0-QoS,default,class_size_desc,3,0,1.0,1020,L24;L64;L95,0.5694989106753813,0.5694989106753813,32,457,4.0,0.3743719446441409,36,1.0172149961744452,0.5,10,45,0.0,32.51404699994964,1.0,0.8044554455445545,0.31145103038028465,0.0,0.0,0.0,439.1111111111111
1200,1200,multi,1.5,S1,default,class_size_desc,3,0,1.0,1020,L24;L64;L95,0.842156862745098,0.842156862745098,0,0,1.0,0.2844112962582589,45,1.0725649980597594,0.75,11,37,0.0,84.65791799994804,1.0,0.8688118811881188,0.7934990439770554,0.0,54.0,107.0,0.0
1200,1200,multi,1.5,S2,default,class_size_desc,3,0,1.0,1020,L24;L64;L95,0.9431372549019608,0.9431372549019608,0,0,1.0,0.33386454161103696,52,1.136174636174636,0.75,19,52,0.0,62.939807000020664,1.0,0.9801980198019802,0.904397705544933,0.0,58.0,0.0,0.0
1200,1200,multi,2.0,S0,default,class_size_desc,3,0,1.0,1288,L24;L64;L95,0.45464077253100776,0.45464077253100776,38,790,5.2,0.47289401252952656,39,1.0170771642676417,0.5,10,56,0.0,29.053516999965723,0.40771190918147776,0.46261172619029894,0.4568717111810169,0.0,0.0,0.0,702.4226849800621
1200,1200,multi,2.0,S0-QoS,default,class_size_desc,3,0,1.0,1288,L24;L64;L95,0.4556540007307271,0.4556540007307271,38,790,5.2,0.47289401252952656,39,1.017039190137316,0.5,10,56,0.0,30.12124900010349,0.9830508474576272,0.6980392156862745,0.17406417112299466,0.0,0.0,0.0,701.1176470588235
1200,1200,multi,2.0,S1,default,class_size_desc,3,0,1.0,1288,L24;L64;L95,0.7833850931677019,0.7833850931677019,0,0,1.0,0.3525445123412413,64,1.1522960026428808,0.5714285714285714,17,59,2.0,118.02081699988776,0.9830508474576272,0.8549019607843137,0.6924242424242424,0.0,116.0,163.0,0.0
1200,1200,multi,2.0,S2,default,class_size_desc,3,0,1.0,1288,L24;L64;L95,0.8571428571428571,0.8571428571428571,0,0,1.0,0.4254916726575605,77,1.2493961352657006,0.6296296296296297,29,94,0.0,127.60606300003019,1.0,0.9686274509803922,0.7454545454545455,0.0,184.0,0.0,0.0
1200,1200,recovered,0.5,S0,default,class_size_desc,3,0,1.0,376,,0.9441489361702128,0.9441489361702128,9,21,1.4,0.13037523726273725,12,1.0,nan,6,14,0.0,30.07455200008735,0.9474643004054769,0.9469389670731952,0.9414109206855321,0.0,0.0,0.0,21.000000000000004
1200,1200,recovered,0.5,S0-QoS,default,class_size_desc,3,0,1.0,376,,0.9441489361702128,0.9441489361702128,9,21,1.4,0.13037523726273725,12,1.0,nan,6,14,0.0,30.235262999894985,1.0,1.0,0.8911917098445596,0.0,0.0,0.0,21.0
1200,1200,recovered,0.5,S1,default,class_size_desc,3,0,1.0,376,,0.976063829787234,0.976063829787234,0,0,1.0,0.12370202297702297,12,1.0,nan,5,10,0.0,65.79429099997469,1.0,1.0,0.9533678756476683,0.0,3.0,6.0,0.0
1200,1200,recovered,0.5,S2,default,class_size_desc,3,0,1.0,376,,0.9920212765957447,0.9920212765957447,0,0,1.0,0.12526571761571761,12,1.0,nan,7,13,0.0,52.49264500002937,1.0,1.0,0.9844559585492227,0.0,3.0,0.0,0.0
1200,1200,recovered,0.75,S0,default,class_size_desc,3,0,1.0,527,,0.8444022770398482,0.8444022770398482,14,82,2.1,0.18301429403929403,14,1.0,nan,6,18,0.0,33.55553999995209,0.8177195786739604,0.8492293540603345,0.8455122886482008,0.0,0.0,0.0,82.0
1200,1200,recovered,0.75,S0-QoS,default,class_size_desc,3,0,1.0,527,,0.8444022770398482,0.8444022770398482,14,82,2.1,0.18301429403929403,14,1.0,nan,6,18,0.0,31.424123000078907,1.0,0.9760765550239234,0.7137546468401487,0.0,0.0,0.0,82.0
1200,1200,recovered,0.75,S1,default,class_size_desc,3,0,1.0,527,,0.9563567362428842,0.9563567362428842,0,0,1.0,0.16031956793206792,14,1.0,nan,7,19,0.0,73.06868400019084,1.0,0.9760765550239234,0.9330855018587361,0.0,10.0,13.0,0.0
1200,1200,recovered,0.75,S2,default,class_size_desc,3,0,1.0,527,,0.9810246679316889,0.9810246679316889,0,0,1.0,0.16372758075258076,14,1.0,nan,9,21,0.0,54.97115400021357,1.0,1.0,0.9628252788104089,0.0,10.0,0.0,0.0
1200,1200,recovered,1.0,S0,default,class_size_desc,3,0,1.0,644,,0.7903726708074534,0.7903726708074534,15,135,2.6,0.22382610306360307,19,1.0,nan,6,23,0.0,32.858381999858466,0.7607826490631736,0.7939939897435563,0.7928647161232301,0.0,0.0,0.0,135.0
1200,1200,recovered,1.0,S0-QoS,default,class_size_desc,3,0,1.0,644,,0.7903726708074534,0.7903726708074534,15,135,2.6,0.22382610306360307,19,1.0,nan,6,23,0.0,34.490583999968294,1.0,0.9529411764705882,0.6272727272727273,0.0,0.0,0.0,135.0
1200,1200,recovered,1.0,S1,default,class_size_desc,3,0,1.0,644,,0.9363354037267081,0.9363354037267081,0,0,1.0,0.18622017982017983,19,1.0,nan,9,29,0.0,96.24300499990568,1.0,0.9764705882352941,0.8939393939393939,0.0,18.0,23.0,0.0
1200,1200,recovered,1.0,S2,default,class_size_desc,3,0,1.0,644,,0.9720496894409938,0.9720496894409938,0,0,1.0,0.1928306401931402,19,1.0015974440894568,nan,11,36,0.0,81.88172100017255,1.0,1.0,0.9454545454545454,0.0,18.0,0.0,0.0
1200,1200,recovered,1.0,S2,lambda=0.5xmean,class_size_desc,3,1,1.0,644,,0.9720496894409938,0.9720496894409938,0,0,1.0,0.2176100566100566,6,1.1634717784877529,nan,34,112,0.0,55.43119599997226,1.0,1.0,0.9454545454545454,0.0,18.0,0.0,0.0
1200,1200,recovered,1.0,S2,lambda=1xmean,class_size_desc,3,2,1.0,644,,0.9720496894409938,0.9720496894409938,0,0,1.0,0.23106553862803864,4,1.2209797657082002,nan,39,122,0.0,67.0688010000049,1.0,1.0,0.9454545454545454,0.0,18.0,0.0,0.0
1200,1200,recovered,1.0,S2,lambda=2xmean,class_size_desc,3,4,1.0,644,,0.9720496894409938,0.9720496894409938,0,0,1.0,0.25318861555111555,3,1.2987220447284344,nan,50,168,0.0,61.082865000116726,1.0,1.0,0.9454545454545454,0.0,18.0,0.0,0.0
1200,1200,recovered,1.0,S2,max_paths=1,class_size_desc,1,0,1.0,644,,0.9270186335403726,0.9270186335403726,0,0,1.0,0.18488699217449217,19,1.0005583472920156,nan,9,29,0.0,109.3473509999967,1.0,0.9725490196078431,0.8787878787878788,0.0,18.0,29.0,0.0
1200,1200,recovered,1.0,S2,max_paths=2,class_size_desc,2,0,1.0,644,,0.9720496894409938,0.9720496894409938,0,0,1.0,0.1928306401931402,19,1.0015974440894568,nan,11,36,0.0,75.20905799992761,1.0,1.0,0.9454545454545454,0.0,18.0,0.0,0.0
1200,1200,recovered,1.0,S2,max_paths=4,class_size_desc,4,0,1.0,644,,0.9720496894409938,0.9720496894409938,0,0,1.0,0.1928306401931402,19,1.0015974440894568,nan,11,36,0.0,55.8573250000336,1.0,1.0,0.9454545454545454,0.0,18.0,0.0,0.0
1200,1200,recovered,1.0,S2,order=arrival,arrival,3,0,1.0,644,,0.9720496894409938,0.9720496894409938,0,0,1.0,0.1928306401931402,19,1.0015974440894568,nan,11,36,0.0,76.12420300006306,1.0,1.0,0.9454545454545454,0.0,18.0,0.0,0.0
1200,1200,recovered,1.0,S2,order=class_size_asc,class_size_asc,3,0,1.0,644,,0.9720496894409938,0.9720496894409938,0,0,1.0,0.1928306401931402,19,1.0015974440894568,nan,11,36,0.0,74.67473499991684,1.0,1.0,0.9454545454545454,0.0,18.0,0.0,0.0
1200,1200,recovered,1.0,S2,util_cap=0.9,class_size_desc,3,0,0.9,644,,0.968944099378882,0.968944099378882,0,0,0.9,0.19125294705294704,0,1.0090811965811965,nan,11,38,0.0,72.63958900011858,1.0,1.0,0.9393939393939394,0.0,20.0,0.0,0.0
1200,1200,recovered,1.25,S0,default,class_size_desc,3,0,1.0,824,,0.6949838187702265,0.6949838187702265,26,256,3.4,0.28636779054279055,30,1.0,nan,6,29,0.0,34.471968999923774,0.6411847717082302,0.7027607725759442,0.6988014902265444,0.0,0.0,0.0,251.33333333333334
1200,1200,recovered,1.25,S0-QoS,default,class_size_desc,3,0,1.0,824,,0.6952780229479258,0.6952780229479258,26,256,3.4,0.28636779054279055,30,1.0,nan,6,29,0.0,35.30271699992227,1.0,0.8865030674846626,0.4914705247246815,0.0,0.0,0.0,251.0909090909091
1200,1200,recovered,1.25,S1,default,class_size_desc,3,0,1.0,824,,0.9065533980582524,0.9065533980582524,0,0,1.0,0.228742673992674,32,1.0160642570281124,nan,11,45,0.0,81.99678699998003,1.0,0.9202453987730062,0.8788598574821853,0.0,28.0,49.0,0.0
1200,1200,recovered,1.25,S2,default,class_size_desc,3,0,1.0,824,,0.9660194174757282,0.9660194174757282,0,0,1.0,0.24777955377955377,34,1.0360134003350083,nan,16,63,0.0,82.852401999844,1.0,0.9969325153374233,0.9358669833729216,0.0,28.0,0.0,0.0
1200,1200,recovered,1.5,S0,default,class_size_desc,3,0,1.0,1020,,0.5879551820728292,0.5879551820728292,32,437,4.0,0.3542013403263403,36,1.0,nan,6,37,0.0,37.499926999998934,0.5376685825934376,0.5952493832142595,0.5912626323413676,0.0,0.0,0.0,420.2857142857143
1200,1200,recovered,1.5,S0-QoS,default,class_size_desc,3,0,1.0,1020,,0.5891067538126362,0.5891067538126362,32,437,4.0,0.3542013403263403,36,1.0,nan,6,37,0.0,68.28418999998576,1.0,0.8143564356435643,0.3420437646059061,0.0,0.0,0.0,419.1111111111111
1200,1200,recovered,1.5,S1,default,class_size_desc,3,0,1.0,1020,,0.8539215686274509,0.8539215686274509,0,0,1.0,0.27307338911088913,46,1.0524301569077688,nan,14,77,0.0,151.29635199991753,1.0,0.8787128712871287,0.8087954110898662,0.0,41.0,108.0,0.0
1200,1200,recovered,1.5,S2,default,class_size_desc,3,0,1.0,1020,,0.957843137254902,0.957843137254902,0,0,1.0,0.3231571636696637,52,1.1200955305356532,nan,24,116,0.0,105.85575300001437,1.0,0.9851485148514851,0.9292543021032504,0.0,43.0,0.0,0.0
1200,1200,recovered,2.0,S0,default,class_size_desc,3,0,1.0,1288,,0.46730529268945176,0.46730529268945176,37,776,5.2,0.44765220612720613,39,1.0,nan,6,46,0.0,44.52680600002168,0.4272686236534465,0.47576477975255965,0.46792648745318444,0.0,0.0,0.0,686.1107830159862
1200,1200,recovered,2.0,S0-QoS,default,class_size_desc,3,0,1.0,1288,,0.4679768228361579,0.4679768228361579,37,776,5.2,0.44765220612720613,39,1.0,nan,6,46,0.0,33.445463999896674,0.9830508474576272,0.7176470588235294,0.18296083001965355,0.0,0.0,0.0,685.2458521870286
1200,1200,recovered,2.0,S1,default,class_size_desc,3,0,1.0,1288,,0.8020186335403726,0.8020186335403726,0,0,1.0,0.3455027972027972,64,1.1403678606001937,nan,21,123,2.0,148.41606000004504,0.9830508474576272,0.8745098039215686,0.7136363636363636,0.0,92.0,163.0,0.0
1200,1200,recovered,2.0,S2,default,class_size_desc,3,0,1.0,1288,,0.8804347826086957,0.8804347826086957,0,0,1.0,0.42272109557109555,80,1.2486772486772486,nan,33,166,0.0,87.76635799995347,1.0,0.9764705882352941,0.7848484848484848,0.0,154.0,0.0,0.0
1300,1300,healthy,0.5,S0,default,class_size_desc,3,0,1.0,395,,0.9848101265822785,0.9848101265822785,2,6,1.4,0.11820839486112017,3,1.0,nan,0,0,0.0,41.66812499988737,0.971042471042471,0.9862914862914863,0.9861830742659758,0.0,0.0,0.0,6.0
1300,1300,healthy,0.5,S0-QoS,default,class_size_desc,3,0,1.0,395,,0.9848101265822785,0.9848101265822785,2,6,1.4,0.11820839486112017,3,1.0,nan,0,0,0.0,45.36271300003136,1.0,1.0,0.9689119170984456,0.0,0.0,0.0,6.0
1300,1300,healthy,0.5,S1,default,class_size_desc,3,0,1.0,395,,0.9873417721518988,0.9873417721518988,0,0,1.0,0.11554431582089435,3,1.0,nan,0,0,0.0,87.3405190000085,1.0,1.0,0.9740932642487047,0.0,4.0,1.0,0.0
1300,1300,healthy,0.5,S2,default,class_size_desc,3,0,1.0,395,,0.9898734177215189,0.9898734177215189,0,0,1.0,0.1158011965548393,3,1.0,nan,0,0,0.0,94.0292729999328,1.0,1.0,0.9792746113989638,0.0,4.0,0.0,0.0
1300,1300,healthy,0.75,S0,default,class_size_desc,3,0,1.0,532,,0.9624060150375939,0.9624060150375939,4,20,1.8,0.15862045509805897,10,1.0,nan,0,0,0.0,47.81272800005354,0.9464436026936027,0.9644533195418151,0.9635823909079723,0.0,0.0,0.0,20.0
1300,1300,healthy,0.75,S0-QoS,default,class_size_desc,3,0,1.0,532,,0.9624060150375939,0.9624060150375939,4,20,1.8,0.15862045509805897,10,1.0,nan,0,0,0.0,46.92981200014401,1.0,1.0,0.9224806201550387,0.0,0.0,0.0,20.0
1300,1300,healthy,0.75,S1,default,class_size_desc,3,0,1.0,532,,0.9793233082706767,0.9793233082706767,0,0,1.0,0.15179688417357062,10,1.0,nan,0,0,0.0,80.75021999979981,1.0,1.0,0.9573643410852714,0.0,8.0,3.0,0.0
1300,1300,healthy,0.75,S2,default,class_size_desc,3,0,1.0,532,,0.9849624060150376,0.9849624060150376,0,0,1.0,0.15305682301149112,10,1.0025445292620865,nan,0,0,0.0,72.44610599991574,1.0,1.0,0.9689922480620154,0.0,8.0,0.0,0.0
1300,1300,healthy,1.0,S0,default,class_size_desc,3,0,1.0,662,,0.9108761329305136,0.9108761329305136,12,59,2.3,0.19695712921724795,20,1.0,nan,0,0,0.0,47.3879510000188,0.8644433989777821,0.9201882080818575,0.9112576179792201,0.0,0.0,0.0,59.0
1300,1300,healthy,1.0,S0-QoS,default,class_size_desc,3,0,1.0,662,,0.9108761329305136,0.9108761329305136,12,59,2.3,0.19695712921724795,20,1.0,nan,0,0,0.0,46.228337000002284,1.0,0.9857651245551602,0.8291925465838509,0.0,0.0,0.0,59.0
1300,1300,healthy,1.0,S1,default,class_size_desc,3,0,1.0,662,,0.9531722054380665,0.9531722054380665,0,0,1.0,0.18340999053114543,19,1.0100369783412573,nan,0,0,0.0,92.70452900000237,1.0,0.9893238434163701,0.9130434782608695,0.0,13.0,18.0,0.0
1300,1300,healthy,1.0,S2,default,class_size_desc,3,0,1.0,662,,0.9803625377643505,0.9803625377643505,0,0,1.0,0.19091588830309825,19,1.0184899845916795,nan,0,0,0.0,60.12007000003905,1.0,0.99644128113879,0.9627329192546584,0.0,13.0,0.0,0.0
1300,1300,healthy,1.0,S2,lambda=0.5xmean,class_size_desc,3,1,1.0,662,,0.9803625377643505,0.9803625377643505,0,0,1.0,0.2266168306419251,2,1.204417051874679,nan,0,0,0.0,66.38909699995565,1.0,0.99644128113879,0.9627329192546584,0.0,13.0,0.0,0.0
1300,1300,healthy,1.0,S2,lambda=1xmean,class_size_desc,3,2,1.0,662,,0.9803625377643505,0.9803625377643505,0,0,1.0,0.241768466737436,2,1.260914227015922,nan,0,0,0.0,88.51095399995756,1.0,0.99644128113879,0.9627329192546584,0.0,13.0,0.0,0.0
1300,1300,healthy,1.0,S2,lambda=2xmean,class_size_desc,3,4,1.0,662,,0.9803625377643505,0.9803625377643505,0,0,1.0,0.2598716485888639,2,1.3174114021571648,nan,0,0,0.0,63.303559000132736,1.0,0.99644128113879,0.9627329192546584,0.0,13.0,0.0,0.0
1300,1300,healthy,1.0,S2,max_paths=1,class_size_desc,1,0,1.0,662,,0.9577039274924471,0.9577039274924471,0,0,1.0,0.18456901193787326,19,1.010515247108307,nan,0,0,0.0,81.1184100000446,1.0,0.9928825622775801,0.9192546583850931,0.0,13.0,15.0,0.0
1300,1300,healthy,1.0,S2,max_paths=2,class_size_desc,2,0,1.0,662,,0.9803625377643505,0.9803625377643505,0,0,1.0,0.19091588830309825,19,1.0184899845916795,nan,0,0,0.0,64.98845999999503,1.0,0.99644128113879,0.9627329192546584,0.0,13.0,0.0,0.0
1300,1300,healthy,1.0,S2,max_paths=4,class_size_desc,4,0,1.0,662,,0.9803625377643505,0.9803625377643505,0,0,1.0,0.19091588830309825,19,1.0184899845916795,nan,0,0,0.0,59.14417000008143,1.0,0.99644128113879,0.9627329192546584,0.0,13.0,0.0,0.0
1300,1300,healthy,1.0,S2,order=arrival,arrival,3,0,1.0,662,,0.9803625377643505,0.9803625377643505,0,0,1.0,0.19091588830309825,19,1.0184899845916795,nan,0,0,0.0,65.93895300011354,1.0,0.99644128113879,0.9627329192546584,0.0,13.0,0.0,0.0
1300,1300,healthy,1.0,S2,order=class_size_asc,class_size_asc,3,0,1.0,662,,0.9803625377643505,0.9803625377643505,0,0,1.0,0.19091588830309825,19,1.0184899845916795,nan,0,0,0.0,72.62416899993696,1.0,0.99644128113879,0.9627329192546584,0.0,13.0,0.0,0.0
1300,1300,healthy,1.0,S2,util_cap=0.9,class_size_desc,3,0,0.9,662,,0.9773413897280967,0.9773413897280967,0,0,0.9,0.19395109801154053,0,1.0365790829469346,nan,0,0,0.0,61.119093000115754,1.0,0.9928825622775801,0.9596273291925466,0.0,15.0,0.0,0.0
1300,1300,healthy,1.25,S0,default,class_size_desc,3,0,1.0,838,,0.7863535629048756,0.7863535629048756,28,207,2.9,0.24912300220017436,35,1.0,nan,0,0,0.0,55.0261060000139,0.7306949787141198,0.8012502982953853,0.7833213840464494,0.0,0.0,0.0,179.03571428571428
1300,1300,healthy,1.25,S0-QoS,default,class_size_desc,3,0,1.0,838,,0.7848863969895413,0.7848863969895413,28,207,2.9,0.24912300220017436,35,1.0,nan,0,0,0.0,34.532212000158324,1.0,0.9662921348314607,0.5885936446876178,0.0,0.0,0.0,180.26519932276435
1300,1300,healthy,1.25,S1,default,class_size_desc,3,0,1.0,838,,0.9164677804295943,0.9164677804295943,0,0,1.0,0.23092051796018337,38,1.0421006944444444,nan,0,0,0.0,92.81220999992001,1.0,0.9691011235955056,0.8557457212713936,0.0,24.0,46.0,0.0
1300,1300,healthy,1.25,S2,default,class_size_desc,3,0,1.0,838,,0.9689737470167065,0.9689737470167065,0,0,1.0,0.25041598615451827,39,1.0656814449917897,nan,0,0,0.0,65.84468500000185,1.0,0.9887640449438202,0.9462102689486552,0.0,26.0,0.0,0.0
1300,1300,healthy,1.5,S0,default,class_size_desc,3,0,1.0,1057,,0.6325282967547514,0.6325282967547514,38,532,3.7,0.3151655240783681,42,1.0,nan,0,0,0.0,30.242868000186718,0.5789259846414375,0.6423356421767095,0.6340268324920035,0.0,0.0,0.0,388.41759033022777
1300,1300,healthy,1.5,S0-QoS,default,class_size_desc,3,0,1.0,1057,,0.6276007736270227,0.6276007736270227,38,532,3.7,0.3151655240783681,42,1.0,nan,0,0,0.0,34.47307099986574,1.0,0.9237668161434978,0.30169712179371466,0.0,0.0,0.0,393.6259822762369
1300,1300,healthy,1.5,S1,default,class_size_desc,3,0,1.0,1057,,0.8675496688741722,0.8675496688741722,0,0,1.0,0.29701441084549557,48,1.113776808433297,nan,0,0,0.0,91.2402619999284,1.0,0.9461883408071748,0.7747572815533981,0.0,40.0,100.0,0.0
1300,1300,healthy,1.5,S2,default,class_size_desc,3,0,1.0,1057,,0.9413434247871334,0.9413434247871334,0,0,1.0,0.33253395641954736,53,1.157788944723618,nan,0,0,0.0,111.93037499992897,1.0,0.9820627802690582,0.8951456310679612,0.0,62.0,0.0,0.0
1300,1300,healthy,2.0,S0,default,class_size_desc,3,0,1.0,1324,,0.5032869398942126,0.5032869398942126,43,1034,4.6,0.3939142584344959,43,1.0,nan,0,0,0.0,33.46449999980905,0.4624777584023987,0.5120569539490357,0.5031110633681619,0.0,0.0,0.0,657.6480915800626
1300,1300,healthy,2.0,S0-QoS,default,class_size_desc,3,0,1.0,1324,,0.49283346734045136,0.49283346734045136,43,1034,4.6,0.3939142584344959,43,1.0,nan,0,0,0.0,29.67662600008225,1.0,0.8209556035237151,0.11356282853793437,0.0,0.0,0.0,671.4884892412424
1300,1300,healthy,2.0,S1,default,class_size_desc,3,0,1.0,1324,,0.7945619335347432,0.7945619335347432,0,0,1.0,0.35915758229897465,68,1.1844106463878328,nan,0,0,0.0,148.2381969999551,1.0,0.8896797153024911,0.6739130434782609,0.0,126.0,146.0,0.0
1300,1300,healthy,2.0,S2,default,class_size_desc,3,0,1.0,1324,,0.8610271903323263,0.8610271903323263,0,0,1.0,0.4005397148273565,74,1.2309941520467835,nan,0,0,0.0,94.49776099995688,1.0,0.9715302491103203,0.7391304347826086,0.0,184.0,0.0,0.0
1300,1300,uplink,0.5,S0,default,class_size_desc,3,0,1.0,395,L6,0.9828154967395474,0.9828154967395474,3,7,1.4,0.12376338712123026,4,1.0602867327557048,0.988903115663679,32,75,0.0,39.11001699998451,0.9698139698139698,0.9838121474485111,0.9844559585492229,0.0,0.0,0.0,6.787878787878787
1300,1300,uplink,0.5,S0-QoS,default,class_size_desc,3,0,1.0,395,L6,0.9828895678742907,0.9828895678742907,3,7,1.4,0.12376338712123026,4,1.0603073097077893,0.9893152015541525,32,75,0.0,31.168883999953323,1.0,1.0,0.9649812399499732,0.0,0.0,0.0,6.758620689655172
1300,1300,uplink,0.5,S1,default,class_size_desc,3,0,1.0,395,L6,0.9873417721518988,0.9873417721518988,0,0,1.0,0.12091367202151516,4,1.0606837606837607,1.0,31,71,0.0,53.201004000129615,1.0,1.0,0.9740932642487047,0.0,4.0,1.0,0.0
1300,1300,uplink,0.5,S2,default,class_size_desc,3,0,1.0,395,L6,0.9898734177215189,0.9898734177215189,0,0,1.0,0.12117293128077442,4,1.0605285592497868,1.0,30,71,0.0,53.18281899985777,1.0,1.0,0.9792746113989638,0.0,4.0,0.0,0.0
1300,1300,uplink,0.75,S0,default,class_size_desc,3,0,1.0,532,L6,0.9226577680155444,0.9226577680155444,6,46,1.8,0.1660766986281692,12,1.0487951899159151,0.7726229310136523,32,101,0.0,32.509538000113025,0.9239716925812431,0.9157061782471945,0.9285026940174576,0.0,0.0,0.0,41.146067415730336
1300,1300,uplink,0.75,S0-QoS,default,class_size_desc,3,0,1.0,532,L6,0.9254056193114365,0.9254056193114365,6,46,1.8,0.1660766986281692,12,1.0496400826740788,0.7883418222976797,32,101,0.0,31.871802000068783,1.0,1.0,0.8461852305181559,0.0,0.0,0.0,39.68421052631579
1300,1300,uplink,0.75,S1,default,class_size_desc,3,0,1.0,532,L6,0.9736842105263158,0.9736842105263158,0,0,1.0,0.16044203236850296,11,1.0675675675675675,0.967741935483871,30,90,0.0,59.094626999922184,1.0,1.0,0.9457364341085271,0.0,8.0,6.0,0.0
1300,1300,uplink,0.75,S2,default,class_size_desc,3,0,1.0,532,L6,0.9849624060150376,0.9849624060150376,0,0,1.0,0.16414154735968461,11,1.0756997455470738,1.0,32,95,0.0,56.107303999851865,1.0,1.0,0.9689922480620154,0.0,8.0,0.0,0.0
1300,1300,uplink,1.0,S0,default,class_size_desc,3,0,1.0,662,L6,0.8529483167889512,0.8529483167889512,14,111,2.3,0.206295407479231,21,1.0422985088787338,0.6513798701298701,32,127,0.0,34.33154599997579,0.8430047387679355,0.8487914109288326,0.8583978871303589,0.0,0.0,0.0,97.34821428571428
1300,1300,uplink,1.0,S0-QoS,default,class_size_desc,3,0,1.0,662,L6,0.8564954682779456,0.8564954682779456,14,111,2.3,0.206295407479231,21,1.043503821281599,0.6727272727272727,32,127,0.0,32.46709900008682,1.0,0.9857651245551602,0.717391304347826,0.0,0.0,0.0,95.0
1300,1300,uplink,1.0,S1,default,class_size_desc,3,0,1.0,662,L6,0.9410876132930514,0.9410876132930514,0,0,1.0,0.19373648718746758,19,1.0791867308721241,0.9272727272727272,28,102,0.0,68.70403800007807,1.0,0.9893238434163701,0.8881987577639752,0.0,13.0,26.0,0.0
1300,1300,uplink,1.0,S2,default,class_size_desc,3,0,1.0,662,L6,0.9803625377643505,0.9803625377643505,0,0,1.0,0.2053171750181554,20,1.0929635336414998,1.0,28,111,0.0,60.303272999817636,1.0,0.99644128113879,0.9627329192546584,0.0,13.0,0.0,0.0
1300,1300,uplink,1.0,S2,lambda=0.5xmean,class_size_desc,3,1,1.0,662,L6,0.9803625377643505,0.9803625377643505,0,0,1.0,0.25004076587900115,4,1.2865947611710324,1.0,52,164,0.0,64.06895500003884,1.0,0.99644128113879,0.9627329192546584,0.0,13.0,0.0,0.0
1300,1300,uplink,1.0,S2,lambda=1xmean,class_size_desc,3,2,1.0,662,L6,0.9803625377643505,0.9803625377643505,0,0,1.0,0.26327006771369516,5,1.3240883410374935,1.0,62,202,0.0,60.608115000150065,1.0,0.99644128113879,0.9627329192546584,0.0,13.0,0.0,0.0
1300,1300,uplink,1.0,S2,lambda=2xmean,class_size_desc,3,4,1.0,662,L6,0.9803625377643505,0.9803625377643505,0,0,1.0,0.28597099723080116,5,1.3949666153055984,1.0,74,236,0.0,60.317650000115464,1.0,0.99644128113879,0.9627329192546584,0.0,13.0,0.0,0.0
1300,1300,uplink,1.0,S2,max_paths=1,class_size_desc,1,0,1.0,662,L6,0.9531722054380665,0.9531722054380665,0,0,1.0,0.19740954715219422,20,1.0839936608557845,0.9727272727272728,28,107,0.0,69.72795799993037,1.0,0.9928825622775801,0.9099378881987578,0.0,13.0,18.0,0.0
1300,1300,uplink,1.0,S2,max_paths=2,class_size_desc,2,0,1.0,662,L6,0.9803625377643505,0.9803625377643505,0,0,1.0,0.2053171750181554,20,1.0929635336414998,1.0,28,111,0.0,60.181495000051655,1.0,0.99644128113879,0.9627329192546584,0.0,13.0,0.0,0.0
1300,1300,uplink,1.0,S2,max_paths=4,class_size_desc,4,0,1.0,662,L6,0.9803625377643505,0.9803625377643505,0,0,1.0,0.2053171750181554,20,1.0929635336414998,1.0,28,111,0.0,55.90681800003949,1.0,0.99644128113879,0.9627329192546584,0.0,13.0,0.0,0.0
1300,1300,uplink,1.0,S2,order=arrival,arrival,3,0,1.0,662,L6,0.9803625377643505,0.9803625377643505,0,0,1.0,0.2053171750181554,20,1.0929635336414998,1.0,28,111,0.0,56.77767099996345,1.0,0.99644128113879,0.9627329192546584,0.0,13.0,0.0,0.0
1300,1300,uplink,1.0,S2,order=class_size_asc,class_size_asc,3,0,1.0,662,L6,0.9803625377643505,0.9803625377643505,0,0,1.0,0.2053171750181554,20,1.0929635336414998,1.0,29,114,0.0,58.91419800013864,1.0,0.99644128113879,0.9627329192546584,0.0,13.0,0.0,0.0
1300,1300,uplink,1.0,S2,util_cap=0.9,class_size_desc,3,0,0.9,662,L6,0.9773413897280967,0.9773413897280967,0,0,0.9,0.2111439704086763,0,1.1210716125708398,1.0,37,122,0.0,68.67135699985738,1.0,0.9928825622775801,0.9596273291925466,0.0,15.0,0.0,0.0
1300,1300,uplink,1.25,S0,default,class_size_desc,3,0,1.0,838,L6,0.739049138663046,0.739049138663046,29,262,2.9,0.2609535570638512,35,1.0386041594208164,0.6440480585689261,32,161,0.0,33.0223810001371,0.7135234564297286,0.7424550914635192,0.7406404726632019,0.0,0.0,0.0,218.6768218003674
1300,1300,uplink,1.25,S0-QoS,default,class_size_desc,3,0,1.0,838,L6,0.7404394097073627,0.7404394097073627,29,262,2.9,0.2609535570638512,35,1.039466638487255,0.6635733729274932,32,161,0.0,44.83148799999981,1.0,0.9226566107434201,0.5355072662838933,0.0,0.0,0.0,217.5117746652301
1300,1300,uplink,1.25,S1,default,class_size_desc,3,0,1.0,838,L6,0.9033412887828163,0.9033412887828163,0,0,1.0,0.24763554310613134,36,1.127697049757816,0.944,31,143,0.0,95.75488900009077,1.0,0.9606741573033708,0.8361858190709046,0.0,24.0,57.0,0.0
1300,1300,uplink,1.25,S2,default,class_size_desc,3,0,1.0,838,L6,0.9689737470167065,0.9689737470167065,0,0,1.0,0.2808553791887125,39,1.1711822660098523,1.0,42,176,0.0,113.16852699997071,1.0,0.9887640449438202,0.9462102689486552,0.0,26.0,0.0,0.0
1300,1300,uplink,1.5,S0,default,class_size_desc,3,0,1.0,1057,L6,0.5944545888811631,0.5944545888811631,38,583,3.7,0.3300587946004613,42,1.0379247618887177,0.6398196870659572,32,202,0.0,36.218555000004926,0.5654970471291173,0.5958039374897713,0.5986839374806914,0.0,0.0,0.0,428.6614995526107
1300,1300,uplink,1.5,S0-QoS,default,class_size_desc,3,0,1.0,1057,L6,0.592398873112563,0.592398873112563,38,583,3.7,0.3300587946004613,42,1.0385438470564425,0.6605471824139778,32,202,0.0,33.68361000002551,1.0,0.8641356376278531,0.28108954271447883,0.0,0.0,0.0,430.83439112002094
1300,1300,uplink,1.5,S1,default,class_size_desc,3,0,1.0,1057,L6,0.8580889309366131,0.8580889309366131,0,0,1.0,0.3318290538437597,51,1.223079750091878,1.0076923076923077,41,192,0.0,139.80077299993354,1.0,0.9417040358744395,0.7592233009708738,0.0,39.0,111.0,0.0
1300,1300,uplink,1.5,S2,default,class_size_desc,3,0,1.0,1057,L6,0.9337748344370861,0.9337748344370861,0,0,1.0,0.39538525780682643,66,1.3137453562985477,1.0,50,229,0.0,104.56417000000329,1.0,0.9820627802690582,0.8796116504854369,0.0,70.0,0.0,0.0
1300,1300,uplink,2.0,S0,default,class_size_desc,3,0,1.0,1324,L6,0.4732525462987745,0.4732525462987745,43,1079,4.6,0.412590814958462,43,1.0381175360100665,0.6430937657748612,32,254,0.0,35.16704200001186,0.45175842829747537,0.4750555598839701,0.47561747221379536,0.0,0.0,0.0,697.4136287004226
1300,1300,uplink,2.0,S0-QoS,default,class_size_desc,3,0,1.0,1324,L6,0.46620639622052384,0.46620639622052384,43,1079,4.6,0.412590814958462,43,1.0389479993118569,0.6716780500870497,32,254,0.0,34.38103900020906,1.0,0.7546669164013236,0.11666841860004618,0.0,0.0,0.0,706.7427314040264
1300,1300,uplink,2.0,S1,default,class_size_desc,3,0,1.0,1324,L6,0.7545317220543807,0.7545317220543807,0,0,1.0,0.3961318082788671,70,1.30663997330664,0.9461538461538461,51,237,0.0,164.19478100010565,1.0,0.8879003558718861,0.593167701863354,0.0,176.0,149.0,0.0
1300,1300,uplink,2.0,S2,default,class_size_desc,3,0,1.0,1324,L6,0.8058912386706949,0.8058912386706949,0,0,1.0,0.42364869281045753,78,1.3277100905966885,0.96,59,265,0.0,154.98089200013965,1.0,0.9715302491103203,0.6257763975155279,0.0,257.0,0.0,0.0
1300,1300,multi,0.5,S0,default,class_size_desc,3,0,1.0,395,L10;L39;L57,0.9696202531645569,0.9696202531645569,4,12,1.4,0.13327013635642937,7,1.0609225413402958,0.9090909090909091,31,66,0.0,33.58631800006151,0.9433719433719434,0.9753246753246754,0.9697754749568221,0.0,0.0,0.0,12.0
1300,1300,multi,0.5,S0-QoS,default,class_size_desc,3,0,1.0,395,L10;L39;L57,0.9696202531645569,0.9696202531645569,4,12,1.4,0.13327013635642937,7,1.0609225413402958,0.9090909090909091,31,66,0.0,32.74683300014658,1.0,1.0,0.9378238341968912,0.0,0.0,0.0,12.0
1300,1300,multi,0.5,S1,default,class_size_desc,3,0,1.0,395,L10;L39;L57,0.979746835443038,0.979746835443038,0,0,1.0,0.12861556451317827,7,1.0628768303186908,0.9545454545454546,31,63,0.0,56.6693989999294,1.0,1.0,0.9585492227979274,0.0,4.0,4.0,0.0
1300,1300,multi,0.5,S2,default,class_size_desc,3,0,1.0,395,L10;L39;L57,0.9898734177215189,0.9898734177215189,0,0,1.0,0.12985141356978205,7,1.0647911338448424,1.0,31,66,0.0,51.33616600005553,1.0,1.0,0.9792746113989638,0.0,4.0,0.0,0.0
1300,1300,multi,0.75,S0,default,class_size_desc,3,0,1.0,532,L10;L39;L57,0.9191729323308271,0.9191729323308271,8,43,2.0,0.17895393193561895,14,1.0518064076346285,0.7415730337078652,31,89,0.0,30.026100999975824,0.8673170001295001,0.927420109389136,0.921596276247439,0.0,0.0,0.0,43.0
1300,1300,multi,0.75,S0-QoS,default,class_size_desc,3,0,1.0,532,L10;L39;L57,0.9191729323308271,0.9191729323308271,8,43,2.0,0.17895393193561895,14,1.0518064076346285,0.7415730337078652,31,89,0.0,29.70403700010138,1.0,0.995575221238938,0.8372093023255814,0.0,0.0,0.0,43.0
1300,1300,multi,0.75,S1,default,class_size_desc,3,0,1.0,532,L10;L39;L57,0.9661654135338346,0.9661654135338346,0,0,1.0,0.16593769031560374,14,1.059662775616083,0.9213483146067416,31,82,0.0,54.34421699987979,1.0,1.0,0.9302325581395349,0.0,12.0,6.0,0.0
1300,1300,multi,0.75,S2,default,class_size_desc,3,0,1.0,532,L10;L39;L57,0.9774436090225563,0.9774436090225563,0,0,1.0,0.16829303622755343,14,1.0647435897435897,0.956989247311828,32,87,0.0,76.54912099997091,1.0,1.0,0.9534883720930233,0.0,12.0,0.0,0.0
1300,1300,multi,1.0,S0,default,class_size_desc,3,0,1.0,662,L10;L39;L57,0.8580060422960725,0.8580060422960725,16,94,2.5,0.22206908888373927,22,1.0469483568075117,0.6666666666666666,31,110,0.0,31.41673899995112,0.7835111955879516,0.8731974188836159,0.8583986483043937,0.0,0.0,0.0,94.0
1300,1300,multi,1.0,S0-QoS,default,class_size_desc,3,0,1.0,662,L10;L39;L57,0.8580060422960725,0.8580060422960725,16,94,2.5,0.22206908888373927,22,1.0469483568075117,0.6666666666666666,31,110,0.0,30.072528000118837,1.0,0.9715302491103203,0.7329192546583851,0.0,0.0,0.0,94.0
1300,1300,multi,1.0,S1,default,class_size_desc,3,0,1.0,662,L10;L39;L57,0.945619335347432,0.945619335347432,0,0,1.0,0.20020300602098604,23,1.073482428115016,0.956140350877193,33,109,0.0,76.83082800008378,1.0,0.9786476868327402,0.906832298136646,0.0,20.0,16.0,0.0
1300,1300,multi,1.0,S2,default,class_size_desc,3,0,1.0,662,L10;L39;L57,0.9697885196374623,0.9697885196374623,0,0,1.0,0.2075328664121672,23,1.0835929387331256,0.9435483870967742,35,115,0.0,63.828483999941454,1.0,0.9928825622775801,0.9440993788819876,0.0,20.0,0.0,0.0
1300,1300,multi,1.0,S2,lambda=0.5xmean,class_size_desc,3,1,1.0,662,L10;L39;L57,0.9697885196374623,0.9697885196374623,0,0,1.0,0.2398596024766946,5,1.2487019730010385,0.9117647058823529,45,152,0.0,59.95593199986615,1.0,0.9928825622775801,0.9440993788819876,0.0,20.0,0.0,0.0
1300,1300,multi,1.0,S2,lambda=1xmean,class_size_desc,3,2,1.0,662,L10;L39;L57,0.9697885196374623,0.9697885196374623,0,0,1.0,0.25313677212539587,4,1.2954309449636552,0.9714285714285714,51,166,0.0,57.96444700013126,1.0,0.9928825622775801,0.9440993788819876,0.0,20.0,0.0,0.0
1300,1300,multi,1.0,S2,lambda=2xmean,class_size_desc,3,4,1.0,662,L10;L39;L57,0.9697885196374623,0.9697885196374623,0,0,1.0,0.27331402735259563,5,1.3572170301142263,0.9733333333333334,68,218,0.0,57.7363489999243,1.0,0.9928825622775801,0.9440993788819876,0.0,20.0,0.0,0.0
1300,1300,multi,1.0,S2,max_paths=1,class_size_desc,1,0,1.0,662,L10;L39;L57,0.9410876132930514,0.9410876132930514,0,0,1.0,0.19893571042350178,23,1.0706260032102728,0.9026548672566371,33,105,0.0,80.4026480000175,1.0,0.9822064056939501,0.8944099378881988,0.0,20.0,19.0,0.0
1300,1300,multi,1.0,S2,max_paths=2,class_size_desc,2,0,1.0,662,L10;L39;L57,0.9697885196374623,0.9697885196374623,0,0,1.0,0.2075328664121672,23,1.0835929387331256,0.9435483870967742,35,115,0.0,59.015547999933915,1.0,0.9928825622775801,0.9440993788819876,0.0,20.0,0.0,0.0
1300,1300,multi,1.0,S2,max_paths=4,class_size_desc,4,0,1.0,662,L10;L39;L57,0.9697885196374623,0.9697885196374623,0,0,1.0,0.2075328664121672,23,1.0835929387331256,0.9435483870967742,35,115,0.0,86.20337600018502,1.0,0.9928825622775801,0.9440993788819876,0.0,20.0,0.0,0.0
1300,1300,multi,1.0,S2,order=arrival,arrival,3,0,1.0,662,L10;L39;L57,0.9697885196374623,0.9697885196374623,0,0,1.0,0.20749995121415765,23,1.0835929387331256,0.9453125,35,115,0.0,68.39790300000459,1.0,0.9928825622775801,0.9440993788819876,0.0,20.0,0.0,0.0
1300,1300,multi,1.0,S2,order=class_size_asc,class_size_asc,3,0,1.0,662,L10;L39;L57,0.9697885196374623,0.9697885196374623,0,0,1.0,0.20749995121415765,23,1.0835929387331256,0.9444444444444444,34,115,0.0,60.07040600002256,1.0,0.9928825622775801,0.9440993788819876,0.0,20.0,0.0,0.0
1300,1300,multi,1.0,S2,util_cap=0.9,class_size_desc,3,0,0.9,662,L10;L39;L57,0.9652567975830816,0.9652567975830816,0,0,0.9,0.21051372406727567,0,1.1043296817944706,0.9327731092436975,34,115,0.0,58.96431200017105,1.0,0.9857651245551602,0.9409937888198758,0.0,23.0,0.0,0.0
1300,1300,multi,1.25,S0,default,class_size_desc,3,0,1.0,838,L10;L39;L57,0.7454287048429417,0.7454287048429417,30,230,3.3,0.2806884088904067,36,1.0426892575035567,0.6308777429467085,31,138,0.0,31.613258000106725,0.6509108359162784,0.766093316374847,0.7443118410930348,0.0,0.0,0.0,213.33074534161491
1300,1300,multi,1.25,S0-QoS,default,class_size_desc,3,0,1.0,838,L10;L39;L57,0.7441867929787267,0.7441867929787267,30,230,3.3,0.2806884088904067,36,1.0427604980789988,0.6248471508926388,31,138,0.0,30.809700999952838,1.0,0.9269662921348315,0.5394340648317187,0.0,0.0,0.0,214.37146748382705
1300,1300,multi,1.25,S1,default,class_size_desc,3,0,1.0,838,L10;L39;L57,0.89618138424821,0.89618138424821,0,0,1.0,0.24930848202851533,37,1.1083000443852642,0.859375,35,129,0.0,90.99648500000512,1.0,0.9410112359550562,0.8386308068459658,0.0,35.0,52.0,0.0
1300,1300,multi,1.25,S2,default,class_size_desc,3,0,1.0,838,L10;L39;L57,0.9558472553699284,0.9558472553699284,0,0,1.0,0.2726193728579966,37,1.1410736579275904,0.9305555555555556,42,165,0.0,62.625888999946255,1.0,0.9775280898876404,0.9290953545232273,0.0,37.0,0.0,0.0
1300,1300,multi,1.5,S0,default,class_size_desc,3,0,1.0,1057,L10;L39;L57,0.592399397706641,0.592399397706641,38,553,3.9,0.35533922524016864,41,1.0425872048449498,0.6168291061970999,31,176,0.0,31.631401999902664,0.5163258243850273,0.6044587343816342,0.5961364829140738,0.0,0.0,0.0,430.8338366240805
1300,1300,multi,1.5,S0-QoS,default,class_size_desc,3,0,1.0,1057,L10;L39;L57,0.5862393782453393,0.5862393782453393,38,553,3.9,0.35533922524016864,41,1.0430346978322558,0.606905830952273,31,176,0.0,30.19669100012834,1.0,0.8677130044843049,0.2653495588452886,0.0,0.0,0.0,437.3449771946764
1300,1300,multi,1.5,S1,default,class_size_desc,3,0,1.0,1057,L10;L39;L57,0.8505203405865658,0.8505203405865658,0,0,1.0,0.31948506543401106,50,1.1850203930292917,0.9071428571428571,40,174,0.0,118.2561779999105,1.0,0.905829596412556,0.7747572815533981,0.0,60.0,98.0,0.0
1300,1300,multi,1.5,S2,default,class_size_desc,3,0,1.0,1057,L10;L39;L57,0.9252601702932829,0.9252601702932829,0,0,1.0,0.3663495139710456,60,1.2501704158145877,0.9074074074074074,49,234,0.0,82.00928100018245,1.0,0.9663677130044843,0.8757281553398059,0.0,79.0,0.0,0.0
1300,1300,multi,2.0,S0,default,class_size_desc,3,0,1.0,1324,L10;L39;L57,0.4717317563283167,0.4717317563283167,42,1018,5.0,0.44413817776747855,42,1.0426958470320593,0.6200976531737281,31,220,0.0,33.17147000007026,0.41141843636850034,0.4824929619086082,0.4733919647431219,0.0,0.0,0.0,699.4271546213087
1300,1300,multi,2.0,S0-QoS,default,class_size_desc,3,0,1.0,1324,L10;L39;L57,0.4569933615878469,0.4569933615878469,42,1018,5.0,0.44413817776747855,42,1.0440728216234425,0.6066314996232103,31,220,0.0,32.60679999993954,0.9830508474576272,0.7651245551601423,0.0917068489787412,0.0,0.0,0.0,718.9407892576907
1300,1300,multi,2.0,S1,default,class_size_desc,3,0,1.0,1324,L10;L39;L57,0.7734138972809668,0.7734138972809668,0,0,1.0,0.39548299813394155,72,1.283203125,0.9142857142857143,49,258,2.0,148.69986299981974,0.9830508474576272,0.8718861209964412,0.6490683229813664,0.0,164.0,136.0,0.0
1300,1300,multi,2.0,S2,default,class_size_desc,3,0,1.0,1324,L10;L39;L57,0.8157099697885196,0.8157099697885196,0,0,1.0,0.42723277554853584,78,1.3179012345679013,0.9166666666666666,52,278,0.0,124.0199379999467,1.0,0.9501779359430605,0.6645962732919255,0.0,244.0,0.0,0.0
1300,1300,recovered,0.5,S0,default,class_size_desc,3,0,1.0,395,,0.9848101265822785,0.9848101265822785,2,6,1.4,0.11820839486112017,3,1.0,nan,20,43,0.0,33.869128999867826,0.971042471042471,0.9862914862914863,0.9861830742659758,0.0,0.0,0.0,6.0
1300,1300,recovered,0.5,S0-QoS,default,class_size_desc,3,0,1.0,395,,0.9848101265822785,0.9848101265822785,2,6,1.4,0.11820839486112017,3,1.0,nan,20,43,0.0,32.05624799988982,1.0,1.0,0.9689119170984456,0.0,0.0,0.0,6.0
1300,1300,recovered,0.5,S1,default,class_size_desc,3,0,1.0,395,,0.9873417721518988,0.9873417721518988,0,0,1.0,0.11554431582089435,3,1.0,nan,22,45,0.0,57.54857700003413,1.0,1.0,0.9740932642487047,0.0,4.0,1.0,0.0
1300,1300,recovered,0.5,S2,default,class_size_desc,3,0,1.0,395,,0.9898734177215189,0.9898734177215189,0,0,1.0,0.1158011965548393,3,1.0,nan,22,45,0.0,52.13091699988581,1.0,1.0,0.9792746113989638,0.0,4.0,0.0,0.0
1300,1300,recovered,0.75,S0,default,class_size_desc,3,0,1.0,532,,0.9624060150375939,0.9624060150375939,4,20,1.8,0.15862045509805897,10,1.0,nan,20,57,0.0,31.099223999945025,0.9464436026936027,0.9644533195418151,0.9635823909079723,0.0,0.0,0.0,20.0
1300,1300,recovered,0.75,S0-QoS,default,class_size_desc,3,0,1.0,532,,0.9624060150375939,0.9624060150375939,4,20,1.8,0.15862045509805897,10,1.0,nan,20,57,0.0,31.762817999833715,1.0,1.0,0.9224806201550387,0.0,0.0,0.0,20.0
1300,1300,recovered,0.75,S1,default,class_size_desc,3,0,1.0,532,,0.9793233082706767,0.9793233082706767,0,0,1.0,0.15179688417357062,10,1.0,nan,22,61,0.0,60.30153999995491,1.0,1.0,0.9573643410852714,0.0,8.0,3.0,0.0
1300,1300,recovered,0.75,S2,default,class_size_desc,3,0,1.0,532,,0.9849624060150376,0.9849624060150376,0,0,1.0,0.15305682301149112,10,1.0025445292620865,nan,22,61,0.0,57.46312599990233,1.0,1.0,0.9689922480620154,0.0,8.0,0.0,0.0
1300,1300,recovered,1.0,S0,default,class_size_desc,3,0,1.0,662,,0.9108761329305136,0.9108761329305136,12,59,2.3,0.19695712921724795,20,1.0,nan,20,72,0.0,35.33517799996844,0.8644433989777821,0.9201882080818575,0.9112576179792201,0.0,0.0,0.0,59.0
1300,1300,recovered,1.0,S0-QoS,default,class_size_desc,3,0,1.0,662,,0.9108761329305136,0.9108761329305136,12,59,2.3,0.19695712921724795,20,1.0,nan,20,72,0.0,52.12241100002757,1.0,0.9857651245551602,0.8291925465838509,0.0,0.0,0.0,59.0
1300,1300,recovered,1.0,S1,default,class_size_desc,3,0,1.0,662,,0.9531722054380665,0.9531722054380665,0,0,1.0,0.18340999053114543,19,1.0100369783412573,nan,30,93,0.0,119.92526899985023,1.0,0.9893238434163701,0.9130434782608695,0.0,13.0,18.0,0.0
1300,1300,recovered,1.0,S2,default,class_size_desc,3,0,1.0,662,,0.9803625377643505,0.9803625377643505,0,0,1.0,0.19091588830309825,19,1.0184899845916795,nan,30,98,0.0,92.46517999986281,1.0,0.99644128113879,0.9627329192546584,0.0,13.0,0.0,0.0
1300,1300,recovered,1.0,S2,lambda=0.5xmean,class_size_desc,3,1,1.0,662,,0.9803625377643505,0.9803625377643505,0,0,1.0,0.2266168306419251,2,1.204417051874679,nan,73,216,0.0,70.82504599998174,1.0,0.99644128113879,0.9627329192546584,0.0,13.0,0.0,0.0
1300,1300,recovered,1.0,S2,lambda=1xmean,class_size_desc,3,2,1.0,662,,0.9803625377643505,0.9803625377643505,0,0,1.0,0.241768466737436,2,1.260914227015922,nan,73,231,0.0,79.07951600009255,1.0,0.99644128113879,0.9627329192546584,0.0,13.0,0.0,0.0
1300,1300,recovered,1.0,S2,lambda=2xmean,class_size_desc,3,4,1.0,662,,0.9803625377643505,0.9803625377643505,0,0,1.0,0.2598716485888639,2,1.3174114021571648,nan,77,252,0.0,62.74844900008247,1.0,0.99644128113879,0.9627329192546584,0.0,13.0,0.0,0.0
1300,1300,recovered,1.0,S2,max_paths=1,class_size_desc,1,0,1.0,662,,0.9577039274924471,0.9577039274924471,0,0,1.0,0.18456901193787326,19,1.010515247108307,nan,30,91,0.0,61.23260599997593,1.0,0.9928825622775801,0.9192546583850931,0.0,13.0,15.0,0.0
1300,1300,recovered,1.0,S2,max_paths=2,class_size_desc,2,0,1.0,662,,0.9803625377643505,0.9803625377643505,0,0,1.0,0.19091588830309825,19,1.0184899845916795,nan,30,98,0.0,58.16479200007052,1.0,0.99644128113879,0.9627329192546584,0.0,13.0,0.0,0.0
1300,1300,recovered,1.0,S2,max_paths=4,class_size_desc,4,0,1.0,662,,0.9803625377643505,0.9803625377643505,0,0,1.0,0.19091588830309825,19,1.0184899845916795,nan,30,98,0.0,61.97461800002202,1.0,0.99644128113879,0.9627329192546584,0.0,13.0,0.0,0.0
1300,1300,recovered,1.0,S2,order=arrival,arrival,3,0,1.0,662,,0.9803625377643505,0.9803625377643505,0,0,1.0,0.19091588830309825,19,1.0184899845916795,nan,30,104,0.0,71.2006599999313,1.0,0.99644128113879,0.9627329192546584,0.0,13.0,0.0,0.0
1300,1300,recovered,1.0,S2,order=class_size_asc,class_size_asc,3,0,1.0,662,,0.9803625377643505,0.9803625377643505,0,0,1.0,0.19091588830309825,19,1.0184899845916795,nan,27,98,0.0,59.31215400005385,1.0,0.99644128113879,0.9627329192546584,0.0,13.0,0.0,0.0
1300,1300,recovered,1.0,S2,util_cap=0.9,class_size_desc,3,0,0.9,662,,0.9773413897280967,0.9773413897280967,0,0,0.9,0.19395109801154053,0,1.0365790829469346,nan,35,120,0.0,62.982106999925236,1.0,0.9928825622775801,0.9596273291925466,0.0,15.0,0.0,0.0
1300,1300,recovered,1.25,S0,default,class_size_desc,3,0,1.0,838,,0.7863535629048756,0.7863535629048756,28,207,2.9,0.24912300220017436,35,1.0,nan,20,89,0.0,32.408278999810136,0.7306949787141198,0.8012502982953853,0.7833213840464494,0.0,0.0,0.0,179.03571428571428
1300,1300,recovered,1.25,S0-QoS,default,class_size_desc,3,0,1.0,838,,0.7848863969895413,0.7848863969895413,28,207,2.9,0.24912300220017436,35,1.0,nan,20,89,0.0,46.03310099992086,1.0,0.9662921348314607,0.5885936446876178,0.0,0.0,0.0,180.26519932276435
1300,1300,recovered,1.25,S1,default,class_size_desc,3,0,1.0,838,,0.9164677804295943,0.9164677804295943,0,0,1.0,0.23092051796018337,38,1.0421006944444444,nan,34,132,0.0,128.40496100011478,1.0,0.9691011235955056,0.8557457212713936,0.0,24.0,46.0,0.0
1300,1300,recovered,1.25,S2,default,class_size_desc,3,0,1.0,838,,0.9689737470167065,0.9689737470167065,0,0,1.0,0.25041598615451827,39,1.0656814449917897,nan,41,157,0.0,66.85594200007472,1.0,0.9887640449438202,0.9462102689486552,0.0,26.0,0.0,0.0
1300,1300,recovered,1.5,S0,default,class_size_desc,3,0,1.0,1057,,0.6325282967547514,0.6325282967547514,38,532,3.7,0.3151655240783681,42,1.0,nan,20,115,0.0,47.03489000007721,0.5789259846414375,0.6423356421767095,0.6340268324920035,0.0,0.0,0.0,388.41759033022777
1300,1300,recovered,1.5,S0-QoS,default,class_size_desc,3,0,1.0,1057,,0.6276007736270227,0.6276007736270227,38,532,3.7,0.3151655240783681,42,1.0,nan,20,115,0.0,43.53930400020545,1.0,0.9237668161434978,0.30169712179371466,0.0,0.0,0.0,393.6259822762369
1300,1300,recovered,1.5,S1,default,class_size_desc,3,0,1.0,1057,,0.8675496688741722,0.8675496688741722,0,0,1.0,0.29701441084549557,48,1.113776808433297,nan,44,219,0.0,162.07888400003867,1.0,0.9461883408071748,0.7747572815533981,0.0,40.0,100.0,0.0
1300,1300,recovered,1.5,S2,default,class_size_desc,3,0,1.0,1057,,0.9413434247871334,0.9413434247871334,0,0,1.0,0.33253395641954736,53,1.157788944723618,nan,55,268,0.0,87.89071999990483,1.0,0.9820627802690582,0.8951456310679612,0.0,62.0,0.0,0.0
1300,1300,recovered,2.0,S0,default,class_size_desc,3,0,1.0,1324,,0.5032869398942126,0.5032869398942126,43,1034,4.6,0.3939142584344959,43,1.0,nan,20,144,0.0,34.75988799982588,0.4624777584023987,0.5120569539490357,0.5031110633681619,0.0,0.0,0.0,657.6480915800626
1300,1300,recovered,2.0,S0-QoS,default,class_size_desc,3,0,1.0,1324,,0.49283346734045136,0.49283346734045136,43,1034,4.6,0.3939142584344959,43,1.0,nan,20,144,0.0,39.8870750000242,1.0,0.8209556035237151,0.11356282853793437,0.0,0.0,0.0,671.4884892412424
1300,1300,recovered,2.0,S1,default,class_size_desc,3,0,1.0,1324,,0.7945619335347432,0.7945619335347432,0,0,1.0,0.35915758229897465,68,1.1844106463878328,nan,57,340,0.0,191.87394200002927,1.0,0.8896797153024911,0.6739130434782609,0.0,126.0,146.0,0.0
1300,1300,recovered,2.0,S2,default,class_size_desc,3,0,1.0,1324,,0.8610271903323263,0.8610271903323263,0,0,1.0,0.4005397148273565,74,1.2309941520467835,nan,57,352,0.0,104.56065399989711,1.0,0.9715302491103203,0.7391304347826086,0.0,184.0,0.0,0.0
1400,1400,healthy,0.5,S0,default,class_size_desc,3,0,1.0,386,,0.9455958549222798,0.9455958549222798,7,21,1.7,0.12933229491173417,7,1.0,nan,0,0,0.0,48.54075399998692,0.9206597826507329,0.9519859225741578,0.94525702172761,0.0,0.0,0.0,21.0
1400,1400,healthy,0.5,S0-QoS,default,class_size_desc,3,0,1.0,386,,0.9455958549222798,0.9455958549222798,7,21,1.7,0.12933229491173417,7,1.0,nan,0,0,0.0,32.067939999933515,1.0,1.0,0.8864864864864865,0.0,0.0,0.0,21.0
1400,1400,healthy,0.5,S1,default,class_size_desc,3,0,1.0,386,,0.9740932642487047,0.9740932642487047,0,0,1.0,0.12223394155169856,7,1.0,nan,0,0,0.0,59.10671900005582,1.0,1.0,0.9459459459459459,0.0,4.0,6.0,0.0
1400,1400,healthy,0.5,S2,default,class_size_desc,3,0,1.0,386,,0.9896373056994818,0.9896373056994818,0,0,1.0,0.12388080403500965,7,1.0,nan,0,0,0.0,56.57880900002965,1.0,1.0,0.9783783783783784,0.0,4.0,0.0,0.0
1400,1400,healthy,0.75,S0,default,class_size_desc,3,0,1.0,531,,0.8926553672316384,0.8926553672316384,9,57,2.4,0.17772867527073136,11,1.0,nan,0,0,0.0,41.920478000065486,0.8428573514808108,0.8932440807193607,0.9026380639371401,0.0,0.0,0.0,57.0
1400,1400,healthy,0.75,S0-QoS,default,class_size_desc,3,0,1.0,531,,0.8926553672316384,0.8926553672316384,9,57,2.4,0.17772867527073136,11,1.0,nan,0,0,0.0,35.04483300002903,1.0,0.9647577092511013,0.8047808764940239,0.0,0.0,0.0,57.0
1400,1400,healthy,0.75,S1,default,class_size_desc,3,0,1.0,531,,0.9642184557438794,0.9642184557438794,0,0,1.0,0.16074069129209317,11,1.0,nan,0,0,0.0,60.90251699993132,1.0,0.9647577092511013,0.9561752988047809,0.0,10.0,9.0,0.0
1400,1400,healthy,0.75,S2,default,class_size_desc,3,0,1.0,531,,0.9811676082862524,0.9811676082862524,0,0,1.0,0.16317593828808782,11,1.0,nan,0,0,0.0,59.847318000038285,1.0,1.0,0.9601593625498008,0.0,10.0,0.0,0.0
1400,1400,healthy,1.0,S0,default,class_size_desc,3,0,1.0,664,,0.8373493975903614,0.8373493975903614,15,108,3.0,0.22264589823468328,19,1.0,nan,0,0,0.0,30.174689999967086,0.7946355180618646,0.8394898848271102,0.844534340394213,0.0,0.0,0.0,108.0
1400,1400,healthy,1.0,S0-QoS,default,class_size_desc,3,0,1.0,664,,0.8373493975903614,0.8373493975903614,15,108,3.0,0.22264589823468328,19,1.0,nan,0,0,0.0,30.214664999903107,1.0,0.9399293286219081,0.7101910828025477,0.0,0.0,0.0,108.0
1400,1400,healthy,1.0,S1,default,class_size_desc,3,0,1.0,664,,0.947289156626506,0.947289156626506,0,0,1.0,0.19374551253523217,20,1.005299417064123,nan,0,0,0.0,69.5845800000825,1.0,0.9823321554770318,0.9044585987261147,0.0,20.0,15.0,0.0
1400,1400,healthy,1.0,S2,default,class_size_desc,3,0,1.0,664,,0.9698795180722891,0.9698795180722891,0,0,1.0,0.19869700341195667,20,1.0082815734989647,nan,0,0,0.0,73.12074100013888,1.0,1.0,0.9363057324840764,0.0,20.0,0.0,0.0
1400,1400,healthy,1.0,S2,lambda=0.5xmean,class_size_desc,3,1,1.0,664,,0.9698795180722891,0.9698795180722891,0,0,1.0,0.2258052217771844,5,1.1749482401656315,nan,0,0,0.0,64.00211999994099,1.0,1.0,0.9363057324840764,0.0,20.0,0.0,0.0
1400,1400,healthy,1.0,S2,lambda=1xmean,class_size_desc,3,2,1.0,664,,0.9698795180722891,0.9698795180722891,0,0,1.0,0.24614159620234385,7,1.2531055900621118,nan,0,0,0.0,59.67017500006477,1.0,1.0,0.9363057324840764,0.0,20.0,0.0,0.0
1400,1400,healthy,1.0,S2,lambda=2xmean,class_size_desc,3,4,1.0,664,,0.9698795180722891,0.9698795180722891,0,0,1.0,0.27695764723334815,7,1.3509316770186335,nan,0,0,0.0,86.72282099996664,1.0,1.0,0.9363057324840764,0.0,20.0,0.0,0.0
1400,1400,healthy,1.0,S2,max_paths=1,class_size_desc,1,0,1.0,664,,0.9518072289156626,0.9518072289156626,0,0,1.0,0.19465969440735795,20,1.0052742616033756,nan,0,0,0.0,61.7581720000544,1.0,0.9858657243816255,0.910828025477707,0.0,20.0,12.0,0.0
1400,1400,healthy,1.0,S2,max_paths=2,class_size_desc,2,0,1.0,664,,0.9698795180722891,0.9698795180722891,0,0,1.0,0.19869700341195667,20,1.0082815734989647,nan,0,0,0.0,64.69305600012376,1.0,1.0,0.9363057324840764,0.0,20.0,0.0,0.0
1400,1400,healthy,1.0,S2,max_paths=4,class_size_desc,4,0,1.0,664,,0.9698795180722891,0.9698795180722891,0,0,1.0,0.19869700341195667,20,1.0082815734989647,nan,0,0,0.0,59.27639699984866,1.0,1.0,0.9363057324840764,0.0,20.0,0.0,0.0
1400,1400,healthy,1.0,S2,order=arrival,arrival,3,0,1.0,664,,0.9698795180722891,0.9698795180722891,0,0,1.0,0.19869700341195667,20,1.0082815734989647,nan,0,0,0.0,59.94961000010335,1.0,1.0,0.9363057324840764,0.0,20.0,0.0,0.0
1400,1400,healthy,1.0,S2,order=class_size_asc,class_size_asc,3,0,1.0,664,,0.9698795180722891,0.9698795180722891,0,0,1.0,0.19869700341195667,20,1.0082815734989647,nan,0,0,0.0,55.16912500002036,1.0,1.0,0.9363057324840764,0.0,20.0,0.0,0.0
1400,1400,healthy,1.0,S2,util_cap=0.9,class_size_desc,3,0,0.9,664,,0.9668674698795181,0.9668674698795181,0,0,0.9,0.200168743509865,0,1.0269989615784008,nan,0,0,0.0,83.82962400014549,1.0,0.9964664310954063,0.9331210191082803,0.0,22.0,0.0,0.0
1400,1400,healthy,1.25,S0,default,class_size_desc,3,0,1.0,852,,0.7359154929577465,0.7359154929577465,26,225,3.8,0.28610599317608665,33,1.0,nan,0,0,0.0,29.34802899994793,0.6978472154015054,0.7351187968053365,0.7448493494206878,0.0,0.0,0.0,225.0
1400,1400,healthy,1.25,S0-QoS,default,class_size_desc,3,0,1.0,852,,0.7359154929577465,0.7359154929577465,26,225,3.8,0.28610599317608665,33,1.0,nan,0,0,0.0,29.978772000049503,1.0,0.8729281767955801,0.5558312655086849,0.0,0.0,0.0,225.0
1400,1400,healthy,1.25,S1,default,class_size_desc,3,0,1.0,852,,0.8955399061032864,0.8955399061032864,0,0,1.0,0.24054717400979084,33,1.0423765836609873,nan,0,0,0.0,94.87750400012374,1.0,0.925414364640884,0.8461538461538461,0.0,33.0,56.0,0.0
1400,1400,healthy,1.25,S2,default,class_size_desc,3,0,1.0,852,,0.9589201877934272,0.9589201877934272,0,0,1.0,0.260920041536864,36,1.059159526723786,nan,0,0,0.0,68.38322599992352,1.0,0.988950276243094,0.9230769230769231,0.0,35.0,0.0,0.0
1400,1400,healthy,1.5,S0,default,class_size_desc,3,0,1.0,1050,,0.6196248196248196,0.6196248196248196,37,452,4.7,0.35197819314641743,40,1.0,nan,0,0,0.0,33.55321599997296,0.5685522327028579,0.6319054044332932,0.6195222824984813,0.0,0.0,0.0,399.3939393939394
1400,1400,healthy,1.5,S0-QoS,default,class_size_desc,3,0,1.0,1050,,0.6214587373410903,0.6214587373410903,37,452,4.7,0.35197819314641743,40,1.0,nan,0,0,0.0,31.098862999897392,1.0,0.8337078651685393,0.3517668821806509,0.0,0.0,0.0,397.4683257918552
1400,1400,healthy,1.5,S1,default,class_size_desc,3,0,1.0,1050,,0.8438095238095238,0.8438095238095238,0,0,1.0,0.28719492656875834,47,1.0782543265613243,nan,0,0,0.0,116.18705799992313,1.0,0.898876404494382,0.7615230460921844,0.0,57.0,107.0,0.0
1400,1400,healthy,1.5,S2,default,class_size_desc,3,0,1.0,1050,,0.9333333333333333,0.9333333333333333,0,0,1.0,0.33507958759827916,54,1.1472789115646258,nan,0,0,0.0,71.47666799983199,1.0,0.9797752808988764,0.8777555110220441,0.0,70.0,0.0,0.0
1400,1400,healthy,2.0,S0,default,class_size_desc,3,0,1.0,1328,,0.49063161165103597,0.49063161165103597,42,892,6.0,0.44529179646936656,43,1.0,nan,0,0,0.0,33.217045999890615,0.45018248963121116,0.4999376611803547,0.4908751758501794,0.0,0.0,0.0,676.4412197274243
1400,1400,healthy,2.0,S0-QoS,default,class_size_desc,3,0,1.0,1328,,0.48964570127796503,0.48964570127796503,42,892,6.0,0.44529179646936656,43,1.0,nan,0,0,0.0,31.89574799989714,0.9850746268656716,0.734982332155477,0.16281766130117448,0.0,0.0,0.0,677.7505087028625
1400,1400,healthy,2.0,S1,default,class_size_desc,3,0,1.0,1328,,0.8012048192771084,0.8012048192771084,0,0,1.0,0.3784671413736834,67,1.199874686716792,nan,0,0,2.0,129.6658460000799,0.9850746268656716,0.8692579505300353,0.7006369426751592,0.0,126.0,138.0,0.0
1400,1400,healthy,2.0,S2,default,class_size_desc,3,0,1.0,1328,,0.8448795180722891,0.8448795180722891,0,0,1.0,0.41662082777036047,76,1.2471776589423649,nan,0,0,0.0,154.37627800019982,1.0,0.9717314487632509,0.697452229299363,0.0,206.0,0.0,0.0
1400,1400,uplink,0.5,S0,default,class_size_desc,3,0,1.0,386,L6,0.9430051813471503,0.9430051813471503,8,22,1.7,0.13455645402815214,8,1.0503663003663004,0.9821428571428571,33,56,0.0,29.2401469998822,0.9206597826507329,0.9491800864349884,0.942308618779207,0.0,0.0,0.0,22.0
1400,1400,uplink,0.5,S0-QoS,default,class_size_desc,3,0,1.0,386,L6,0.9430051813471503,0.9430051813471503,8,22,1.7,0.13455645402815214,8,1.0503663003663004,0.9821428571428571,33,56,0.0,28.573787000141238,1.0,1.0,0.8810810810810811,0.0,0.0,0.0,22.0
1400,1400,uplink,0.5,S1,default,class_size_desc,3,0,1.0,386,L6,0.9715025906735751,0.9715025906735751,0,0,1.0,0.12710205151242887,8,1.0533333333333332,0.9836065573770492,35,60,0.0,54.010140999935174,1.0,1.0,0.9405405405405406,0.0,4.0,7.0,0.0
1400,1400,uplink,0.5,S2,default,class_size_desc,3,0,1.0,386,L6,0.9896373056994818,0.9896373056994818,0,0,1.0,0.1291539383048817,8,1.0549738219895288,1.0,36,63,0.0,53.729664999991655,1.0,1.0,0.9783783783783784,0.0,4.0,0.0,0.0
1400,1400,uplink,0.75,S0,default,class_size_desc,3,0,1.0,531,L6,0.8775894538606404,0.8775894538606404,10,65,2.4,0.1855104821802935,12,1.0515021459227467,0.9,33,80,0.0,31.47756299995308,0.8428573514808108,0.8775808403865168,0.8849311139592738,0.0,0.0,0.0,65.0
1400,1400,uplink,0.75,S0-QoS,default,class_size_desc,3,0,1.0,531,L6,0.8775894538606404,0.8775894538606404,10,65,2.4,0.1855104821802935,12,1.0515021459227467,0.9,33,80,0.0,33.96363599995311,1.0,0.9647577092511013,0.7729083665338645,0.0,0.0,0.0,65.0
1400,1400,uplink,0.75,S1,default,class_size_desc,3,0,1.0,531,L6,0.9548022598870056,0.9548022598870056,0,0,1.0,0.16678204552261156,13,1.0591715976331362,0.9444444444444444,36,85,0.0,70.94437899991135,1.0,0.9647577092511013,0.9362549800796812,0.0,10.0,14.0,0.0
1400,1400,uplink,0.75,S2,default,class_size_desc,3,0,1.0,531,L6,0.9811676082862524,0.9811676082862524,0,0,1.0,0.17274019167415394,13,1.0690978886756237,1.0,38,94,0.0,56.596972000079404,1.0,1.0,0.9601593625498008,0.0,10.0,0.0,0.0
1400,1400,uplink,1.0,S0,default,class_size_desc,3,0,1.0,664,L6,0.8132530120481928,0.8132530120481928,16,124,3.0,0.23221668164120995,20,1.0493827160493827,0.8333333333333334,33,98,0.0,46.77851900009955,0.779317371950317,0.81450129707118,0.8193690095802063,0.0,0.0,0.0,124.0
1400,1400,uplink,1.0,S0-QoS,default,class_size_desc,3,0,1.0,664,L6,0.8132530120481928,0.8132530120481928,16,124,3.0,0.23221668164120995,20,1.0493827160493827,0.8333333333333334,33,98,0.0,29.869646999941324,1.0,0.9399293286219081,0.6592356687898089,0.0,0.0,0.0,124.0
1400,1400,uplink,1.0,S1,default,class_size_desc,3,0,1.0,664,L6,0.9487951807228916,0.9487951807228916,0,0,1.0,0.20893268942797244,19,1.0857142857142856,1.008695652173913,37,116,0.0,63.233808999939356,1.0,0.9823321554770318,0.9076433121019108,0.0,20.0,14.0,0.0
1400,1400,uplink,1.0,S2,default,class_size_desc,3,0,1.0,664,L6,0.9698795180722891,0.9698795180722891,0,0,1.0,0.2137621293800539,20,1.087991718426501,1.0,39,118,0.0,72.9826320000484,1.0,1.0,0.9363057324840764,0.0,20.0,0.0,0.0
1400,1400,uplink,1.0,S2,lambda=0.5xmean,class_size_desc,3,1,1.0,664,L6,0.9698795180722891,0.9698795180722891,0,0,1.0,0.24587578616352201,5,1.2458592132505175,1.0,69,197,0.0,59.206396000035966,1.0,1.0,0.9363057324840764,0.0,20.0,0.0,0.0
1400,1400,uplink,1.0,S2,lambda=1xmean,class_size_desc,3,2,1.0,664,L6,0.9698795180722891,0.9698795180722891,0,0,1.0,0.2651170260557053,6,1.310041407867495,1.0,70,197,0.0,69.57823800007645,1.0,1.0,0.9363057324840764,0.0,20.0,0.0,0.0
1400,1400,uplink,1.0,S2,lambda=2xmean,class_size_desc,3,4,1.0,664,L6,0.9698795180722891,0.9698795180722891,0,0,1.0,0.2912215483677748,6,1.3928571428571428,1.0,77,237,0.0,57.970609000221884,1.0,1.0,0.9363057324840764,0.0,20.0,0.0,0.0
1400,1400,uplink,1.0,S2,max_paths=1,class_size_desc,1,0,1.0,664,L6,0.947289156626506,0.947289156626506,0,0,1.0,0.2079609913147649,19,1.082670906200318,0.9739130434782609,38,114,0.0,76.70718700001089,1.0,0.9858657243816255,0.9012738853503185,0.0,20.0,15.0,0.0
1400,1400,uplink,1.0,S2,max_paths=2,class_size_desc,2,0,1.0,664,L6,0.9698795180722891,0.9698795180722891,0,0,1.0,0.2137621293800539,20,1.087991718426501,1.0,39,118,0.0,60.741124000060154,1.0,1.0,0.9363057324840764,0.0,20.0,0.0,0.0
1400,1400,uplink,1.0,S2,max_paths=4,class_size_desc,4,0,1.0,664,L6,0.9698795180722891,0.9698795180722891,0,0,1.0,0.2137621293800539,20,1.087991718426501,1.0,39,118,0.0,60.01952099995833,1.0,1.0,0.9363057324840764,0.0,20.0,0.0,0.0
1400,1400,uplink,1.0,S2,order=arrival,arrival,3,0,1.0,664,L6,0.9698795180722891,0.9698795180722891,0,0,1.0,0.21369961066187482,20,1.087991718426501,1.0,38,118,0.0,56.95486399986294,1.0,1.0,0.9363057324840764,0.0,20.0,0.0,0.0
1400,1400,uplink,1.0,S2,order=class_size_asc,class_size_asc,3,0,1.0,664,L6,0.9698795180722891,0.9698795180722891,0,0,1.0,0.21500314465408804,21,1.0910973084886129,1.0,39,123,0.0,80.66572100005942,1.0,1.0,0.9363057324840764,0.0,20.0,0.0,0.0
1400,1400,uplink,1.0,S2,util_cap=0.9,class_size_desc,3,0,0.9,664,L6,0.9668674698795181,0.9668674698795181,0,0,0.9,0.2190855795148248,0,1.118380062305296,1.0,40,124,0.0,56.00732699986111,1.0,0.9964664310954063,0.9331210191082803,0.0,22.0,0.0,0.0
1400,1400,uplink,1.25,S0,default,class_size_desc,3,0,1.0,852,L6,0.6960093896713615,0.6960093896713615,27,264,3.8,0.2986069931117101,33,1.0449690837549186,0.7017543859649122,33,128,0.0,43.24268699997447,0.6545654652232035,0.6960240142356063,0.7049432043977464,0.0,0.0,0.0,259.0
1400,1400,uplink,1.25,S0-QoS,default,class_size_desc,3,0,1.0,852,L6,0.6960093896713615,0.6960093896713615,27,264,3.8,0.2986069931117101,33,1.0449690837549186,0.7017543859649122,33,128,0.0,29.70833499989567,1.0,0.8646408839779005,0.47890818858560796,0.0,0.0,0.0,259.0
1400,1400,uplink,1.25,S1,default,class_size_desc,3,0,1.0,852,L6,0.8967136150234741,0.8967136150234741,0,0,1.0,0.2657860886492962,33,1.1404886561954626,0.9855072463768116,41,162,0.0,142.81944499998644,1.0,0.9171270718232044,0.8560794044665012,0.0,33.0,55.0,0.0
1400,1400,uplink,1.25,S2,default,class_size_desc,3,0,1.0,852,L6,0.9589201877934272,0.9589201877934272,0,0,1.0,0.3045357142857143,41,1.1942064463484292,1.0,51,182,0.0,75.47908399988046,1.0,0.988950276243094,0.9230769230769231,0.0,35.0,0.0,0.0
1400,1400,uplink,1.5,S0,default,class_size_desc,3,0,1.0,1050,L6,0.5841269841269842,0.5841269841269842,37,499,4.7,0.3667731356693621,40,1.0434782608695652,0.6821705426356589,33,154,0.0,35.51216999994722,0.5303807765377095,0.5949127023623348,0.5859254879140222,0.0,0.0,0.0,436.6666666666667
1400,1400,uplink,1.5,S0-QoS,default,class_size_desc,3,0,1.0,1050,L6,0.5860805860805861,0.5860805860805861,37,499,4.7,0.3667731356693621,40,1.0433333333333332,0.6829023349234246,33,154,0.0,35.28286999994634,1.0,0.8202247191011236,0.2893479266224757,0.0,0.0,0.0,434.61538461538464
1400,1400,uplink,1.5,S1,default,class_size_desc,3,0,1.0,1050,L6,0.8333333333333334,0.8333333333333334,0,0,1.0,0.32176699610661874,49,1.1939047619047618,0.9785714285714285,48,203,0.0,120.03388200014342,1.0,0.8876404494382022,0.749498997995992,0.0,55.0,120.0,0.0
1400,1400,uplink,1.5,S2,default,class_size_desc,3,0,1.0,1050,L6,0.9276190476190476,0.9276190476190476,0,0,1.0,0.4039011680143756,66,1.3134839151266255,1.0,67,276,0.0,92.55533900000046,1.0,0.9797752808988764,0.8657314629258517,0.0,75.0,1.0,0.0
1400,1400,uplink,2.0,S0,default,class_size_desc,3,0,1.0,1328,L6,0.46266259271816157,0.46266259271816157,42,928,6.0,0.4644333632824199,43,1.04340165295657,0.6829268292682926,33,196,0.0,34.82077300009223,0.42016341208660335,0.47109286206402873,0.46413290761444825,0.0,0.0,0.0,713.5840768702814
1400,1400,uplink,2.0,S0-QoS,default,class_size_desc,3,0,1.0,1328,L6,0.46546613417233323,0.46546613417233323,42,928,6.0,0.4644333632824199,43,1.0430054279173686,0.712941787941788,33,196,0.0,72.53101500009507,0.9850746268656716,0.6992049469964664,0.14393157035168552,0.0,0.0,0.0,709.8609738191415
1400,1400,uplink,2.0,S1,default,class_size_desc,3,0,1.0,1328,L6,0.7605421686746988,0.7605421686746988,0,0,1.0,0.4135796645702306,74,1.316831683168317,0.9714285714285714,66,304,2.0,164.95177100000546,0.9850746268656716,0.8692579505300353,0.6146496815286624,0.0,160.0,158.0,0.0
1400,1400,uplink,2.0,S2,default,class_size_desc,3,0,1.0,1328,L6,0.7816265060240963,0.7816265060240963,0,0,1.0,0.4621262353998203,84,1.3943481053307643,1.0,68,318,0.0,134.53439600016281,1.0,0.9717314487632509,0.5636942675159236,0.0,290.0,0.0,0.0
1400,1400,multi,0.5,S0,default,class_size_desc,3,0,1.0,386,L67;L70;L72,0.9352331606217616,0.9352331606217616,9,25,1.7,0.13899710012210012,9,1.0369344413665744,0.8333333333333334,11,24,0.0,44.67331999990165,0.9121127741037244,0.9427266633148986,0.9335453100158982,0.0,0.0,0.0,25.0
1400,1400,multi,0.5,S0-QoS,default,class_size_desc,3,0,1.0,386,L67;L70;L72,0.9352331606217616,0.9352331606217616,9,25,1.7,0.13899710012210012,9,1.0369344413665744,0.8333333333333334,11,24,0.0,32.45980499991674,1.0,1.0,0.8648648648648649,0.0,0.0,0.0,25.0
1400,1400,multi,0.5,S1,default,class_size_desc,3,0,1.0,386,L67;L70;L72,0.9637305699481865,0.9637305699481865,0,0,1.0,0.1295868437118437,9,1.03584229390681,0.8333333333333334,11,20,0.0,55.10014499986937,1.0,1.0,0.9243243243243243,0.0,8.0,6.0,0.0
1400,1400,multi,0.5,S2,default,class_size_desc,3,0,1.0,386,L67;L70;L72,0.9792746113989638,0.9792746113989638,0,0,1.0,0.13128121184371183,9,1.035273368606702,0.8333333333333334,11,20,0.0,78.53001600005882,1.0,1.0,0.9567567567567568,0.0,8.0,0.0,0.0
1400,1400,multi,0.75,S0,default,class_size_desc,3,0,1.0,531,L67;L70;L72,0.8738229755178908,0.8738229755178908,11,67,2.4,0.19028678266178267,13,1.028735632183908,0.6666666666666666,11,30,0.0,28.2569539999713,0.8266848447422663,0.877432249378895,0.8805122813531902,0.0,0.0,0.0,67.0
1400,1400,multi,0.75,S0-QoS,default,class_size_desc,3,0,1.0,531,L67;L70;L72,0.8738229755178908,0.8738229755178908,11,67,2.4,0.19028678266178267,13,1.028735632183908,0.6666666666666666,11,30,0.0,27.478273000042464,1.0,0.9647577092511013,0.7649402390438247,0.0,0.0,0.0,67.0
1400,1400,multi,0.75,S1,default,class_size_desc,3,0,1.0,531,L67;L70;L72,0.9453860640301318,0.9453860640301318,0,0,1.0,0.16752716727716727,13,1.0265604249667994,0.6666666666666666,11,20,0.0,64.29209399993852,1.0,0.9647577092511013,0.9163346613545816,0.0,20.0,9.0,0.0
1400,1400,multi,0.75,S2,default,class_size_desc,3,0,1.0,531,L67;L70;L72,0.9623352165725048,0.9623352165725048,0,0,1.0,0.17003266178266177,13,1.0260926288323549,0.6666666666666666,11,20,0.0,57.866913999987446,1.0,1.0,0.9203187250996016,0.0,20.0,0.0,0.0
1400,1400,multi,1.0,S0,default,class_size_desc,3,0,1.0,664,L67;L70;L72,0.8087349397590361,0.8087349397590361,16,127,3.0,0.23897222222222222,20,1.0248292985723153,0.5128205128205128,11,40,0.0,35.63427899985072,0.7663558637020845,0.8143209554364959,0.8127430788007389,0.0,0.0,0.0,127.0
1400,1400,multi,1.0,S0-QoS,default,class_size_desc,3,0,1.0,664,L67;L70;L72,0.8087349397590361,0.8087349397590361,16,127,3.0,0.23897222222222222,20,1.0248292985723153,0.5128205128205128,11,40,0.0,29.105665000088266,1.0,0.9328621908127208,0.6560509554140127,0.0,0.0,0.0,127.0
1400,1400,multi,1.0,S1,default,class_size_desc,3,0,1.0,664,L67;L70;L72,0.9186746987951807,0.9186746987951807,0,0,1.0,0.19896825396825396,21,1.0273224043715847,0.5128205128205128,11,20,0.0,68.57577800019499,1.0,0.9752650176678446,0.8503184713375797,0.0,40.0,14.0,0.0
1400,1400,multi,1.0,S2,default,class_size_desc,3,0,1.0,664,L67;L70;L72,0.9397590361445783,0.9397590361445783,0,0,1.0,0.20352892246642246,21,1.0288461538461537,0.5,11,20,0.0,63.203873000020394,1.0,0.9929328621908127,0.8789808917197452,0.0,40.0,0.0,0.0
1400,1400,multi,1.0,S2,lambda=0.5xmean,class_size_desc,3,1,1.0,664,L67;L70;L72,0.9397590361445783,0.9397590361445783,0,0,1.0,0.23013804945054944,7,1.1960470085470085,0.6944444444444444,25,70,0.0,73.1609860001754,1.0,0.9929328621908127,0.8789808917197452,0.0,40.0,0.0,0.0
1400,1400,multi,1.0,S2,lambda=1xmean,class_size_desc,3,2,1.0,664,L67;L70;L72,0.9397590361445783,0.9397590361445783,0,0,1.0,0.2481243894993895,7,1.2708333333333333,0.7241379310344828,26,64,0.0,91.41349700007595,1.0,0.9929328621908127,0.8789808917197452,0.0,40.0,0.0,0.0
1400,1400,multi,1.0,S2,lambda=2xmean,class_size_desc,3,4,1.0,664,L67;L70;L72,0.9397590361445783,0.9397590361445783,0,0,1.0,0.273405525030525,7,1.3429487179487178,0.7241379310344828,25,63,0.0,62.200411000048916,1.0,0.9929328621908127,0.8789808917197452,0.0,40.0,0.0,0.0
1400,1400,multi,1.0,S2,max_paths=1,class_size_desc,1,0,1.0,664,L67;L70;L72,0.9231927710843374,0.9231927710843374,0,0,1.0,0.19990880647130646,21,1.0271886895051658,0.5128205128205128,11,20,0.0,66.43316899999263,1.0,0.9787985865724381,0.856687898089172,0.0,40.0,11.0,0.0
1400,1400,multi,1.0,S2,max_paths=2,class_size_desc,2,0,1.0,664,L67;L70;L72,0.9397590361445783,0.9397590361445783,0,0,1.0,0.20352892246642246,21,1.0288461538461537,0.5,11,20,0.0,61.66905400004907,1.0,0.9929328621908127,0.8789808917197452,0.0,40.0,0.0,0.0
1400,1400,multi,1.0,S2,max_paths=4,class_size_desc,4,0,1.0,664,L67;L70;L72,0.9397590361445783,0.9397590361445783,0,0,1.0,0.20352892246642246,21,1.0288461538461537,0.5,11,20,0.0,71.70359399992776,1.0,0.9929328621908127,0.8789808917197452,0.0,40.0,0.0,0.0
1400,1400,multi,1.0,S2,order=arrival,arrival,3,0,1.0,664,L67;L70;L72,0.9397590361445783,0.9397590361445783,0,0,1.0,0.20352892246642246,21,1.0288461538461537,0.5,11,20,0.0,59.48613099985778,1.0,0.9929328621908127,0.8789808917197452,0.0,40.0,0.0,0.0
1400,1400,multi,1.0,S2,order=class_size_asc,class_size_asc,3,0,1.0,664,L67;L70;L72,0.9397590361445783,0.9397590361445783,0,0,1.0,0.20352892246642246,21,1.0288461538461537,0.5,11,20,0.0,59.52107600001,1.0,0.9929328621908127,0.8789808917197452,0.0,40.0,0.0,0.0
1400,1400,multi,1.0,S2,util_cap=0.9,class_size_desc,3,0,0.9,664,L67;L70;L72,0.9337349397590361,0.9337349397590361,0,0,0.9,0.2039909188034188,0,1.0462365591397849,0.46153846153846156,14,26,0.0,60.11568099984288,1.0,0.9858657243816255,0.8726114649681529,0.0,44.0,0.0,0.0
1400,1400,multi,1.25,S0,default,class_size_desc,3,0,1.0,852,L67;L70;L72,0.7075508607198748,0.7075508607198748,27,265,3.8,0.3067354242979243,32,1.0221177771633951,0.5,11,50,0.0,36.66703499993673,0.6627051543973754,0.7099804912802907,0.7150497445590482,0.0,0.0,0.0,249.16666666666666
1400,1400,multi,1.25,S0-QoS,default,class_size_desc,3,0,1.0,852,L67;L70;L72,0.7077464788732394,0.7077464788732394,27,265,3.8,0.3067354242979243,32,1.0221116639027086,0.5,11,50,0.0,27.17277000010654,1.0,0.8591160220994475,0.5086848635235732,0.0,0.0,0.0,249.0
1400,1400,multi,1.25,S1,default,class_size_desc,3,0,1.0,852,L67;L70;L72,0.8661971830985915,0.8661971830985915,0,0,1.0,0.24402243589743589,32,1.0582655826558265,0.5,12,26,0.0,82.55688700000974,1.0,0.9116022099447514,0.7965260545905707,0.0,63.0,51.0,0.0
1400,1400,multi,1.25,S2,default,class_size_desc,3,0,1.0,852,L67;L70;L72,0.9237089201877934,0.9237089201877934,0,0,1.0,0.26273092185592184,35,1.0715798390512494,0.45454545454545453,13,27,0.0,66.71599900005276,1.0,0.9751381215469613,0.8610421836228288,0.0,65.0,0.0,0.0
1400,1400,multi,1.5,S0,default,class_size_desc,3,0,1.0,1050,L67;L70;L72,0.5985139407101079,0.5985139407101079,36,489,4.7,0.37796932234432234,39,1.021216569631355,0.5,11,64,0.0,32.771790999959194,0.5474942224227058,0.6138768933628249,0.5956513679806602,0.0,0.0,0.0,421.5603622543867
1400,1400,multi,1.5,S0-QoS,default,class_size_desc,3,0,1.0,1050,L67;L70;L72,0.5982841362665924,0.5982841362665924,36,489,4.7,0.37796932234432234,39,1.021224719040109,0.5,11,64,0.0,29.3810210000629,1.0,0.8112359550561797,0.3230427717032506,0.0,0.0,0.0,421.80165692007796
1400,1400,multi,1.5,S1,default,class_size_desc,3,0,1.0,1050,L67;L70;L72,0.8142857142857143,0.8142857142857143,0,0,1.0,0.2892232142857143,46,1.0873294346978557,0.5,15,36,0.0,103.79178099992714,1.0,0.8764044943820225,0.7194388777555111,0.0,101.0,94.0,0.0
1400,1400,multi,1.5,S2,default,class_size_desc,3,0,1.0,1050,L67;L70;L72,0.8952380952380953,0.8952380952380953,0,0,1.0,0.3316134768009768,53,1.1393617021276596,0.41509433962264153,27,65,0.0,70.63623199996982,1.0,0.9573033707865168,0.8176352705410822,0.0,110.0,0.0,0.0
1400,1400,multi,2.0,S0,default,class_size_desc,3,0,1.0,1328,L67;L70;L72,0.47502014761839617,0.47502014761839617,42,912,6.0,0.47794444444444445,43,1.0211362837827165,0.5,11,80,0.0,32.79101700013598,0.4313856822976772,0.4867210315977961,0.4737849852308738,0.0,0.0,0.0,697.1732439627699
1400,1400,multi,2.0,S0-QoS,default,class_size_desc,3,0,1.0,1328,L67;L70;L72,0.47556808221217056,0.47556808221217056,42,912,6.0,0.47794444444444445,43,1.0211119312210086,0.5,11,80,0.0,28.717486999994435,0.9850746268656716,0.7102473498233216,0.15534142225758363,0.0,0.0,0.0,696.4455868222375
1400,1400,multi,2.0,S1,default,class_size_desc,3,0,1.0,1328,L67;L70;L72,0.766566265060241,0.766566265060241,0,0,1.0,0.3732828144078144,64,1.1899148657498362,0.5,19,58,2.0,140.3212689999691,0.9850746268656716,0.8445229681978799,0.6496815286624203,0.0,180.0,130.0,0.0
1400,1400,multi,2.0,S2,default,class_size_desc,3,0,1.0,1328,L67;L70;L72,0.8147590361445783,0.8147590361445783,0,0,1.0,0.4161662087912088,73,1.246457178065311,0.5172413793103449,19,68,0.0,116.76411999997072,1.0,0.9399293286219081,0.6624203821656051,0.0,246.0,0.0,0.0
1400,1400,recovered,0.5,S0,default,class_size_desc,3,0,1.0,386,,0.9455958549222798,0.9455958549222798,7,21,1.7,0.12933229491173417,7,1.0,nan,31,63,0.0,30.629193000095256,0.9206597826507329,0.9519859225741578,0.94525702172761,0.0,0.0,0.0,21.0
1400,1400,recovered,0.5,S0-QoS,default,class_size_desc,3,0,1.0,386,,0.9455958549222798,0.9455958549222798,7,21,1.7,0.12933229491173417,7,1.0,nan,31,63,0.0,29.58089599997038,1.0,1.0,0.8864864864864865,0.0,0.0,0.0,21.0
1400,1400,recovered,0.5,S1,default,class_size_desc,3,0,1.0,386,,0.9740932642487047,0.9740932642487047,0,0,1.0,0.12223394155169856,7,1.0,nan,30,60,0.0,52.87410000005366,1.0,1.0,0.9459459459459459,0.0,4.0,6.0,0.0
1400,1400,recovered,0.5,S2,default,class_size_desc,3,0,1.0,386,,0.9896373056994818,0.9896373056994818,0,0,1.0,0.12388080403500965,7,1.0,nan,31,61,0.0,51.76542200001677,1.0,1.0,0.9783783783783784,0.0,4.0,0.0,0.0
1400,1400,recovered,0.75,S0,default,class_size_desc,3,0,1.0,531,,0.8926553672316384,0.8926553672316384,9,57,2.4,0.17772867527073136,11,1.0,nan,31,79,0.0,29.88167000012254,0.8428573514808108,0.8932440807193607,0.9026380639371401,0.0,0.0,0.0,57.0
1400,1400,recovered,0.75,S0-QoS,default,class_size_desc,3,0,1.0,531,,0.8926553672316384,0.8926553672316384,9,57,2.4,0.17772867527073136,11,1.0,nan,31,79,0.0,30.200276999948983,1.0,0.9647577092511013,0.8047808764940239,0.0,0.0,0.0,57.0
1400,1400,recovered,0.75,S1,default,class_size_desc,3,0,1.0,531,,0.9642184557438794,0.9642184557438794,0,0,1.0,0.16074069129209317,11,1.0,nan,30,73,0.0,73.27665299999353,1.0,0.9647577092511013,0.9561752988047809,0.0,10.0,9.0,0.0
1400,1400,recovered,0.75,S2,default,class_size_desc,3,0,1.0,531,,0.9811676082862524,0.9811676082862524,0,0,1.0,0.16317593828808782,11,1.0,nan,31,77,0.0,72.62370900002679,1.0,1.0,0.9601593625498008,0.0,10.0,0.0,0.0
1400,1400,recovered,1.0,S0,default,class_size_desc,3,0,1.0,664,,0.8373493975903614,0.8373493975903614,15,108,3.0,0.22264589823468328,19,1.0,nan,31,105,0.0,37.21929099992849,0.7946355180618646,0.8394898848271102,0.844534340394213,0.0,0.0,0.0,108.0
1400,1400,recovered,1.0,S0-QoS,default,class_size_desc,3,0,1.0,664,,0.8373493975903614,0.8373493975903614,15,108,3.0,0.22264589823468328,19,1.0,nan,31,105,0.0,37.45265899988226,1.0,0.9399293286219081,0.7101910828025477,0.0,0.0,0.0,108.0
1400,1400,recovered,1.0,S1,default,class_size_desc,3,0,1.0,664,,0.947289156626506,0.947289156626506,0,0,1.0,0.19374551253523217,20,1.005299417064123,nan,31,98,0.0,69.17067300014423,1.0,0.9823321554770318,0.9044585987261147,0.0,20.0,15.0,0.0
1400,1400,recovered,1.0,S2,default,class_size_desc,3,0,1.0,664,,0.9698795180722891,0.9698795180722891,0,0,1.0,0.19869700341195667,20,1.0082815734989647,nan,32,99,0.0,96.23997900007453,1.0,1.0,0.9363057324840764,0.0,20.0,0.0,0.0
1400,1400,recovered,1.0,S2,lambda=0.5xmean,class_size_desc,3,1,1.0,664,,0.9698795180722891,0.9698795180722891,0,0,1.0,0.2258052217771844,5,1.1749482401656315,nan,56,168,0.0,57.18059700006961,1.0,1.0,0.9363057324840764,0.0,20.0,0.0,0.0
1400,1400,recovered,1.0,S2,lambda=1xmean,class_size_desc,3,2,1.0,664,,0.9698795180722891,0.9698795180722891,0,0,1.0,0.24614159620234385,7,1.2531055900621118,nan,66,185,0.0,79.62904700002582,1.0,1.0,0.9363057324840764,0.0,20.0,0.0,0.0
1400,1400,recovered,1.0,S2,lambda=2xmean,class_size_desc,3,4,1.0,664,,0.9698795180722891,0.9698795180722891,0,0,1.0,0.27695764723334815,7,1.3509316770186335,nan,80,235,0.0,63.97936700000173,1.0,1.0,0.9363057324840764,0.0,20.0,0.0,0.0
1400,1400,recovered,1.0,S2,max_paths=1,class_size_desc,1,0,1.0,664,,0.9518072289156626,0.9518072289156626,0,0,1.0,0.19465969440735795,20,1.0052742616033756,nan,31,97,0.0,59.98068799999601,1.0,0.9858657243816255,0.910828025477707,0.0,20.0,12.0,0.0
1400,1400,recovered,1.0,S2,max_paths=2,class_size_desc,2,0,1.0,664,,0.9698795180722891,0.9698795180722891,0,0,1.0,0.19869700341195667,20,1.0082815734989647,nan,32,99,0.0,56.13402400013001,1.0,1.0,0.9363057324840764,0.0,20.0,0.0,0.0
1400,1400,recovered,1.0,S2,max_paths=4,class_size_desc,4,0,1.0,664,,0.9698795180722891,0.9698795180722891,0,0,1.0,0.19869700341195667,20,1.0082815734989647,nan,32,99,0.0,65.48507099978451,1.0,1.0,0.9363057324840764,0.0,20.0,0.0,0.0
1400,1400,recovered,1.0,S2,order=arrival,arrival,3,0,1.0,664,,0.9698795180722891,0.9698795180722891,0,0,1.0,0.19869700341195667,20,1.0082815734989647,nan,32,100,0.0,109.36130699997193,1.0,1.0,0.9363057324840764,0.0,20.0,0.0,0.0
1400,1400,recovered,1.0,S2,order=class_size_asc,class_size_asc,3,0,1.0,664,,0.9698795180722891,0.9698795180722891,0,0,1.0,0.19869700341195667,20,1.0082815734989647,nan,32,100,0.0,76.81523900009779,1.0,1.0,0.9363057324840764,0.0,20.0,0.0,0.0
1400,1400,recovered,1.0,S2,util_cap=0.9,class_size_desc,3,0,0.9,664,,0.9668674698795181,0.9668674698795181,0,0,0.9,0.200168743509865,0,1.0269989615784008,nan,38,113,0.0,62.397200000077646,1.0,0.9964664310954063,0.9331210191082803,0.0,22.0,0.0,0.0
1400,1400,recovered,1.25,S0,default,class_size_desc,3,0,1.0,852,,0.7359154929577465,0.7359154929577465,26,225,3.8,0.28610599317608665,33,1.0,nan,31,135,0.0,32.29820199999267,0.6978472154015054,0.7351187968053365,0.7448493494206878,0.0,0.0,0.0,225.0
1400,1400,recovered,1.25,S0-QoS,default,class_size_desc,3,0,1.0,852,,0.7359154929577465,0.7359154929577465,26,225,3.8,0.28610599317608665,33,1.0,nan,31,135,0.0,29.086509000080696,1.0,0.8729281767955801,0.5558312655086849,0.0,0.0,0.0,225.0
1400,1400,recovered,1.25,S1,default,class_size_desc,3,0,1.0,852,,0.8955399061032864,0.8955399061032864,0,0,1.0,0.24054717400979084,33,1.0423765836609873,nan,37,140,0.0,142.21965900014766,1.0,0.925414364640884,0.8461538461538461,0.0,33.0,56.0,0.0
1400,1400,recovered,1.25,S2,default,class_size_desc,3,0,1.0,852,,0.9589201877934272,0.9589201877934272,0,0,1.0,0.260920041536864,36,1.059159526723786,nan,45,165,0.0,81.37169499991614,1.0,0.988950276243094,0.9230769230769231,0.0,35.0,0.0,0.0
1400,1400,recovered,1.5,S0,default,class_size_desc,3,0,1.0,1050,,0.6196248196248196,0.6196248196248196,37,452,4.7,0.35197819314641743,40,1.0,nan,31,168,0.0,47.60795399988638,0.5685522327028579,0.6319054044332932,0.6195222824984813,0.0,0.0,0.0,399.3939393939394
1400,1400,recovered,1.5,S0-QoS,default,class_size_desc,3,0,1.0,1050,,0.6214587373410903,0.6214587373410903,37,452,4.7,0.35197819314641743,40,1.0,nan,31,168,0.0,28.476875000023938,1.0,0.8337078651685393,0.3517668821806509,0.0,0.0,0.0,397.4683257918552
1400,1400,recovered,1.5,S1,default,class_size_desc,3,0,1.0,1050,,0.8438095238095238,0.8438095238095238,0,0,1.0,0.28719492656875834,47,1.0782543265613243,nan,43,186,0.0,166.11990199999127,1.0,0.898876404494382,0.7615230460921844,0.0,57.0,107.0,0.0
1400,1400,recovered,1.5,S2,default,class_size_desc,3,0,1.0,1050,,0.9333333333333333,0.9333333333333333,0,0,1.0,0.33507958759827916,54,1.1472789115646258,nan,62,270,0.0,84.2971319998469,1.0,0.9797752808988764,0.8777555110220441,0.0,70.0,0.0,0.0
1400,1400,recovered,2.0,S0,default,class_size_desc,3,0,1.0,1328,,0.49063161165103597,0.49063161165103597,42,892,6.0,0.44529179646936656,43,1.0,nan,31,210,0.0,36.90533300004972,0.45018248963121116,0.4999376611803547,0.4908751758501794,0.0,0.0,0.0,676.4412197274243
1400,1400,recovered,2.0,S0-QoS,default,class_size_desc,3,0,1.0,1328,,0.48964570127796503,0.48964570127796503,42,892,6.0,0.44529179646936656,43,1.0,nan,31,210,0.0,34.463332000086666,0.9850746268656716,0.734982332155477,0.16281766130117448,0.0,0.0,0.0,677.7505087028625
1400,1400,recovered,2.0,S1,default,class_size_desc,3,0,1.0,1328,,0.8012048192771084,0.8012048192771084,0,0,1.0,0.3784671413736834,67,1.199874686716792,nan,62,326,2.0,154.79764800011253,0.9850746268656716,0.8692579505300353,0.7006369426751592,0.0,126.0,138.0,0.0
1400,1400,recovered,2.0,S2,default,class_size_desc,3,0,1.0,1328,,0.8448795180722891,0.8448795180722891,0,0,1.0,0.41662082777036047,76,1.2471776589423649,nan,68,376,0.0,138.57591600003616,1.0,0.9717314487632509,0.697452229299363,0.0,206.0,0.0,0.0
1500,1500,healthy,0.5,S0,default,class_size_desc,3,0,1.0,381,,0.989501312335958,0.989501312335958,2,4,1.3,0.12746464952219994,5,1.0,nan,0,0,0.0,30.378422000012506,0.9937629937629938,0.989036769681931,0.9890479890479891,0.0,0.0,0.0,4.000000000000001
1500,1500,healthy,0.5,S0-QoS,default,class_size_desc,3,0,1.0,381,,0.989501312335958,0.989501312335958,2,4,1.3,0.12746464952219994,5,1.0,nan,0,0,0.0,30.263466999940647,1.0,1.0,0.9788359788359788,0.0,0.0,0.0,4.0
1500,1500,healthy,0.5,S1,default,class_size_desc,3,0,1.0,381,,0.9921259842519685,0.9921259842519685,0,0,1.0,0.1257672947645894,5,1.0,nan,0,0,0.0,52.42914600012227,1.0,1.0,0.9841269841269841,0.0,3.0,0.0,0.0
1500,1500,healthy,0.5,S2,default,class_size_desc,3,0,1.0,381,,0.9921259842519685,0.9921259842519685,0,0,1.0,0.1257672947645894,5,1.0,nan,0,0,0.0,56.26172399979623,1.0,1.0,0.9841269841269841,0.0,3.0,0.0,0.0
1500,1500,healthy,0.75,S0,default,class_size_desc,3,0,1.0,527,,0.9297912713472486,0.9297912713472486,10,37,1.8,0.17611417022066309,15,1.0,nan,0,0,0.0,34.215158000051815,0.9565392678600225,0.918321176813306,0.9337203377095196,0.0,0.0,0.0,37.0
1500,1500,healthy,0.75,S0-QoS,default,class_size_desc,3,0,1.0,527,,0.9297912713472486,0.9297912713472486,10,37,1.8,0.17611417022066309,15,1.0,nan,0,0,0.0,30.220575999919674,1.0,1.0,0.8582375478927203,0.0,0.0,0.0,37.0
1500,1500,healthy,0.75,S1,default,class_size_desc,3,0,1.0,527,,0.9601518026565465,0.9601518026565465,0,0,1.0,0.16309315584672202,15,1.0,nan,0,0,0.0,65.79916000009689,1.0,1.0,0.9195402298850575,0.0,8.0,13.0,0.0
1500,1500,healthy,0.75,S2,default,class_size_desc,3,0,1.0,527,,0.9848197343453511,0.9848197343453511,0,0,1.0,0.16696994433123308,15,1.0012845215157353,nan,0,0,0.0,56.01590299988857,1.0,1.0,0.9693486590038314,0.0,8.0,0.0,0.0
1500,1500,healthy,1.0,S0,default,class_size_desc,3,0,1.0,660,,0.8493488605058853,0.8493488605058853,20,100,2.3,0.22055337090629762,24,1.0,nan,0,0,0.0,31.001039000102537,0.8980369497458547,0.8355416318883466,0.8509868160682779,0.0,0.0,0.0,99.4297520661157
1500,1500,healthy,1.0,S0-QoS,default,class_size_desc,3,0,1.0,660,,0.8493939393939394,0.8493939393939394,20,100,2.3,0.22055337090629762,24,1.0,nan,0,0,0.0,38.101314999948954,1.0,0.9776119402985075,0.7143730886850153,0.0,0.0,0.0,99.4
1500,1500,healthy,1.0,S1,default,class_size_desc,3,0,1.0,660,,0.9393939393939394,0.9393939393939394,0,0,1.0,0.19683944644741497,24,1.0096774193548388,nan,0,0,0.0,89.30624499998885,1.0,0.9776119402985075,0.8960244648318043,0.0,13.0,27.0,0.0
1500,1500,healthy,1.0,S2,default,class_size_desc,3,0,1.0,660,,0.9803030303030303,0.9803030303030303,0,0,1.0,0.2070469776165792,24,1.0211231324059764,nan,0,0,0.0,90.00748999983443,1.0,1.0,0.9602446483180428,0.0,13.0,0.0,0.0
1500,1500,healthy,1.0,S2,lambda=0.5xmean,class_size_desc,3,1,1.0,660,,0.9803030303030303,0.9803030303030303,0,0,1.0,0.230442391925176,4,1.1844410097887688,nan,0,0,0.0,57.98940399995445,1.0,1.0,0.9602446483180428,0.0,13.0,0.0,0.0
1500,1500,healthy,1.0,S2,lambda=1xmean,class_size_desc,3,2,1.0,660,,0.9803030303030303,0.9803030303030303,0,0,1.0,0.2437458479652282,3,1.2436888201957754,nan,0,0,0.0,59.11302100003013,1.0,1.0,0.9602446483180428,0.0,13.0,0.0,0.0
1500,1500,healthy,1.0,S2,lambda=2xmean,class_size_desc,3,4,1.0,660,,0.9803030303030303,0.9803030303030303,0,0,1.0,0.27645051221391603,4,1.3369397217928902,nan,0,0,0.0,93.567787999973,1.0,1.0,0.9602446483180428,0.0,13.0,0.0,0.0
1500,1500,healthy,1.0,S2,max_paths=1,class_size_desc,1,0,1.0,660,,0.943939393939394,0.943939393939394,0,0,1.0,0.19925173615803227,24,1.0160513643659712,nan,0,0,0.0,65.07321899994167,1.0,0.9888059701492538,0.8960244648318043,0.0,13.0,24.0,0.0
1500,1500,healthy,1.0,S2,max_paths=2,class_size_desc,2,0,1.0,660,,0.9803030303030303,0.9803030303030303,0,0,1.0,0.2070469776165792,24,1.0211231324059764,nan,0,0,0.0,54.49327700011963,1.0,1.0,0.9602446483180428,0.0,13.0,0.0,0.0
1500,1500,healthy,1.0,S2,max_paths=4,class_size_desc,4,0,1.0,660,,0.9803030303030303,0.9803030303030303,0,0,1.0,0.2070469776165792,24,1.0211231324059764,nan,0,0,0.0,59.72262399995998,1.0,1.0,0.9602446483180428,0.0,13.0,0.0,0.0
1500,1500,healthy,1.0,S2,order=arrival,arrival,3,0,1.0,660,,0.9803030303030303,0.9803030303030303,0,0,1.0,0.2070469776165792,24,1.0211231324059764,nan,0,0,0.0,51.200320999896576,1.0,1.0,0.9602446483180428,0.0,13.0,0.0,0.0
1500,1500,healthy,1.0,S2,order=class_size_asc,class_size_asc,3,0,1.0,660,,0.9803030303030303,0.9803030303030303,0,0,1.0,0.2070469776165792,24,1.0211231324059764,nan,0,0,0.0,56.32075399989844,1.0,1.0,0.9602446483180428,0.0,13.0,0.0,0.0
1500,1500,healthy,1.0,S2,util_cap=0.9,class_size_desc,3,0,0.9,660,,0.9787878787878788,0.9787878787878788,0,0,0.9,0.20878370440839697,0,1.0392156862745099,nan,0,0,0.0,56.601860999990095,1.0,0.996268656716418,0.9602446483180428,0.0,14.0,0.0,0.0
1500,1500,healthy,1.25,S0,default,class_size_desc,3,0,1.0,851,,0.7157423903566961,0.7157423903566961,32,270,2.9,0.28398957974855665,34,1.0,nan,0,0,0.0,29.328913999961514,0.7477639675502943,0.7065940118886652,0.7169451108374308,0.0,0.0,0.0,241.90322580645162
1500,1500,healthy,1.25,S0-QoS,default,class_size_desc,3,0,1.0,851,,0.7170202238852125,0.7170202238852125,32,270,2.9,0.28398957974855665,34,1.0,nan,0,0,0.0,36.56262999993487,1.0,0.9393063583815029,0.47910950361686205,0.0,0.0,0.0,240.81578947368422
1500,1500,healthy,1.25,S1,default,class_size_desc,3,0,1.0,851,,0.8954171562867215,0.8954171562867215,0,0,1.0,0.24764571445387973,36,1.05249343832021,nan,0,0,0.0,95.14877300011904,1.0,0.9479768786127167,0.8317535545023697,0.0,20.0,69.0,0.0
1500,1500,healthy,1.25,S2,default,class_size_desc,3,0,1.0,851,,0.972972972972973,0.972972972972973,0,0,1.0,0.27448017449566886,39,1.0817230273752012,nan,0,0,0.0,67.08010200009085,1.0,0.9913294797687862,0.95260663507109,0.0,23.0,0.0,0.0
1500,1500,healthy,1.5,S0,default,class_size_desc,3,0,1.0,1041,,0.6054075617768119,0.6054075617768119,37,504,3.6,0.34801802042849755,39,1.0,nan,0,0,0.0,32.82204499987529,0.6199096462515505,0.5972973425735167,0.6091893643089251,0.0,0.0,0.0,410.77072819033884
1500,1500,healthy,1.5,S0-QoS,default,class_size_desc,3,0,1.0,1041,,0.6032329281572124,0.6032329281572124,37,504,3.6,0.34801802042849755,39,1.0,nan,0,0,0.0,51.229515999921205,1.0,0.8936170212765957,0.28675480273577164,0.0,0.0,0.0,413.0345217883418
1500,1500,healthy,1.5,S1,default,class_size_desc,3,0,1.0,1041,,0.8530259365994236,0.8530259365994236,0,0,1.0,0.29457732036777784,46,1.09009009009009,nan,0,0,0.0,98.77988299990648,1.0,0.9219858156028369,0.7674418604651163,0.0,49.0,104.0,0.0
1500,1500,healthy,1.5,S2,default,class_size_desc,3,0,1.0,1041,,0.9356388088376562,0.9356388088376562,0,0,1.0,0.3330840118508589,53,1.136208076659822,nan,0,0,0.0,81.49314199999935,1.0,0.9858156028368794,0.8817829457364341,0.0,67.0,0.0,0.0
1500,1500,healthy,2.0,S0,default,class_size_desc,3,0,1.0,1320,,0.48313809920048256,0.48313809920048256,42,920,4.6,0.44110674181259524,42,1.0,nan,0,0,0.0,32.42304600007628,0.4926167119721132,0.4767266089090008,0.48650864833797836,0.0,0.0,0.0,682.257709055363
1500,1500,healthy,2.0,S0-QoS,default,class_size_desc,3,0,1.0,1320,,0.47882575757575757,0.47882575757575757,42,920,4.6,0.44110674181259524,42,1.0,nan,0,0,0.0,29.89714900013496,1.0,0.7780783582089552,0.12996941896024464,0.0,0.0,0.0,687.95
1500,1500,healthy,2.0,S1,default,class_size_desc,3,0,1.0,1320,,0.7727272727272727,0.7727272727272727,0,0,1.0,0.35404542088506674,62,1.1575163398692812,nan,0,0,0.0,158.3531359999597,1.0,0.8470149253731343,0.6666666666666666,0.0,120.0,180.0,0.0
1500,1500,healthy,2.0,S2,default,class_size_desc,3,0,1.0,1320,,0.853030303030303,0.853030303030303,0,0,1.0,0.40324307113338104,74,1.2155121373593842,nan,0,0,0.0,118.55776400011564,1.0,0.9813432835820896,0.7186544342507645,0.0,194.0,0.0,0.0
1500,1500,uplink,0.5,S0,default,class_size_desc,3,0,1.0,381,L6,0.9763779527559056,0.9763779527559056,3,9,1.5,0.1333450437899296,6,1.0456989247311828,0.9107142857142857,27,56,0.0,30.52494700000352,0.9937629937629938,0.9718324686066622,0.9767023100356433,0.0,0.0,0.0,9.0
1500,1500,uplink,0.5,S0-QoS,default,class_size_desc,3,0,1.0,381,L6,0.9763779527559056,0.9763779527559056,3,9,1.5,0.1333450437899296,6,1.0456989247311828,0.9107142857142857,27,56,0.0,29.70050999988416,1.0,1.0,0.9523809523809523,0.0,0.0,0.0,9.0
1500,1500,uplink,0.5,S1,default,class_size_desc,3,0,1.0,381,L6,0.9921259842519685,0.9921259842519685,0,0,1.0,0.13078935819228768,6,1.0493827160493827,1.0,27,56,0.0,52.16723500006992,1.0,1.0,0.9841269841269841,0.0,3.0,0.0,0.0
1500,1500,uplink,0.5,S2,default,class_size_desc,3,0,1.0,381,L6,0.9921259842519685,0.9921259842519685,0,0,1.0,0.13078935819228768,6,1.0493827160493827,1.0,27,56,0.0,72.04850100015392,1.0,1.0,0.9841269841269841,0.0,3.0,0.0,0.0
1500,1500,uplink,0.75,S0,default,class_size_desc,3,0,1.0,527,L6,0.9108159392789373,0.9108159392789373,10,47,2.2,0.18459301010145102,15,1.0479166666666666,0.8734177215189873,27,81,0.0,32.787339999913456,0.9565392678600225,0.8948469984095502,0.9145632495869143,0.0,0.0,0.0,47.0
1500,1500,uplink,0.75,S0-QoS,default,class_size_desc,3,0,1.0,527,L6,0.9108159392789373,0.9108159392789373,10,47,2.2,0.18459301010145102,15,1.0479166666666666,0.8734177215189873,27,81,0.0,29.7823039998093,1.0,0.9953051643192489,0.8237547892720306,0.0,0.0,0.0,47.0
1500,1500,uplink,0.75,S1,default,class_size_desc,3,0,1.0,527,L6,0.9620493358633776,0.9620493358633776,0,0,1.0,0.17011740678498374,16,1.0552268244575937,1.0123456790123457,28,82,0.0,64.44663399997808,1.0,0.9953051643192489,0.9272030651340997,0.0,8.0,12.0,0.0
1500,1500,uplink,0.75,S2,default,class_size_desc,3,0,1.0,527,L6,0.9848197343453511,0.9848197343453511,0,0,1.0,0.17381121041597705,16,1.056518946692357,1.0,29,84,0.0,53.79333399991992,1.0,1.0,0.9693486590038314,0.0,8.0,0.0,0.0
1500,1500,uplink,1.0,S0,default,class_size_desc,3,0,1.0,660,L6,0.8310840203232369,0.8310840203232369,21,113,2.8,0.23123042427064275,25,1.047367371325888,0.8660578386605784,27,101,0.0,32.39437299998826,0.8929789940029674,0.8136647151024133,0.8330571105678798,0.0,0.0,0.0,111.48454658666365
1500,1500,uplink,1.0,S0-QoS,default,class_size_desc,3,0,1.0,660,L6,0.8315151515151515,0.8315151515151515,21,113,2.8,0.23123042427064275,25,1.0474975704567542,0.8688888888888889,27,101,0.0,28.938631000073656,1.0,0.9626865671641791,0.690519877675841,0.0,0.0,0.0,111.2
1500,1500,uplink,1.0,S1,default,class_size_desc,3,0,1.0,660,L6,0.9333333333333333,0.9333333333333333,0,0,1.0,0.20457758935316037,25,1.066017316017316,0.978494623655914,27,95,0.0,85.62478099997861,1.0,0.9626865671641791,0.8960244648318043,0.0,13.0,31.0,0.0
1500,1500,uplink,1.0,S2,default,class_size_desc,3,0,1.0,660,L6,0.9803030303030303,0.9803030303030303,0,0,1.0,0.2210311346217503,26,1.0932509015971148,1.0,32,115,0.0,51.65698799987695,1.0,1.0,0.9602446483180428,0.0,13.0,0.0,0.0
1500,1500,uplink,1.0,S2,lambda=0.5xmean,class_size_desc,3,1,1.0,660,L6,0.9803030303030303,0.9803030303030303,0,0,1.0,0.260237402892815,6,1.28026790314271,1.0,62,187,0.0,56.837943999880736,1.0,1.0,0.9602446483180428,0.0,13.0,0.0,0.0
1500,1500,uplink,1.0,S2,lambda=1xmean,class_size_desc,3,2,1.0,660,L6,0.9803030303030303,0.9803030303030303,0,0,1.0,0.27668208256490284,5,1.3343637300360638,1.0,79,250,0.0,57.564527000067756,1.0,1.0,0.9602446483180428,0.0,13.0,0.0,0.0
1500,1500,uplink,1.0,S2,lambda=2xmean,class_size_desc,3,4,1.0,660,L6,0.9803030303030303,0.9803030303030303,0,0,1.0,0.32279869485033336,8,1.4662545079855744,1.0,82,290,0.0,55.119661999924574,1.0,1.0,0.9602446483180428,0.0,13.0,0.0,0.0
1500,1500,uplink,1.0,S2,max_paths=1,class_size_desc,1,0,1.0,660,L6,0.9393939393939394,0.9393939393939394,0,0,1.0,0.20783771081065022,25,1.075268817204301,0.9690721649484536,28,102,0.0,71.32229800004097,1.0,0.9888059701492538,0.8868501529051988,0.0,13.0,27.0,0.0
1500,1500,uplink,1.0,S2,max_paths=2,class_size_desc,2,0,1.0,660,L6,0.9803030303030303,0.9803030303030303,0,0,1.0,0.2210311346217503,26,1.0932509015971148,1.0,32,115,0.0,59.21606399988377,1.0,1.0,0.9602446483180428,0.0,13.0,0.0,0.0
1500,1500,uplink,1.0,S2,max_paths=4,class_size_desc,4,0,1.0,660,L6,0.9803030303030303,0.9803030303030303,0,0,1.0,0.2210311346217503,26,1.0932509015971148,1.0,32,115,0.0,61.08056099992609,1.0,1.0,0.9602446483180428,0.0,13.0,0.0,0.0
1500,1500,uplink,1.0,S2,order=arrival,arrival,3,0,1.0,660,L6,0.9803030303030303,0.9803030303030303,0,0,1.0,0.2190985091538716,27,1.0891293147861927,1.0,30,110,0.0,62.71605800020552,1.0,1.0,0.9602446483180428,0.0,13.0,0.0,0.0
1500,1500,uplink,1.0,S2,order=class_size_asc,class_size_asc,3,0,1.0,660,L6,0.9803030303030303,0.9803030303030303,0,0,1.0,0.22156378427927584,26,1.0942812982998456,1.0,31,113,0.0,53.51952099999835,1.0,1.0,0.9602446483180428,0.0,13.0,0.0,0.0
1500,1500,uplink,1.0,S2,util_cap=0.9,class_size_desc,3,0,0.9,660,L6,0.9787878787878788,0.9787878787878788,0,0,0.9,0.22629615129987524,0,1.128998968008256,1.0,41,129,0.0,54.78993299993817,1.0,0.996268656716418,0.9602446483180428,0.0,14.0,0.0,0.0
1500,1500,uplink,1.25,S0,default,class_size_desc,3,0,1.0,851,L6,0.6900373374777302,0.6900373374777302,33,306,3.5,0.29759662430144057,34,1.0443472429176022,0.78125,27,131,0.0,31.816058000003977,0.7284674137461449,0.678167547572216,0.6922109179920181,0.0,0.0,0.0,263.77822580645164
1500,1500,uplink,1.25,S0-QoS,default,class_size_desc,3,0,1.0,851,L6,0.6934684575027338,0.6934684575027338,33,306,3.5,0.29759662430144057,34,1.0451628552877803,0.7995744680851063,27,131,0.0,32.68660000003365,1.0,0.9190751445086706,0.44820297946641335,0.0,0.0,0.0,260.85834266517355
1500,1500,uplink,1.25,S1,default,class_size_desc,3,0,1.0,851,L6,0.8907168037602821,0.8907168037602821,0,0,1.0,0.27740410714740404,36,1.1653474054529465,0.968503937007874,38,159,0.0,96.79931700020461,1.0,0.9450867052023122,0.8246445497630331,0.0,20.0,73.0,0.0
1500,1500,uplink,1.25,S2,default,class_size_desc,3,0,1.0,851,L6,0.972972972972973,0.972972972972973,0,0,1.0,0.3132528136378683,42,1.2033011272141707,1.0,44,193,0.0,92.80914500004656,1.0,0.9913294797687862,0.95260663507109,0.0,23.0,0.0,0.0
1500,1500,uplink,1.5,S0,default,class_size_desc,3,0,1.0,1041,L6,0.584172918973839,0.584172918973839,37,541,4.3,0.36457546806057234,39,1.0426967393349047,0.7789473684210526,27,157,0.0,33.959376999973756,0.6065592768640294,0.5723506426957945,0.5894392258746401,0.0,0.0,0.0,432.8759913482336
1500,1500,uplink,1.5,S0-QoS,default,class_size_desc,3,0,1.0,1041,L6,0.5840206322878561,0.5840206322878561,37,541,4.3,0.36457546806057234,39,1.0438621395825092,0.8,27,157,0.0,41.52310199992826,1.0,0.8699763593380615,0.26737495777453135,0.0,0.0,0.0,433.0345217883418
1500,1500,uplink,1.5,S1,default,class_size_desc,3,0,1.0,1041,L6,0.8501440922190202,0.8501440922190202,0,0,1.0,0.3435671517327426,50,1.2297551789077212,0.9642857142857143,39,190,0.0,155.59978200008118,1.0,0.91725768321513,0.7655038759689923,0.0,47.0,109.0,0.0
1500,1500,uplink,1.5,S2,default,class_size_desc,3,0,1.0,1041,L6,0.9125840537944284,0.9125840537944284,0,0,1.0,0.3769142837742639,61,1.2617543859649123,1.0,59,257,0.0,135.22789700004978,1.0,0.9858156028368794,0.8352713178294574,0.0,91.0,0.0,0.0
1500,1500,uplink,2.0,S0,default,class_size_desc,3,0,1.0,1320,L6,0.4664299215334008,0.4664299215334008,42,944,5.6,0.4624608485412855,42,1.0421995497890069,0.7794520547945205,27,202,0.0,50.401162000071054,0.4812390664284725,0.4573865311618248,0.47089791603310327,0.0,0.0,0.0,704.3125035759109
1500,1500,uplink,2.0,S0-QoS,default,class_size_desc,3,0,1.0,1320,L6,0.46321969696969695,0.46321969696969695,42,944,5.6,0.4624608485412855,42,1.0432850873606454,0.794,27,202,0.0,44.886800999847765,1.0,0.7508395522388059,0.12079510703363915,0.0,0.0,0.0,708.55
1500,1500,uplink,2.0,S1,default,class_size_desc,3,0,1.0,1320,L6,0.7378787878787879,0.7378787878787879,0,0,1.0,0.3835875665215288,67,1.2614647501711156,1.0142857142857142,54,238,0.0,200.50731300011648,1.0,0.8507462686567164,0.5932721712538226,0.0,150.0,196.0,0.0
1500,1500,uplink,2.0,S2,default,class_size_desc,3,0,1.0,1320,L6,0.7992424242424242,0.7992424242424242,0,0,1.0,0.4332776122696679,77,1.3251184834123222,0.9659090909090909,56,269,0.0,180.74774500018975,1.0,0.9813432835820896,0.6100917431192661,0.0,263.0,2.0,0.0
1500,1500,multi,0.5,S0,default,class_size_desc,3,0,1.0,381,L11;L43;L94,0.984251968503937,0.984251968503937,3,6,1.3,0.13566216175300183,6,1.0302222222222222,0.8947368421052632,11,19,0.0,30.48369999987699,0.9802494802494802,0.985810963230318,0.9837569837569837,0.0,0.0,0.0,6.0
1500,1500,multi,0.5,S0-QoS,default,class_size_desc,3,0,1.0,381,L11;L43;L94,0.984251968503937,0.984251968503937,3,6,1.3,0.13566216175300183,6,1.0302222222222222,0.8947368421052632,11,19,0.0,27.730195000003732,1.0,1.0,0.9682539682539683,0.0,0.0,0.0,6.0
1500,1500,multi,0.5,S1,default,class_size_desc,3,0,1.0,381,L11;L43;L94,0.9868766404199475,0.9868766404199475,0,0,1.0,0.13289408370531852,6,1.0301418439716312,0.8947368421052632,11,17,0.0,55.54058199982137,1.0,1.0,0.9735449735449735,0.0,5.0,0.0,0.0
1500,1500,multi,0.5,S2,default,class_size_desc,3,0,1.0,381,L11;L43;L94,0.9868766404199475,0.9868766404199475,0,0,1.0,0.13289408370531852,6,1.0301418439716312,0.8947368421052632,11,17,0.0,50.40218399994956,1.0,1.0,0.9735449735449735,0.0,5.0,0.0,0.0
1500,1500,multi,0.75,S0,default,class_size_desc,3,0,1.0,527,L11;L43;L94,0.9165085388994307,0.9165085388994307,11,44,1.8,0.18736604269549614,16,1.0262249827467218,0.7307692307692308,11,26,0.0,27.85816599998725,0.9176935408899893,0.9086553386470536,0.9226768398506059,0.0,0.0,0.0,44.0
1500,1500,multi,0.75,S0-QoS,default,class_size_desc,3,0,1.0,527,L11;L43;L94,0.9165085388994307,0.9165085388994307,11,44,1.8,0.18736604269549614,16,1.0262249827467218,0.7307692307692307,11,26,0.0,28.0828670001938,1.0,1.0,0.8314176245210728,0.0,0.0,0.0,44.0
1500,1500,multi,0.75,S1,default,class_size_desc,3,0,1.0,527,L11;L43;L94,0.9468690702087287,0.9468690702087287,0,0,1.0,0.17039325817008003,16,1.0253841015364062,0.7307692307692307,11,19,0.0,61.011752000013075,1.0,1.0,0.89272030651341,0.0,15.0,13.0,0.0
1500,1500,multi,0.75,S2,default,class_size_desc,3,0,1.0,527,L11;L43;L94,0.9715370018975332,0.9715370018975332,0,0,1.0,0.1743818770916443,16,1.0260416666666667,0.7307692307692307,11,19,0.0,60.34057300007589,1.0,1.0,0.9425287356321839,0.0,15.0,0.0,0.0
1500,1500,multi,1.0,S0,default,class_size_desc,3,0,1.0,660,L11;L43;L94,0.824793388429752,0.824793388429752,21,122,2.3,0.23450944607574162,25,1.0244934313070586,0.6451612903225806,11,32,0.0,36.59952899988639,0.8399132552585238,0.8170655353932542,0.8281214412429363,0.0,0.0,0.0,115.63636363636364
1500,1500,multi,1.0,S0-QoS,default,class_size_desc,3,0,1.0,660,L11;L43;L94,0.825296442687747,0.825296442687747,21,122,2.3,0.23450944607574162,25,1.023786717752235,0.6269284712482468,11,32,0.0,27.813852999997835,1.0,0.9701492537313433,0.671852147320835,0.0,0.0,0.0,115.30434782608695
1500,1500,multi,1.0,S1,default,class_size_desc,3,0,1.0,660,L11;L43;L94,0.9196969696969697,0.9196969696969697,0,0,1.0,0.20367780057886334,24,1.0318506315211422,0.6451612903225806,12,21,0.0,67.81324700000368,1.0,0.9701492537313433,0.8623853211009175,0.0,25.0,28.0,0.0
1500,1500,multi,1.0,S2,default,class_size_desc,3,0,1.0,660,L11;L43;L94,0.9621212121212122,0.9621212121212122,0,0,1.0,0.21432915560597746,25,1.04251968503937,0.6451612903225806,13,22,0.0,55.5545769998389,1.0,0.9925373134328358,0.9296636085626911,0.0,25.0,0.0,0.0
1500,1500,multi,1.0,S2,lambda=0.5xmean,class_size_desc,3,1,1.0,660,L11;L43;L94,0.9621212121212122,0.9621212121212122,0,0,1.0,0.23820541738962792,8,1.19002624671916,0.9215686274509803,48,123,0.0,55.285543000081816,1.0,0.9925373134328358,0.9296636085626911,0.0,25.0,0.0,0.0
1500,1500,multi,1.0,S2,lambda=1xmean,class_size_desc,3,2,1.0,660,L11;L43;L94,0.9621212121212122,0.9621212121212122,0,0,1.0,0.2503883302931886,6,1.2404199475065616,0.9215686274509803,58,143,0.0,64.56862300001376,1.0,0.9925373134328358,0.9296636085626911,0.0,25.0,0.0,0.0
1500,1500,multi,1.0,S2,lambda=2xmean,class_size_desc,3,4,1.0,660,L11;L43;L94,0.9621212121212122,0.9621212121212122,0,0,1.0,0.2737706386899201,8,1.3034120734908137,0.8688524590163934,50,139,0.0,62.73807900015527,1.0,0.9925373134328358,0.9296636085626911,0.0,25.0,0.0,0.0
1500,1500,multi,1.0,S2,max_paths=1,class_size_desc,1,0,1.0,660,L11;L43;L94,0.9257575757575758,0.9257575757575758,0,0,1.0,0.2063090514130494,25,1.038188761593017,0.6451612903225806,13,22,0.0,74.16549000004125,1.0,0.9813432835820896,0.8654434250764526,0.0,25.0,24.0,0.0
1500,1500,multi,1.0,S2,max_paths=2,class_size_desc,2,0,1.0,660,L11;L43;L94,0.9621212121212122,0.9621212121212122,0,0,1.0,0.21432915560597746,25,1.04251968503937,0.6451612903225806,13,22,0.0,55.29318699996111,1.0,0.9925373134328358,0.9296636085626911,0.0,25.0,0.0,0.0
1500,1500,multi,1.0,S2,max_paths=4,class_size_desc,4,0,1.0,660,L11;L43;L94,0.9621212121212122,0.9621212121212122,0,0,1.0,0.21432915560597746,25,1.04251968503937,0.6451612903225806,13,22,0.0,54.53744999999799,1.0,0.9925373134328358,0.9296636085626911,0.0,25.0,0.0,0.0
1500,1500,multi,1.0,S2,order=arrival,arrival,3,0,1.0,660,L11;L43;L94,0.9621212121212122,0.9621212121212122,0,0,1.0,0.21464966842649028,24,1.04251968503937,0.625,12,24,0.0,78.87038399985613,1.0,0.9925373134328358,0.9296636085626911,0.0,25.0,0.0,0.0
1500,1500,multi,1.0,S2,order=class_size_asc,class_size_asc,3,0,1.0,660,L11;L43;L94,0.9621212121212122,0.9621212121212122,0,0,1.0,0.21432915560597746,25,1.04251968503937,0.625,12,22,0.0,58.03277499990145,1.0,0.9925373134328358,0.9296636085626911,0.0,25.0,0.0,0.0
1500,1500,multi,1.0,S2,util_cap=0.9,class_size_desc,3,0,0.9,660,L11;L43;L94,0.9575757575757575,0.9575757575757575,0,0,0.9,0.2147566620570163,0,1.0585443037974684,0.5806451612903226,13,21,0.0,60.10252600003696,1.0,0.9850746268656716,0.926605504587156,0.0,28.0,0.0,0.0
1500,1500,multi,1.25,S0,default,class_size_desc,3,0,1.0,851,L11;L43;L94,0.6932741849129809,0.6932741849129809,33,298,2.9,0.3019089995699307,34,1.0225329134321572,0.5864949530107901,11,41,0.0,30.69517500011898,0.701381325574361,0.6908258298960681,0.6936870715503204,0.0,0.0,0.0,261.02366863905326
1500,1500,multi,1.25,S0-QoS,default,class_size_desc,3,0,1.0,851,L11;L43;L94,0.6932085247302638,0.6932085247302638,33,298,2.9,0.3019089995699307,34,1.0195712056710264,0.5093582887700535,11,41,0.0,26.905008000085218,1.0,0.9219653179190751,0.4453091339939681,0.0,0.0,0.0,261.07954545454544
1500,1500,multi,1.25,S1,default,class_size_desc,3,0,1.0,851,L11;L43;L94,0.8683901292596945,0.8683901292596945,0,0,1.0,0.25145852056175944,36,1.0672079386558413,0.5882352941176471,16,35,0.0,108.3995030001006,1.0,0.930635838150289,0.7914691943127962,0.0,41.0,71.0,0.0
1500,1500,multi,1.25,S2,default,class_size_desc,3,0,1.0,851,L11;L43;L94,0.9482961222091657,0.9482961222091657,0,0,1.0,0.279475097692456,40,1.0916976456009913,0.5555555555555556,20,45,0.0,62.98626500006321,1.0,0.9739884393063584,0.9170616113744076,0.0,44.0,0.0,0.0
1500,1500,multi,1.5,S0,default,class_size_desc,3,0,1.0,1041,L11;L43;L94,0.5849405157762506,0.5849405157762506,37,524,3.6,0.3701716078287435,39,1.021896580764696,0.5263157894736842,11,51,0.0,30.39169699991362,0.590081189793466,0.583118930173523,0.5854176125983395,0.0,0.0,0.0,432.0769230769231
1500,1500,multi,1.5,S0-QoS,default,class_size_desc,3,0,1.0,1041,L11;L43;L94,0.5809026187975257,0.5809026187975257,37,524,3.6,0.3701716078287435,39,1.0181747932926357,0.4338416133792425,11,51,0.0,27.337197999941054,1.0,0.8747044917257684,0.2572085778453959,0.0,0.0,0.0,436.2803738317757
1500,1500,multi,1.5,S1,default,class_size_desc,3,0,1.0,1041,L11;L43;L94,0.8357348703170029,0.8357348703170029,0,0,1.0,0.30322242551645384,47,1.1057471264367815,0.5263157894736842,19,58,0.0,98.65806400011934,1.0,0.9030732860520094,0.748062015503876,0.0,77.0,94.0,0.0
1500,1500,multi,1.5,S2,default,class_size_desc,3,0,1.0,1041,L11;L43;L94,0.9087415946205571,0.9087415946205571,0,0,1.0,0.33702381199547193,52,1.1437632135306555,0.45454545454545453,20,69,0.0,69.58922800004075,1.0,0.966903073286052,0.8430232558139535,0.0,95.0,0.0,0.0
1500,1500,multi,2.0,S0,default,class_size_desc,3,0,1.0,1320,L11;L43;L94,0.46461691623707824,0.46461691623707824,42,924,4.6,0.46901889215148324,43,1.0217405129860917,0.5,11,64,0.0,33.96335600018574,0.4678813901467846,0.464114331530827,0.4643799189806392,0.0,0.0,0.0,706.7056705670567
1500,1500,multi,2.0,S0-QoS,default,class_size_desc,3,0,1.0,1320,L11;L43;L94,0.4575428194993412,0.4575428194993412,42,924,4.6,0.46901889215148324,43,1.0151382704114689,0.34285714285714286,11,64,0.0,29.35309800000141,0.9846153846153847,0.7593283582089552,0.10543810663475602,0.0,0.0,0.0,716.0434782608696
1500,1500,multi,2.0,S1,default,class_size_desc,3,0,1.0,1320,L11;L43;L94,0.746969696969697,0.746969696969697,0,0,1.0,0.3550750019773299,62,1.1622718052738337,0.5,18,56,0.0,119.64493300001777,0.9846153846153847,0.832089552238806,0.6299694189602446,0.0,154.0,180.0,0.0
1500,1500,multi,2.0,S2,default,class_size_desc,3,0,1.0,1320,L11;L43;L94,0.8287878787878787,0.8287878787878787,0,0,1.0,0.4182517740356809,76,1.2364411943936624,0.56,23,86,0.0,103.5236289999375,0.9846153846153847,0.9589552238805971,0.691131498470948,0.0,226.0,0.0,0.0
1500,1500,recovered,0.5,S0,default,class_size_desc,3,0,1.0,381,,0.989501312335958,0.989501312335958,2,4,1.3,0.12746464952219994,5,1.0,nan,11,25,0.0,31.087562000038815,0.9937629937629938,0.989036769681931,0.9890479890479891,0.0,0.0,0.0,4.000000000000001
1500,1500,recovered,0.5,S0-QoS,default,class_size_desc,3,0,1.0,381,,0.989501312335958,0.989501312335958,2,4,1.3,0.12746464952219994,5,1.0,nan,11,25,0.0,28.47137499998098,1.0,1.0,0.9788359788359788,0.0,0.0,0.0,4.0
1500,1500,recovered,0.5,S1,default,class_size_desc,3,0,1.0,381,,0.9921259842519685,0.9921259842519685,0,0,1.0,0.1257672947645894,5,1.0,nan,11,25,0.0,48.760566000055405,1.0,1.0,0.9841269841269841,0.0,3.0,0.0,0.0
1500,1500,recovered,0.5,S2,default,class_size_desc,3,0,1.0,381,,0.9921259842519685,0.9921259842519685,0,0,1.0,0.1257672947645894,5,1.0,nan,11,25,0.0,51.72928399997545,1.0,1.0,0.9841269841269841,0.0,3.0,0.0,0.0
1500,1500,recovered,0.75,S0,default,class_size_desc,3,0,1.0,527,,0.9297912713472486,0.9297912713472486,10,37,1.8,0.17611417022066309,15,1.0,nan,11,34,0.0,29.316090000065742,0.9565392678600225,0.918321176813306,0.9337203377095196,0.0,0.0,0.0,37.0
1500,1500,recovered,0.75,S0-QoS,default,class_size_desc,3,0,1.0,527,,0.9297912713472486,0.9297912713472486,10,37,1.8,0.17611417022066309,15,1.0,nan,11,34,0.0,28.48370900005648,1.0,1.0,0.8582375478927203,0.0,0.0,0.0,37.0
1500,1500,recovered,0.75,S1,default,class_size_desc,3,0,1.0,527,,0.9601518026565465,0.9601518026565465,0,0,1.0,0.16309315584672202,15,1.0,nan,11,34,0.0,65.09619100006603,1.0,1.0,0.9195402298850575,0.0,8.0,13.0,0.0
1500,1500,recovered,0.75,S2,default,class_size_desc,3,0,1.0,527,,0.9848197343453511,0.9848197343453511,0,0,1.0,0.16696994433123308,15,1.0012845215157353,nan,11,34,0.0,62.797911999950884,1.0,1.0,0.9693486590038314,0.0,8.0,0.0,0.0
1500,1500,recovered,1.0,S0,default,class_size_desc,3,0,1.0,660,,0.8493488605058853,0.8493488605058853,20,100,2.3,0.22055337090629762,24,1.0,nan,11,43,0.0,33.34691899999598,0.8980369497458547,0.8355416318883466,0.8509868160682779,0.0,0.0,0.0,99.4297520661157
1500,1500,recovered,1.0,S0-QoS,default,class_size_desc,3,0,1.0,660,,0.8493939393939394,0.8493939393939394,20,100,2.3,0.22055337090629762,24,1.0,nan,11,43,0.0,40.547283000023526,1.0,0.9776119402985075,0.7143730886850153,0.0,0.0,0.0,99.4
1500,1500,recovered,1.0,S1,default,class_size_desc,3,0,1.0,660,,0.9393939393939394,0.9393939393939394,0,0,1.0,0.19683944644741497,24,1.0096774193548388,nan,11,39,0.0,69.38460399987889,1.0,0.9776119402985075,0.8960244648318043,0.0,13.0,27.0,0.0
1500,1500,recovered,1.0,S2,default,class_size_desc,3,0,1.0,660,,0.9803030303030303,0.9803030303030303,0,0,1.0,0.2070469776165792,24,1.0211231324059764,nan,11,43,0.0,97.78194999989864,1.0,1.0,0.9602446483180428,0.0,13.0,0.0,0.0
1500,1500,recovered,1.0,S2,lambda=0.5xmean,class_size_desc,3,1,1.0,660,,0.9803030303030303,0.9803030303030303,0,0,1.0,0.230442391925176,4,1.1844410097887688,nan,36,122,0.0,59.607328000083726,1.0,1.0,0.9602446483180428,0.0,13.0,0.0,0.0
1500,1500,recovered,1.0,S2,lambda=1xmean,class_size_desc,3,2,1.0,660,,0.9803030303030303,0.9803030303030303,0,0,1.0,0.2437458479652282,3,1.2436888201957754,nan,34,117,0.0,55.98680800017064,1.0,1.0,0.9602446483180428,0.0,13.0,0.0,0.0
1500,1500,recovered,1.0,S2,lambda=2xmean,class_size_desc,3,4,1.0,660,,0.9803030303030303,0.9803030303030303,0,0,1.0,0.27645051221391603,4,1.3369397217928902,nan,43,153,0.0,74.96837600001527,1.0,1.0,0.9602446483180428,0.0,13.0,0.0,0.0
1500,1500,recovered,1.0,S2,max_paths=1,class_size_desc,1,0,1.0,660,,0.943939393939394,0.943939393939394,0,0,1.0,0.19925173615803227,24,1.0160513643659712,nan,11,43,0.0,72.39383799992538,1.0,0.9888059701492538,0.8960244648318043,0.0,13.0,24.0,0.0
1500,1500,recovered,1.0,S2,max_paths=2,class_size_desc,2,0,1.0,660,,0.9803030303030303,0.9803030303030303,0,0,1.0,0.2070469776165792,24,1.0211231324059764,nan,11,43,0.0,52.7286980000099,1.0,1.0,0.9602446483180428,0.0,13.0,0.0,0.0
1500,1500,recovered,1.0,S2,max_paths=4,class_size_desc,4,0,1.0,660,,0.9803030303030303,0.9803030303030303,0,0,1.0,0.2070469776165792,24,1.0211231324059764,nan,11,43,0.0,54.83851499980119,1.0,1.0,0.9602446483180428,0.0,13.0,0.0,0.0
1500,1500,recovered,1.0,S2,order=arrival,arrival,3,0,1.0,660,,0.9803030303030303,0.9803030303030303,0,0,1.0,0.2070469776165792,24,1.0211231324059764,nan,11,43,0.0,64.45837600017512,1.0,1.0,0.9602446483180428,0.0,13.0,0.0,0.0
1500,1500,recovered,1.0,S2,order=class_size_asc,class_size_asc,3,0,1.0,660,,0.9803030303030303,0.9803030303030303,0,0,1.0,0.2070469776165792,24,1.0211231324059764,nan,11,43,0.0,110.46963500007223,1.0,1.0,0.9602446483180428,0.0,13.0,0.0,0.0
1500,1500,recovered,1.0,S2,util_cap=0.9,class_size_desc,3,0,0.9,660,,0.9787878787878788,0.9787878787878788,0,0,0.9,0.20878370440839697,0,1.0392156862745099,nan,12,44,0.0,81.36529300008988,1.0,0.996268656716418,0.9602446483180428,0.0,14.0,0.0,0.0
1500,1500,recovered,1.25,S0,default,class_size_desc,3,0,1.0,851,,0.7157423903566961,0.7157423903566961,32,270,2.9,0.28398957974855665,34,1.0,nan,11,54,0.0,32.75032000010469,0.7477639675502943,0.7065940118886652,0.7169451108374308,0.0,0.0,0.0,241.90322580645162
1500,1500,recovered,1.25,S0-QoS,default,class_size_desc,3,0,1.0,851,,0.7170202238852125,0.7170202238852125,32,270,2.9,0.28398957974855665,34,1.0,nan,11,54,0.0,32.670810999889,1.0,0.9393063583815029,0.47910950361686205,0.0,0.0,0.0,240.81578947368422
1500,1500,recovered,1.25,S1,default,class_size_desc,3,0,1.0,851,,0.8954171562867215,0.8954171562867215,0,0,1.0,0.24764571445387973,36,1.05249343832021,nan,16,63,0.0,110.07174000019404,1.0,0.9479768786127167,0.8317535545023697,0.0,20.0,69.0,0.0
1500,1500,recovered,1.25,S2,default,class_size_desc,3,0,1.0,851,,0.972972972972973,0.972972972972973,0,0,1.0,0.27448017449566886,39,1.0817230273752012,nan,18,72,0.0,68.35637599988331,1.0,0.9913294797687862,0.95260663507109,0.0,23.0,0.0,0.0
1500,1500,recovered,1.5,S0,default,class_size_desc,3,0,1.0,1041,,0.6054075617768119,0.6054075617768119,37,504,3.6,0.34801802042849755,39,1.0,nan,11,68,0.0,30.184537999957683,0.6199096462515505,0.5972973425735167,0.6091893643089251,0.0,0.0,0.0,410.77072819033884
1500,1500,recovered,1.5,S0-QoS,default,class_size_desc,3,0,1.0,1041,,0.6032329281572124,0.6032329281572124,37,504,3.6,0.34801802042849755,39,1.0,nan,11,68,0.0,46.21730600001683,1.0,0.8936170212765957,0.28675480273577164,0.0,0.0,0.0,413.0345217883418
1500,1500,recovered,1.5,S1,default,class_size_desc,3,0,1.0,1041,,0.8530259365994236,0.8530259365994236,0,0,1.0,0.29457732036777784,46,1.09009009009009,nan,13,65,0.0,189.48992099990392,1.0,0.9219858156028369,0.7674418604651163,0.0,49.0,104.0,0.0
1500,1500,recovered,1.5,S2,default,class_size_desc,3,0,1.0,1041,,0.9356388088376562,0.9356388088376562,0,0,1.0,0.3330840118508589,53,1.136208076659822,nan,21,93,0.0,75.44577199996638,1.0,0.9858156028368794,0.8817829457364341,0.0,67.0,0.0,0.0
1500,1500,recovered,2.0,S0,default,class_size_desc,3,0,1.0,1320,,0.48313809920048256,0.48313809920048256,42,920,4.6,0.44110674181259524,42,1.0,nan,11,86,0.0,32.288102999928014,0.4926167119721132,0.4767266089090008,0.48650864833797836,0.0,0.0,0.0,682.257709055363
1500,1500,recovered,2.0,S0-QoS,default,class_size_desc,3,0,1.0,1320,,0.47882575757575757,0.47882575757575757,42,920,4.6,0.44110674181259524,42,1.0,nan,11,86,0.0,31.61961999990126,1.0,0.7780783582089552,0.12996941896024464,0.0,0.0,0.0,687.95
1500,1500,recovered,2.0,S1,default,class_size_desc,3,0,1.0,1320,,0.7727272727272727,0.7727272727272727,0,0,1.0,0.35404542088506674,62,1.1575163398692812,nan,18,98,0.0,193.84709199994177,1.0,0.8470149253731343,0.6666666666666666,0.0,120.0,180.0,0.0
1500,1500,recovered,2.0,S2,default,class_size_desc,3,0,1.0,1320,,0.853030303030303,0.853030303030303,0,0,1.0,0.40324307113338104,74,1.2155121373593842,nan,20,120,0.0,112.5534330001301,1.0,0.9813432835820896,0.7186544342507645,0.0,194.0,0.0,0.0
1600,1600,healthy,0.5,S0,default,class_size_desc,3,0,1.0,398,,0.964824120603015,0.964824120603015,7,14,1.4,0.13319242323097463,8,1.0,nan,0,0,0.0,31.68118600001435,0.9554902461879207,0.9669075513231358,0.96522465925451,0.0,0.0,0.0,14.0
1600,1600,healthy,0.5,S0-QoS,default,class_size_desc,3,0,1.0,398,,0.964824120603015,0.964824120603015,7,14,1.4,0.13319242323097463,8,1.0,nan,0,0,0.0,34.34245700009342,1.0,1.0,0.9303482587064676,0.0,0.0,0.0,14.0
1600,1600,healthy,0.5,S1,default,class_size_desc,3,0,1.0,398,,0.9899497487437185,0.9899497487437185,0,0,1.0,0.12927825990209169,8,1.0,nan,0,0,0.0,52.82028899978286,1.0,1.0,0.9800995024875622,0.0,1.0,3.0,0.0
1600,1600,healthy,0.5,S2,default,class_size_desc,3,0,1.0,398,,0.9974874371859297,0.9974874371859297,0,0,1.0,0.13008500222518915,8,1.0,nan,0,0,0.0,64.83905000004597,1.0,1.0,0.9950248756218906,0.0,1.0,0.0,0.0
1600,1600,healthy,0.75,S0,default,class_size_desc,3,0,1.0,531,,0.9058380414312618,0.9058380414312618,11,50,2.0,0.17748937472185136,13,1.0,nan,0,0,0.0,30.16352800000277,0.8904387251243235,0.9043626092738191,0.9104585470373164,0.0,0.0,0.0,50.0
1600,1600,healthy,0.75,S0-QoS,default,class_size_desc,3,0,1.0,531,,0.9058380414312618,0.9058380414312618,11,50,2.0,0.17748937472185136,13,1.0,nan,0,0,0.0,30.920317999971303,1.0,0.9764150943396226,0.8275862068965517,0.0,0.0,0.0,50.0
1600,1600,healthy,0.75,S1,default,class_size_desc,3,0,1.0,531,,0.9717514124293786,0.9717514124293786,0,0,1.0,0.1632111704494882,13,1.0,nan,0,0,0.0,57.8821629999311,1.0,1.0,0.9425287356321839,0.0,4.0,11.0,0.0
1600,1600,healthy,0.75,S2,default,class_size_desc,3,0,1.0,531,,0.992467043314501,0.992467043314501,0,0,1.0,0.16616227191811303,13,1.0,nan,0,0,0.0,57.3083570000108,1.0,1.0,0.9846743295019157,0.0,4.0,0.0,0.0
1600,1600,healthy,1.0,S0,default,class_size_desc,3,0,1.0,662,,0.8413897280966768,0.8413897280966768,16,105,2.4,0.22116394080996885,21,1.0,nan,0,0,0.0,32.58792499991614,0.8192451167994647,0.8452863454865163,0.8431447277156772,0.0,0.0,0.0,105.0
1600,1600,healthy,1.0,S0-QoS,default,class_size_desc,3,0,1.0,662,,0.8413897280966768,0.8413897280966768,16,105,2.4,0.22116394080996885,21,1.0,nan,0,0,0.0,33.72508799998286,1.0,0.9501915708812261,0.7203647416413373,0.0,0.0,0.0,105.0
1600,1600,healthy,1.0,S1,default,class_size_desc,3,0,1.0,662,,0.9441087613293051,0.9441087613293051,0,0,1.0,0.19274755229194482,21,1.0010666666666668,nan,0,0,0.0,79.05706399992596,1.0,0.9770114942528736,0.9057750759878419,0.0,7.0,30.0,0.0
1600,1600,healthy,1.0,S2,default,class_size_desc,3,0,1.0,662,,0.9894259818731118,0.9894259818731118,0,0,1.0,0.20367862705829995,21,1.0101781170483461,nan,0,0,0.0,57.35919200014905,1.0,1.0,0.9787234042553191,0.0,7.0,0.0,0.0
1600,1600,healthy,1.0,S2,lambda=0.5xmean,class_size_desc,3,1,1.0,662,,0.9894259818731118,0.9894259818731118,0,0,1.0,0.23491794615042277,7,1.1989821882951655,nan,0,0,0.0,70.64956699991853,1.0,1.0,0.9787234042553191,0.0,7.0,0.0,0.0
1600,1600,healthy,1.0,S2,lambda=1xmean,class_size_desc,3,2,1.0,662,,0.9894259818731118,0.9894259818731118,0,0,1.0,0.25360074543836225,5,1.2687022900763358,nan,0,0,0.0,59.05497200001264,1.0,1.0,0.9787234042553191,0.0,7.0,0.0,0.0
1600,1600,healthy,1.0,S2,lambda=2xmean,class_size_desc,3,4,1.0,662,,0.9894259818731118,0.9894259818731118,0,0,1.0,0.26267451045838897,5,1.2931297709923664,nan,0,0,0.0,58.32747800013749,1.0,1.0,0.9787234042553191,0.0,7.0,0.0,0.0
1600,1600,healthy,1.0,S2,max_paths=1,class_size_desc,1,0,1.0,662,,0.9350453172205438,0.9350453172205438,0,0,1.0,0.1924500445037828,21,1.005385029617663,nan,0,0,0.0,67.54952200003572,1.0,0.9770114942528736,0.8875379939209727,0.0,7.0,36.0,0.0
1600,1600,healthy,1.0,S2,max_paths=2,class_size_desc,2,0,1.0,662,,0.9894259818731118,0.9894259818731118,0,0,1.0,0.20367862705829995,21,1.0101781170483461,nan,0,0,0.0,63.61902100002226,1.0,1.0,0.9787234042553191,0.0,7.0,0.0,0.0
1600,1600,healthy,1.0,S2,max_paths=4,class_size_desc,4,0,1.0,662,,0.9894259818731118,0.9894259818731118,0,0,1.0,0.20367862705829995,21,1.0101781170483461,nan,0,0,0.0,59.115185000109705,1.0,1.0,0.9787234042553191,0.0,7.0,0.0,0.0
1600,1600,healthy,1.0,S2,order=arrival,arrival,3,0,1.0,662,,0.9894259818731118,0.9894259818731118,0,0,1.0,0.20367862705829995,21,1.0101781170483461,nan,0,0,0.0,55.32153999979528,1.0,1.0,0.9787234042553191,0.0,7.0,0.0,0.0
1600,1600,healthy,1.0,S2,order=class_size_asc,class_size_asc,3,0,1.0,662,,0.9894259818731118,0.9894259818731118,0,0,1.0,0.20367862705829995,21,1.0101781170483461,nan,0,0,0.0,67.40557299985994,1.0,1.0,0.9787234042553191,0.0,7.0,0.0,0.0
1600,1600,healthy,1.0,S2,util_cap=0.9,class_size_desc,3,0,0.9,662,,0.9879154078549849,0.9879154078549849,0,0,0.9,0.2049620048954161,0,1.0244648318042813,nan,0,0,0.0,86.45064000006641,1.0,0.9961685823754789,0.9787234042553191,0.0,8.0,0.0,0.0
1600,1600,healthy,1.25,S0,default,class_size_desc,3,0,1.0,842,,0.7374731365230177,0.7374731365230177,27,227,3.2,0.28132443257676903,30,1.0,nan,0,0,0.0,46.407181999938985,0.6670602540138684,0.7479731172132307,0.7443946349129467,0.0,0.0,0.0,221.04761904761904
1600,1600,healthy,1.25,S0-QoS,default,class_size_desc,3,0,1.0,842,,0.7371733966745844,0.7371733966745844,27,227,3.2,0.28132443257676903,30,1.0,nan,0,0,0.0,48.76153800000793,1.0,0.8964497041420119,0.548910411622276,0.0,0.0,0.0,221.3
1600,1600,healthy,1.25,S1,default,class_size_desc,3,0,1.0,842,,0.8931116389548693,0.8931116389548693,0,0,1.0,0.23340960169114375,31,1.0195035460992907,nan,0,0,0.0,125.36427800000638,1.0,0.9260355029585798,0.8426150121065376,0.0,10.0,80.0,0.0
1600,1600,healthy,1.25,S2,default,class_size_desc,3,0,1.0,842,,0.9881235154394299,0.9881235154394299,0,0,1.0,0.26582921673342236,38,1.0500801282051282,nan,0,0,0.0,77.37911699996403,1.0,0.9940828402366864,0.9806295399515739,0.0,10.0,0.0,0.0
1600,1600,healthy,1.5,S0,default,class_size_desc,3,0,1.0,1060,,0.6103424178895877,0.6103424178895877,38,472,3.7,0.3543563640409435,39,1.0,nan,0,0,0.0,35.56486799993763,0.5423447058271149,0.6284216312904041,0.6109402732213718,0.0,0.0,0.0,413.037037037037
1600,1600,healthy,1.5,S0-QoS,default,class_size_desc,3,0,1.0,1060,,0.609706498951782,0.609706498951782,38,472,3.7,0.3543563640409435,39,1.0,nan,0,0,0.0,32.26453900015258,0.991304347826087,0.8457831325301205,0.3420545073375262,0.0,0.0,0.0,413.7111111111111
1600,1600,healthy,1.5,S1,default,class_size_desc,3,0,1.0,1060,,0.8688679245283019,0.8688679245283019,0,0,1.0,0.302349132176235,49,1.0857763300760044,nan,0,0,1.0,96.95708399999603,0.991304347826087,0.9036144578313253,0.8150943396226416,0.0,23.0,116.0,0.0
1600,1600,healthy,1.5,S2,default,class_size_desc,3,0,1.0,1060,,0.9641509433962264,0.9641509433962264,0,0,1.0,0.35075022251891413,55,1.1532941943900847,nan,0,0,0.0,62.63194999996813,1.0,0.9855421686746988,0.939622641509434,0.0,38.0,0.0,0.0
1600,1600,healthy,2.0,S0,default,class_size_desc,3,0,1.0,1324,,0.49209853590518243,0.49209853590518243,43,862,4.8,0.4423278816199377,44,1.0,nan,0,0,0.0,29.47827299999517,0.4299576286251534,0.5078191623310124,0.4932263834037249,0.0,0.0,0.0,672.4615384615385
1600,1600,healthy,2.0,S0-QoS,default,class_size_desc,3,0,1.0,1324,,0.48680968643861067,0.48680968643861067,43,862,4.8,0.4423278816199377,44,1.0,nan,0,0,0.0,28.248236999843357,0.9583333333333334,0.7394636015325671,0.18318544809228038,0.0,0.0,0.0,679.4639751552795
1600,1600,healthy,2.0,S1,default,class_size_desc,3,0,1.0,1324,,0.7930513595166163,0.7930513595166163,0,0,1.0,0.3629595015576324,67,1.1682539682539683,nan,0,0,6.0,121.42503099994428,0.9583333333333334,0.8735632183908046,0.6930091185410334,0.0,88.0,186.0,0.0
1600,1600,healthy,2.0,S2,default,class_size_desc,3,0,1.0,1324,,0.8851963746223565,0.8851963746223565,0,0,1.0,0.42311726746773476,76,1.2389078498293515,nan,0,0,0.0,126.86995199987905,1.0,0.9770114942528736,0.7872340425531915,0.0,152.0,0.0,0.0
1600,1600,uplink,0.5,S0,default,class_size_desc,3,0,1.0,398,L6,0.964824120603015,0.964824120603015,7,14,1.4,0.13605626684636118,8,1.0407986111111112,1.0,23,47,0.0,30.797137000035946,0.9554902461879207,0.9669075513231358,0.96522465925451,0.0,0.0,0.0,14.0
1600,1600,uplink,0.5,S0-QoS,default,class_size_desc,3,0,1.0,398,L6,0.964824120603015,0.964824120603015,7,14,1.4,0.13605626684636118,8,1.0407986111111112,1.0,23,47,0.0,30.455597000127455,1.0,1.0,0.9303482587064676,0.0,0.0,0.0,14.0
1600,1600,uplink,0.5,S1,default,class_size_desc,3,0,1.0,398,L6,0.9899497487437185,0.9899497487437185,0,0,1.0,0.13220777178796048,8,1.0423011844331642,1.0,26,50,0.0,55.03745800001525,1.0,1.0,0.9800995024875622,0.0,1.0,3.0,0.0
1600,1600,uplink,0.5,S2,default,class_size_desc,3,0,1.0,398,L6,0.9974874371859297,0.9974874371859297,0,0,1.0,0.13309052111410602,8,1.0436607892527288,1.0,28,52,0.0,54.06865099985225,1.0,1.0,0.9950248756218906,0.0,1.0,0.0,0.0
1600,1600,uplink,0.75,S0,default,class_size_desc,3,0,1.0,531,L6,0.9058380414312618,0.9058380414312618,11,50,2.0,0.1813866801437556,13,1.045045045045045,1.0,23,65,0.0,31.719826999960787,0.8904387251243235,0.9043626092738191,0.9104585470373164,0.0,0.0,0.0,50.0
1600,1600,uplink,0.75,S0-QoS,default,class_size_desc,3,0,1.0,531,L6,0.9058380414312618,0.9058380414312618,11,50,2.0,0.1813866801437556,13,1.045045045045045,1.0,23,65,0.0,31.508772000051977,1.0,0.9764150943396226,0.8275862068965517,0.0,0.0,0.0,50.0
1600,1600,uplink,0.75,S1,default,class_size_desc,3,0,1.0,531,L6,0.9717514124293786,0.9717514124293786,0,0,1.0,0.16840655884995506,14,1.0568475452196382,1.0,31,84,0.0,61.06478099991364,1.0,1.0,0.9425287356321839,0.0,4.0,11.0,0.0
1600,1600,uplink,0.75,S2,default,class_size_desc,3,0,1.0,531,L6,0.992467043314501,0.992467043314501,0,0,1.0,0.17167160826594788,14,1.0569259962049335,1.0,33,85,0.0,52.0038489999024,1.0,1.0,0.9846743295019157,0.0,4.0,0.0,0.0
1600,1600,uplink,1.0,S0,default,class_size_desc,3,0,1.0,662,L6,0.8413897280966768,0.8413897280966768,16,105,2.4,0.22595204402515723,22,1.0466786355475763,1.0,23,79,0.0,29.92067299987866,0.8192451167994647,0.8452863454865163,0.8431447277156772,0.0,0.0,0.0,105.0
1600,1600,uplink,1.0,S0-QoS,default,class_size_desc,3,0,1.0,662,L6,0.8413897280966768,0.8413897280966768,16,105,2.4,0.22595204402515723,22,1.0466786355475763,1.0,23,79,0.0,30.283032999932402,1.0,0.9501915708812261,0.7203647416413373,0.0,0.0,0.0,105.0
1600,1600,uplink,1.0,S1,default,class_size_desc,3,0,1.0,662,L6,0.9441087613293051,0.9441087613293051,0,0,1.0,0.20350404312668463,21,1.0714666666666666,1.0,31,106,0.0,63.94302900002913,1.0,0.9770114942528736,0.9057750759878419,0.0,7.0,30.0,0.0
1600,1600,uplink,1.0,S2,default,class_size_desc,3,0,1.0,662,L6,0.9894259818731118,0.9894259818731118,0,0,1.0,0.21578009883198562,21,1.082442748091603,1.0,34,111,0.0,55.74806000004173,1.0,1.0,0.9787234042553191,0.0,7.0,0.0,0.0
1600,1600,uplink,1.0,S2,lambda=0.5xmean,class_size_desc,3,1,1.0,662,L6,0.9894259818731118,0.9894259818731118,0,0,1.0,0.2502336028751123,7,1.2508905852417302,1.0,55,170,0.0,63.10852399997202,1.0,1.0,0.9787234042553191,0.0,7.0,0.0,0.0
1600,1600,uplink,1.0,S2,lambda=1xmean,class_size_desc,3,2,1.0,662,L6,0.9894259818731118,0.9894259818731118,0,0,1.0,0.2601905884995508,5,1.2916030534351146,1.0,79,263,0.0,58.78337300009662,1.0,1.0,0.9787234042553191,0.0,7.0,0.0,0.0
1600,1600,uplink,1.0,S2,lambda=2xmean,class_size_desc,3,4,1.0,662,L6,0.9894259818731118,0.9894259818731118,0,0,1.0,0.2865634546271339,5,1.3735368956743002,1.0,78,268,0.0,63.93146800019167,1.0,1.0,0.9787234042553191,0.0,7.0,0.0,0.0
1600,1600,uplink,1.0,S2,max_paths=1,class_size_desc,1,0,1.0,662,L6,0.9335347432024169,0.9335347432024169,0,0,1.0,0.20179514824797842,22,1.0711974110032363,0.9901960784313726,31,101,0.0,64.43946000013057,1.0,0.9770114942528736,0.8844984802431611,0.0,7.0,37.0,0.0
1600,1600,uplink,1.0,S2,max_paths=2,class_size_desc,2,0,1.0,662,L6,0.9894259818731118,0.9894259818731118,0,0,1.0,0.21578009883198562,21,1.082442748091603,1.0,34,111,0.0,53.796390000115935,1.0,1.0,0.9787234042553191,0.0,7.0,0.0,0.0
1600,1600,uplink,1.0,S2,max_paths=4,class_size_desc,4,0,1.0,662,L6,0.9894259818731118,0.9894259818731118,0,0,1.0,0.21578009883198562,21,1.082442748091603,1.0,34,111,0.0,54.01680399995712,1.0,1.0,0.9787234042553191,0.0,7.0,0.0,0.0
1600,1600,uplink,1.0,S2,order=arrival,arrival,3,0,1.0,662,L6,0.9894259818731118,0.9894259818731118,0,0,1.0,0.21571832884097036,21,1.082442748091603,1.0,33,111,0.0,57.98206899999059,1.0,1.0,0.9787234042553191,0.0,7.0,0.0,0.0
1600,1600,uplink,1.0,S2,order=class_size_asc,class_size_asc,3,0,1.0,662,L6,0.9894259818731118,0.9894259818731118,0,0,1.0,0.21915566037735848,21,1.0900763358778627,1.0,34,126,0.0,54.29359200002182,1.0,1.0,0.9787234042553191,0.0,7.0,0.0,0.0
1600,1600,uplink,1.0,S2,util_cap=0.9,class_size_desc,3,0,0.9,662,L6,0.9879154078549849,0.9879154078549849,0,0,0.9,0.22010557053009883,0,1.1049949031600408,1.0,36,114,0.0,61.377306999929715,1.0,0.9961685823754789,0.9787234042553191,0.0,8.0,0.0,0.0
1600,1600,uplink,1.25,S0,default,class_size_desc,3,0,1.0,842,L6,0.7236964144327565,0.7236964144327565,28,247,3.2,0.28739824797843666,31,1.0428870619861836,0.8711111111111111,23,100,0.0,31.859830000030342,0.6648624518160662,0.7315851573470099,0.7302036674426866,0.0,0.0,0.0,232.64761904761906
1600,1600,uplink,1.25,S0-QoS,default,class_size_desc,3,0,1.0,842,L6,0.7210944637310434,0.7210944637310434,28,247,3.2,0.28739824797843666,31,1.041977592243014,0.8495726495726496,23,100,0.0,31.526685000017096,1.0,0.8964497041420119,0.5161296330787856,0.0,0.0,0.0,234.83846153846153
1600,1600,uplink,1.25,S1,default,class_size_desc,3,0,1.0,842,L6,0.8883610451306413,0.8883610451306413,0,0,1.0,0.24774146451033244,34,1.0944741532976827,0.9763779527559056,33,127,0.0,100.50597899999048,1.0,0.9260355029585798,0.8329297820823245,0.0,10.0,84.0,0.0
1600,1600,uplink,1.25,S2,default,class_size_desc,3,0,1.0,842,L6,0.9881235154394299,0.9881235154394299,0,0,1.0,0.3037174303683738,43,1.1842948717948718,1.0,62,195,0.0,74.40044099985244,1.0,0.9940828402366864,0.9806295399515739,0.0,10.0,0.0,0.0
1600,1600,uplink,1.5,S0,default,class_size_desc,3,0,1.0,1060,L6,0.5943496056703604,0.5943496056703604,39,518,3.7,0.3620083108715184,40,1.041823434560602,0.8234126984126984,23,126,0.0,36.38279300002978,0.5400088774043299,0.604853223190321,0.5979159877077375,0.0,0.0,0.0,429.989417989418
1600,1600,uplink,1.5,S0-QoS,default,class_size_desc,3,0,1.0,1060,L6,0.5896919851636833,0.5896919851636833,39,518,3.7,0.3620083108715184,40,1.0398804379929334,0.7790064102564103,23,126,0.0,32.82759499984422,0.991304347826087,0.8457831325301205,0.3020254797613288,0.0,0.0,0.0,434.9264957264957
1600,1600,uplink,1.5,S1,default,class_size_desc,3,0,1.0,1060,L6,0.8509433962264151,0.8509433962264151,0,0,1.0,0.3248279424977538,50,1.1832963784183297,0.9,54,225,1.0,101.57387200001722,0.991304347826087,0.9036144578313253,0.779245283018868,0.0,22.0,136.0,0.0
1600,1600,uplink,1.5,S2,default,class_size_desc,3,0,1.0,1060,L6,0.9339622641509434,0.9339622641509434,0,0,1.0,0.41348382749326146,66,1.327946127946128,0.9947643979057592,64,290,0.0,121.86372399992251,1.0,0.9855421686746988,0.879245283018868,0.0,68.0,2.0,0.0
1600,1600,uplink,2.0,S0,default,class_size_desc,3,0,1.0,1324,L6,0.47603673621876996,0.47603673621876996,44,940,4.8,0.45190408805031446,44,1.0416402745806876,0.7873417721518987,23,158,0.0,30.785816000161503,0.42830942187409854,0.4841127830628238,0.4800747860866067,0.0,0.0,0.0,693.7273612463486
1600,1600,uplink,2.0,S0-QoS,default,class_size_desc,3,0,1.0,1324,L6,0.465145844422547,0.465145844422547,44,940,4.8,0.45190408805031446,44,1.03860069519855,0.713170731707317,23,158,0.0,34.54790099999627,0.9583333333333334,0.7394636015325671,0.13959437388366597,0.0,0.0,0.0,708.1469019845478
1600,1600,uplink,2.0,S1,default,class_size_desc,3,0,1.0,1324,L6,0.7552870090634441,0.7552870090634441,0,0,1.0,0.3961814914645103,69,1.2906666666666666,1.0125,62,272,6.0,170.53002300008302,0.9583333333333334,0.8620689655172413,0.6261398176291794,0.0,126.0,198.0,0.0
1600,1600,uplink,2.0,S2,default,class_size_desc,3,0,1.0,1324,L6,0.7960725075528701,0.7960725075528701,0,0,1.0,0.44813746630727763,81,1.3649588867805187,0.9736842105263158,71,300,0.0,108.28417700008686,1.0,0.9770114942528736,0.60790273556231,0.0,264.0,6.0,0.0
1600,1600,multi,0.5,S0,default,class_size_desc,3,0,1.0,398,L31;L84;L89,0.964824120603015,0.964824120603015,7,14,1.4,0.13518011675824176,8,1.0,1.0,5,9,0.0,35.121628000069904,0.9554902461879207,0.9669075513231358,0.96522465925451,0.0,0.0,0.0,14.0
1600,1600,multi,0.5,S0-QoS,default,class_size_desc,3,0,1.0,398,L31;L84;L89,0.964824120603015,0.964824120603015,7,14,1.4,0.13518011675824176,8,1.0,1.0,5,9,0.0,28.1953070000327,1.0,1.0,0.9303482587064676,0.0,0.0,0.0,14.0
1600,1600,multi,0.5,S1,default,class_size_desc,3,0,1.0,398,L31;L84;L89,0.9899497487437185,0.9899497487437185,0,0,1.0,0.13205048076923076,8,1.0067681895093064,1.0,6,13,0.0,49.18654500011144,1.0,1.0,0.9800995024875622,0.0,1.0,3.0,0.0
1600,1600,multi,0.5,S2,default,class_size_desc,3,0,1.0,398,L31;L84;L89,0.9974874371859297,0.9974874371859297,0,0,1.0,0.1328804945054945,8,1.0067170445004199,1.0,7,13,0.0,47.05336400002125,1.0,1.0,0.9950248756218906,0.0,1.0,0.0,0.0
1600,1600,multi,0.75,S0,default,class_size_desc,3,0,1.0,531,L31;L84;L89,0.9077212806026366,0.9077212806026366,10,49,2.0,0.180342777014652,12,1.0,1.0999999999999999,5,11,0.0,28.3550069998455,0.8904387251243235,0.905649058673476,0.9132450325824227,0.0,0.0,0.0,49.0
1600,1600,multi,0.75,S0-QoS,default,class_size_desc,3,0,1.0,531,L31;L84;L89,0.9077212806026366,0.9077212806026366,10,49,2.0,0.180342777014652,12,1.0,1.1,5,11,0.0,31.139238000150726,1.0,0.9764150943396226,0.8314176245210728,0.0,0.0,0.0,49.0
1600,1600,multi,0.75,S1,default,class_size_desc,3,0,1.0,531,L31;L84;L89,0.9717514124293786,0.9717514124293786,0,0,1.0,0.1669805402930403,12,1.0064599483204135,1.0,5,15,0.0,59.24608999998782,1.0,1.0,0.9425287356321839,0.0,4.0,11.0,0.0
1600,1600,multi,0.75,S2,default,class_size_desc,3,0,1.0,531,L31;L84;L89,0.992467043314501,0.992467043314501,0,0,1.0,0.17068984661172162,12,1.0101201771030992,1.0,7,18,0.0,51.26398099992002,1.0,1.0,0.9846743295019157,0.0,4.0,0.0,0.0
1600,1600,multi,1.0,S0,default,class_size_desc,3,0,1.0,662,L31;L84;L89,0.8474320241691843,0.8474320241691843,15,101,2.4,0.2246590544871795,21,1.0,1.4,5,14,0.0,31.039001000181088,0.8192451167994647,0.8485704177361058,0.8526974849887992,0.0,0.0,0.0,101.0
1600,1600,multi,1.0,S0-QoS,default,class_size_desc,3,0,1.0,662,L31;L84;L89,0.8474320241691843,0.8474320241691843,15,101,2.4,0.2246590544871795,21,1.0,1.4000000000000001,5,14,0.0,30.058421999910934,1.0,0.9501915708812261,0.7325227963525835,0.0,0.0,0.0,101.0
1600,1600,multi,1.0,S1,default,class_size_desc,3,0,1.0,662,L31;L84;L89,0.945619335347432,0.945619335347432,0,0,1.0,0.1987588141025641,21,1.0117145899893503,1.0454545454545454,6,23,0.0,61.38457099996231,1.0,0.9770114942528736,0.9088145896656535,0.0,9.0,27.0,0.0
1600,1600,multi,1.0,S2,default,class_size_desc,3,0,1.0,662,L31;L84;L89,0.9848942598187311,0.9848942598187311,0,0,1.0,0.20888135302197802,21,1.0204498977505112,0.88,6,20,0.0,53.408814000022176,1.0,1.0,0.9696048632218845,0.0,10.0,0.0,0.0
1600,1600,multi,1.0,S2,lambda=0.5xmean,class_size_desc,3,1,1.0,662,L31;L84;L89,0.9848942598187311,0.9848942598187311,0,0,1.0,0.23832841117216116,8,1.1952965235173825,0.90625,18,63,0.0,56.50759499985725,1.0,1.0,0.9696048632218845,0.0,10.0,0.0,0.0
1600,1600,multi,1.0,S2,lambda=1xmean,class_size_desc,3,2,1.0,662,L31;L84;L89,0.9848942598187311,0.9848942598187311,0,0,1.0,0.26079824862637363,7,1.2791411042944785,0.8888888888888888,20,66,0.0,53.67389000002731,1.0,1.0,0.9696048632218845,0.0,10.0,0.0,0.0
1600,1600,multi,1.0,S2,lambda=2xmean,class_size_desc,3,4,1.0,662,L31;L84;L89,0.9848942598187311,0.9848942598187311,0,0,1.0,0.2693794642857143,6,1.3001022494887526,0.8888888888888888,21,73,0.0,54.82109200011109,1.0,1.0,0.9696048632218845,0.0,10.0,0.0,0.0
1600,1600,multi,1.0,S2,max_paths=1,class_size_desc,1,0,1.0,662,L31;L84;L89,0.9350453172205438,0.9350453172205438,0,0,1.0,0.19773592032967033,20,1.0140010770059236,1.0,5,18,0.0,58.95044599992616,1.0,0.9770114942528736,0.8875379939209727,0.0,7.0,36.0,0.0
1600,1600,multi,1.0,S2,max_paths=2,class_size_desc,2,0,1.0,662,L31;L84;L89,0.9848942598187311,0.9848942598187311,0,0,1.0,0.20888135302197802,21,1.0204498977505112,0.88,6,20,0.0,50.4149679998136,1.0,1.0,0.9696048632218845,0.0,10.0,0.0,0.0
1600,1600,multi,1.0,S2,max_paths=4,class_size_desc,4,0,1.0,662,L31;L84;L89,0.9848942598187311,0.9848942598187311,0,0,1.0,0.20888135302197802,21,1.0204498977505112,0.88,6,20,0.0,49.9731800000518,1.0,1.0,0.9696048632218845,0.0,10.0,0.0,0.0
1600,1600,multi,1.0,S2,order=arrival,arrival,3,0,1.0,662,L31;L84;L89,0.9848942598187311,0.9848942598187311,0,0,1.0,0.20888135302197802,21,1.0204498977505112,0.8928571428571429,7,23,0.0,53.14667199991163,1.0,1.0,0.9696048632218845,0.0,10.0,0.0,0.0
1600,1600,multi,1.0,S2,order=class_size_asc,class_size_asc,3,0,1.0,662,L31;L84;L89,0.9848942598187311,0.9848942598187311,0,0,1.0,0.20888135302197802,21,1.0204498977505112,0.896551724137931,8,24,0.0,55.761464999932286,1.0,1.0,0.9696048632218845,0.0,10.0,0.0,0.0
1600,1600,multi,1.0,S2,util_cap=0.9,class_size_desc,3,0,0.9,662,L31;L84;L89,0.9803625377643505,0.9803625377643505,0,0,0.9,0.20961292353479855,0,1.0338983050847457,0.8,6,19,0.0,55.55483800003458,1.0,0.9961685823754789,0.9635258358662614,0.0,13.0,0.0,0.0
1600,1600,multi,1.25,S0,default,class_size_desc,3,0,1.0,842,L31;L84;L89,0.7410206578852659,0.7410206578852659,26,237,3.2,0.28573076923076923,29,1.0,1.5272727272727273,5,18,0.0,30.175460999998904,0.664776823159009,0.7492880416050781,0.7510541040421495,0.0,0.0,0.0,218.06060606060606
1600,1600,multi,1.25,S0-QoS,default,class_size_desc,3,0,1.0,842,L31;L84;L89,0.7386749236511707,0.7386749236511707,26,237,3.2,0.28573076923076923,29,1.0,1.3833333333333333,5,18,0.0,29.142244000013307,1.0,0.8964497041420119,0.5519716361120719,0.0,0.0,0.0,220.03571428571428
1600,1600,multi,1.25,S1,default,class_size_desc,3,0,1.0,842,L31;L84;L89,0.8895486935866983,0.8895486935866983,0,0,1.0,0.23919522664835166,30,1.0275923453493547,0.9,8,27,0.0,71.78108899984181,1.0,0.9260355029585798,0.8353510895883777,0.0,20.0,73.0,0.0
1600,1600,multi,1.25,S2,default,class_size_desc,3,0,1.0,842,L31;L84;L89,0.9762470308788599,0.9762470308788599,0,0,1.0,0.27059329212454214,37,1.0579886455798864,0.696969696969697,7,23,0.0,60.258789000045,1.0,0.9940828402366864,0.9564164648910412,0.0,20.0,0.0,0.0
1600,1600,multi,1.5,S0,default,class_size_desc,3,0,1.0,1060,L31;L84;L89,0.6114631541473834,0.6114631541473834,38,485,3.7,0.35983917124542125,39,1.0,1.5188679245283019,5,23,0.0,29.155838999940897,0.5353305429474885,0.6283600283150954,0.6147519230311332,0.0,0.0,0.0,411.8490566037736
1600,1600,multi,1.5,S0-QoS,default,class_size_desc,3,0,1.0,1060,L31;L84;L89,0.6075471698113207,0.6075471698113207,38,485,3.7,0.35983917124542125,39,1.0,1.1,5,23,0.0,27.224907000118037,0.991304347826087,0.8457831325301205,0.33773584905660375,0.0,0.0,0.0,416.0
1600,1600,multi,1.5,S1,default,class_size_desc,3,0,1.0,1060,L31;L84;L89,0.8537735849056604,0.8537735849056604,0,0,1.0,0.30544757326007327,51,1.0924493554327808,0.625,18,53,1.0,114.77007999997113,0.991304347826087,0.9036144578313253,0.7849056603773585,0.0,44.0,111.0,0.0
1600,1600,multi,1.5,S2,default,class_size_desc,3,0,1.0,1060,L31;L84;L89,0.9433962264150944,0.9433962264150944,0,0,1.0,0.3516247710622711,56,1.1556666666666666,0.7017543859649122,20,74,0.0,89.69664699998248,1.0,0.9855421686746988,0.8981132075471698,0.0,60.0,0.0,0.0
1600,1600,multi,2.0,S0,default,class_size_desc,3,0,1.0,1324,L31;L84;L89,0.4935310532506169,0.4935310532506169,43,880,4.8,0.449318108974359,44,1.0,1.4961832061068703,5,28,0.0,32.17962999997326,0.4264144984916925,0.508142437858289,0.4966277722780945,0.0,0.0,0.0,670.5648854961833
1600,1600,multi,2.0,S0-QoS,default,class_size_desc,3,0,1.0,1324,L31;L84;L89,0.48291649593880065,0.48291649593880065,43,880,4.8,0.449318108974359,44,1.0,0.7970149253731343,5,28,0.0,31.364872000040123,0.9583333333333334,0.7394636015325671,0.17535173346956245,0.0,0.0,0.0,684.6185593770279
1600,1600,multi,2.0,S1,default,class_size_desc,3,0,1.0,1324,L31;L84;L89,0.7854984894259819,0.7854984894259819,0,0,1.0,0.3709054487179487,66,1.175,0.6875,23,88,6.0,147.14309299984052,0.9583333333333334,0.8735632183908046,0.6778115501519757,0.0,122.0,162.0,0.0
1600,1600,multi,2.0,S2,default,class_size_desc,3,0,1.0,1324,L31;L84;L89,0.8625377643504532,0.8625377643504532,0,0,1.0,0.42299427655677657,73,1.2381786339754817,0.6666666666666666,15,64,0.0,99.8606389998713,1.0,0.9770114942528736,0.7416413373860182,0.0,182.0,0.0,0.0
1600,1600,recovered,0.5,S0,default,class_size_desc,3,0,1.0,398,,0.964824120603015,0.964824120603015,7,14,1.4,0.13319242323097463,8,1.0,nan,6,13,0.0,29.151220000130706,0.9554902461879207,0.9669075513231358,0.96522465925451,0.0,0.0,0.0,14.0
1600,1600,recovered,0.5,S0-QoS,default,class_size_desc,3,0,1.0,398,,0.964824120603015,0.964824120603015,7,14,1.4,0.13319242323097463,8,1.0,nan,6,13,0.0,29.580635000002076,1.0,1.0,0.9303482587064676,0.0,0.0,0.0,14.0
1600,1600,recovered,0.5,S1,default,class_size_desc,3,0,1.0,398,,0.9899497487437185,0.9899497487437185,0,0,1.0,0.12927825990209169,8,1.0,nan,5,10,0.0,56.34165399987978,1.0,1.0,0.9800995024875622,0.0,1.0,3.0,0.0
1600,1600,recovered,0.5,S2,default,class_size_desc,3,0,1.0,398,,0.9974874371859297,0.9974874371859297,0,0,1.0,0.13008500222518915,8,1.0,nan,4,10,0.0,52.72225599992453,1.0,1.0,0.9950248756218906,0.0,1.0,0.0,0.0
1600,1600,recovered,0.75,S0,default,class_size_desc,3,0,1.0,531,,0.9058380414312618,0.9058380414312618,11,50,2.0,0.17748937472185136,13,1.0,nan,6,17,0.0,39.64643300014359,0.8904387251243235,0.9043626092738191,0.9104585470373164,0.0,0.0,0.0,50.0
1600,1600,recovered,0.75,S0-QoS,default,class_size_desc,3,0,1.0,531,,0.9058380414312618,0.9058380414312618,11,50,2.0,0.17748937472185136,13,1.0,nan,6,17,0.0,30.027384000050006,1.0,0.9764150943396226,0.8275862068965517,0.0,0.0,0.0,50.0
1600,1600,recovered,0.75,S1,default,class_size_desc,3,0,1.0,531,,0.9717514124293786,0.9717514124293786,0,0,1.0,0.1632111704494882,13,1.0,nan,4,10,0.0,62.687625000080516,1.0,1.0,0.9425287356321839,0.0,4.0,11.0,0.0
1600,1600,recovered,0.75,S2,default,class_size_desc,3,0,1.0,531,,0.992467043314501,0.992467043314501,0,0,1.0,0.16616227191811303,13,1.0,nan,4,14,0.0,60.94737100011116,1.0,1.0,0.9846743295019157,0.0,4.0,0.0,0.0
1600,1600,recovered,1.0,S0,default,class_size_desc,3,0,1.0,662,,0.8413897280966768,0.8413897280966768,16,105,2.4,0.22116394080996885,21,1.0,nan,6,22,0.0,34.96255899995049,0.8192451167994647,0.8452863454865163,0.8431447277156772,0.0,0.0,0.0,105.0
1600,1600,recovered,1.0,S0-QoS,default,class_size_desc,3,0,1.0,662,,0.8413897280966768,0.8413897280966768,16,105,2.4,0.22116394080996885,21,1.0,nan,6,22,0.0,82.15894099998877,1.0,0.9501915708812261,0.7203647416413373,0.0,0.0,0.0,105.0
1600,1600,recovered,1.0,S1,default,class_size_desc,3,0,1.0,662,,0.9441087613293051,0.9441087613293051,0,0,1.0,0.19274755229194482,21,1.0010666666666668,nan,4,13,0.0,71.80211800005054,1.0,0.9770114942528736,0.9057750759878419,0.0,7.0,30.0,0.0
1600,1600,recovered,1.0,S2,default,class_size_desc,3,0,1.0,662,,0.9894259818731118,0.9894259818731118,0,0,1.0,0.20367862705829995,21,1.0101781170483461,nan,5,15,0.0,65.41840600016258,1.0,1.0,0.9787234042553191,0.0,7.0,0.0,0.0
1600,1600,recovered,1.0,S2,lambda=0.5xmean,class_size_desc,3,1,1.0,662,,0.9894259818731118,0.9894259818731118,0,0,1.0,0.23491794615042277,7,1.1989821882951655,nan,9,37,0.0,51.727289000155,1.0,1.0,0.9787234042553191,0.0,7.0,0.0,0.0
1600,1600,recovered,1.0,S2,lambda=1xmean,class_size_desc,3,2,1.0,662,,0.9894259818731118,0.9894259818731118,0,0,1.0,0.25360074543836225,5,1.2687022900763358,nan,12,45,0.0,61.782718000131354,1.0,1.0,0.9787234042553191,0.0,7.0,0.0,0.0
1600,1600,recovered,1.0,S2,lambda=2xmean,class_size_desc,3,4,1.0,662,,0.9894259818731118,0.9894259818731118,0,0,1.0,0.26267451045838897,5,1.2931297709923664,nan,22,77,0.0,73.90381999994133,1.0,1.0,0.9787234042553191,0.0,7.0,0.0,0.0
1600,1600,recovered,1.0,S2,max_paths=1,class_size_desc,1,0,1.0,662,,0.9350453172205438,0.9350453172205438,0,0,1.0,0.1924500445037828,21,1.005385029617663,nan,5,14,0.0,62.002619999930175,1.0,0.9770114942528736,0.8875379939209727,0.0,7.0,36.0,0.0
1600,1600,recovered,1.0,S2,max_paths=2,class_size_desc,2,0,1.0,662,,0.9894259818731118,0.9894259818731118,0,0,1.0,0.20367862705829995,21,1.0101781170483461,nan,5,15,0.0,51.46472699993865,1.0,1.0,0.9787234042553191,0.0,7.0,0.0,0.0
1600,1600,recovered,1.0,S2,max_paths=4,class_size_desc,4,0,1.0,662,,0.9894259818731118,0.9894259818731118,0,0,1.0,0.20367862705829995,21,1.0101781170483461,nan,5,15,0.0,51.64448400000765,1.0,1.0,0.9787234042553191,0.0,7.0,0.0,0.0
1600,1600,recovered,1.0,S2,order=arrival,arrival,3,0,1.0,662,,0.9894259818731118,0.9894259818731118,0,0,1.0,0.20367862705829995,21,1.0101781170483461,nan,4,14,0.0,77.41448399997353,1.0,1.0,0.9787234042553191,0.0,7.0,0.0,0.0
1600,1600,recovered,1.0,S2,order=class_size_asc,class_size_asc,3,0,1.0,662,,0.9894259818731118,0.9894259818731118,0,0,1.0,0.20367862705829995,21,1.0101781170483461,nan,4,18,0.0,77.90844999999536,1.0,1.0,0.9787234042553191,0.0,7.0,0.0,0.0
1600,1600,recovered,1.0,S2,util_cap=0.9,class_size_desc,3,0,0.9,662,,0.9879154078549849,0.9879154078549849,0,0,0.9,0.2049620048954161,0,1.0244648318042813,nan,7,16,0.0,61.99096799991821,1.0,0.9961685823754789,0.9787234042553191,0.0,8.0,0.0,0.0
1600,1600,recovered,1.25,S0,default,class_size_desc,3,0,1.0,842,,0.7374731365230177,0.7374731365230177,27,227,3.2,0.28132443257676903,30,1.0,nan,6,29,0.0,31.003735000012966,0.6670602540138684,0.7479731172132307,0.7443946349129467,0.0,0.0,0.0,221.04761904761904
1600,1600,recovered,1.25,S0-QoS,default,class_size_desc,3,0,1.0,842,,0.7371733966745844,0.7371733966745844,27,227,3.2,0.28132443257676903,30,1.0,nan,6,29,0.0,32.59746300000188,1.0,0.8964497041420119,0.548910411622276,0.0,0.0,0.0,221.3
1600,1600,recovered,1.25,S1,default,class_size_desc,3,0,1.0,842,,0.8931116389548693,0.8931116389548693,0,0,1.0,0.23340960169114375,31,1.0195035460992907,nan,5,23,0.0,109.737301999985,1.0,0.9260355029585798,0.8426150121065376,0.0,10.0,80.0,0.0
1600,1600,recovered,1.25,S2,default,class_size_desc,3,0,1.0,842,,0.9881235154394299,0.9881235154394299,0,0,1.0,0.26582921673342236,38,1.0500801282051282,nan,9,35,0.0,68.14025999983642,1.0,0.9940828402366864,0.9806295399515739,0.0,10.0,0.0,0.0
1600,1600,recovered,1.5,S0,default,class_size_desc,3,0,1.0,1060,,0.6103424178895877,0.6103424178895877,38,472,3.7,0.3543563640409435,39,1.0,nan,6,35,0.0,34.972687999925256,0.5423447058271149,0.6284216312904041,0.6109402732213718,0.0,0.0,0.0,413.037037037037
1600,1600,recovered,1.5,S0-QoS,default,class_size_desc,3,0,1.0,1060,,0.609706498951782,0.609706498951782,38,472,3.7,0.3543563640409435,39,1.0,nan,6,35,0.0,39.7055140001612,0.991304347826087,0.8457831325301205,0.3420545073375262,0.0,0.0,0.0,413.7111111111111
1600,1600,recovered,1.5,S1,default,class_size_desc,3,0,1.0,1060,,0.8688679245283019,0.8688679245283019,0,0,1.0,0.302349132176235,49,1.0857763300760044,nan,13,61,1.0,114.52381900016917,0.991304347826087,0.9036144578313253,0.8150943396226416,0.0,23.0,116.0,0.0
1600,1600,recovered,1.5,S2,default,class_size_desc,3,0,1.0,1060,,0.9641509433962264,0.9641509433962264,0,0,1.0,0.35075022251891413,55,1.1532941943900847,nan,15,81,0.0,128.9791179999611,1.0,0.9855421686746988,0.939622641509434,0.0,38.0,0.0,0.0
1600,1600,recovered,2.0,S0,default,class_size_desc,3,0,1.0,1324,,0.49209853590518243,0.49209853590518243,43,862,4.8,0.4423278816199377,44,1.0,nan,6,44,0.0,31.38606099992103,0.4299576286251534,0.5078191623310124,0.4932263834037249,0.0,0.0,0.0,672.4615384615385
1600,1600,recovered,2.0,S0-QoS,default,class_size_desc,3,0,1.0,1324,,0.48680968643861067,0.48680968643861067,43,862,4.8,0.4423278816199377,44,1.0,nan,6,44,0.0,39.19069900007344,0.9583333333333334,0.7394636015325671,0.18318544809228038,0.0,0.0,0.0,679.4639751552795
1600,1600,recovered,2.0,S1,default,class_size_desc,3,0,1.0,1324,,0.7930513595166163,0.7930513595166163,0,0,1.0,0.3629595015576324,67,1.1682539682539683,nan,14,76,6.0,174.72319700004846,0.9583333333333334,0.8735632183908046,0.6930091185410334,0.0,88.0,186.0,0.0
1600,1600,recovered,2.0,S2,default,class_size_desc,3,0,1.0,1324,,0.8851963746223565,0.8851963746223565,0,0,1.0,0.42311726746773476,76,1.2389078498293515,nan,12,90,0.0,136.6962209999656,1.0,0.9770114942528736,0.7872340425531915,0.0,152.0,0.0,0.0
1700,1700,healthy,0.5,S0,default,class_size_desc,3,0,1.0,372,,0.9811827956989247,0.9811827956989247,3,7,1.4,0.11857925975908432,5,1.0,nan,0,0,0.0,32.754729000089355,0.9712711530893349,0.9789076172054896,0.9844549390003935,0.0,0.0,0.0,7.0
1700,1700,healthy,0.5,S0-QoS,default,class_size_desc,3,0,1.0,372,,0.9811827956989247,0.9811827956989247,3,7,1.4,0.11857925975908432,5,1.0,nan,0,0,0.0,31.627975999981572,1.0,1.0,0.9646464646464646,0.0,0.0,0.0,7.0
1700,1700,healthy,0.5,S1,default,class_size_desc,3,0,1.0,372,,0.9919354838709677,0.9919354838709677,0,0,1.0,0.11640487704303494,5,1.0,nan,0,0,0.0,55.15398600005028,1.0,1.0,0.9848484848484849,0.0,0.0,3.0,0.0
1700,1700,healthy,0.5,S2,default,class_size_desc,3,0,1.0,372,,1.0,1.0,0,0,1.0,0.11722301569450692,5,1.0,nan,0,0,0.0,53.247490000103426,1.0,1.0,1.0,0.0,0.0,0.0,0.0
1700,1700,healthy,0.75,S0,default,class_size_desc,3,0,1.0,532,,0.924812030075188,0.924812030075188,9,40,2.1,0.1700479019843055,11,1.0,nan,0,0,0.0,31.66142800000671,0.9198917748917749,0.9194580172302944,0.9295531849103278,0.0,0.0,0.0,40.0
1700,1700,healthy,0.75,S0-QoS,default,class_size_desc,3,0,1.0,532,,0.924812030075188,0.924812030075188,9,40,2.1,0.1700479019843055,11,1.0,nan,0,0,0.0,32.12037899993447,1.0,0.9900990099009901,0.8642857142857143,0.0,0.0,0.0,40.0
1700,1700,healthy,0.75,S1,default,class_size_desc,3,0,1.0,532,,0.9699248120300752,0.9699248120300752,0,0,1.0,0.15817289573649224,11,1.0,nan,0,0,0.0,66.80604899997888,1.0,0.9900990099009901,0.95,0.0,6.0,10.0,0.0
1700,1700,healthy,0.75,S2,default,class_size_desc,3,0,1.0,532,,0.9887218045112782,0.9887218045112782,0,0,1.0,0.16130576798120658,11,1.002534854245881,nan,0,0,0.0,55.24281200018777,1.0,1.0,0.9785714285714285,0.0,6.0,0.0,0.0
1700,1700,healthy,1.0,S0,default,class_size_desc,3,0,1.0,644,,0.8757763975155279,0.8757763975155279,14,80,2.6,0.20603659969010846,18,1.0,nan,0,0,0.0,33.24310399989372,0.8760407663173051,0.8663300024323727,0.8824899536474489,0.0,0.0,0.0,80.0
1700,1700,healthy,1.0,S0-QoS,default,class_size_desc,3,0,1.0,644,,0.8757763975155279,0.8757763975155279,14,80,2.6,0.20603659969010846,18,1.0,nan,0,0,0.0,31.56358499995804,1.0,0.9713114754098361,0.7859237536656891,0.0,0.0,0.0,80.0
1700,1700,healthy,1.0,S1,default,class_size_desc,3,0,1.0,644,,0.9611801242236024,0.9611801242236024,0,0,1.0,0.1872469885540061,18,1.007539041464728,nan,0,0,0.0,74.67811199990138,1.0,0.9918032786885246,0.9325513196480938,0.0,12.0,13.0,0.0
1700,1700,healthy,1.0,S2,default,class_size_desc,3,0,1.0,644,,0.9813664596273292,0.9813664596273292,0,0,1.0,0.19187223221872346,18,1.0126582278481013,nan,0,0,0.0,59.27663800002847,1.0,1.0,0.9648093841642229,0.0,12.0,0.0,0.0
1700,1700,healthy,1.0,S2,lambda=0.5xmean,class_size_desc,3,1,1.0,644,,0.9813664596273292,0.9813664596273292,0,0,1.0,0.2211414130054481,5,1.1845991561181435,nan,0,0,0.0,57.44670599983692,1.0,1.0,0.9648093841642229,0.0,12.0,0.0,0.0
1700,1700,healthy,1.0,S2,lambda=1xmean,class_size_desc,3,2,1.0,644,,0.9813664596273292,0.9813664596273292,0,0,1.0,0.23719772454640875,5,1.2521097046413503,nan,0,0,0.0,57.49200100012786,1.0,1.0,0.9648093841642229,0.0,12.0,0.0,0.0
1700,1700,healthy,1.0,S2,lambda=2xmean,class_size_desc,3,4,1.0,644,,0.9813664596273292,0.9813664596273292,0,0,1.0,0.24324710726245813,5,1.2721518987341771,nan,0,0,0.0,66.54850499990062,1.0,1.0,0.9648093841642229,0.0,12.0,0.0,0.0
1700,1700,healthy,1.0,S2,max_paths=1,class_size_desc,1,0,1.0,644,,0.9611801242236024,0.9611801242236024,0,0,1.0,0.18701550707252462,18,1.0064620355411955,nan,0,0,0.0,66.74973299982412,1.0,0.9918032786885246,0.9325513196480938,0.0,12.0,13.0,0.0
1700,1700,healthy,1.0,S2,max_paths=2,class_size_desc,2,0,1.0,644,,0.9813664596273292,0.9813664596273292,0,0,1.0,0.19187223221872346,18,1.0126582278481013,nan,0,0,0.0,57.32246299999133,1.0,1.0,0.9648093841642229,0.0,12.0,0.0,0.0
1700,1700,healthy,1.0,S2,max_paths=4,class_size_desc,4,0,1.0,644,,0.9813664596273292,0.9813664596273292,0,0,1.0,0.19187223221872346,18,1.0126582278481013,nan,0,0,0.0,79.42741800002295,1.0,1.0,0.9648093841642229,0.0,12.0,0.0,0.0
1700,1700,healthy,1.0,S2,order=arrival,arrival,3,0,1.0,644,,0.9813664596273292,0.9813664596273292,0,0,1.0,0.19187223221872346,18,1.0126582278481013,nan,0,0,0.0,58.48533300013514,1.0,1.0,0.9648093841642229,0.0,12.0,0.0,0.0
1700,1700,healthy,1.0,S2,order=class_size_asc,class_size_asc,3,0,1.0,644,,0.9813664596273292,0.9813664596273292,0,0,1.0,0.19187223221872346,18,1.0126582278481013,nan,0,0,0.0,53.879265999967174,1.0,1.0,0.9648093841642229,0.0,12.0,0.0,0.0
1700,1700,healthy,1.0,S2,util_cap=0.9,class_size_desc,3,0,0.9,644,,0.9782608695652174,0.9782608695652174,0,0,0.9,0.19260318263607737,0,1.0275132275132275,nan,0,0,0.0,72.76702700005444,1.0,1.0,0.9589442815249267,0.0,14.0,0.0,0.0
1700,1700,healthy,1.25,S0,default,class_size_desc,3,0,1.0,814,,0.7757090718255767,0.7757090718255767,27,187,3.3,0.2605614847303444,31,1.0,nan,0,0,0.0,30.115920000071128,0.7926649343500224,0.7619047826795807,0.7826966514596908,0.0,0.0,0.0,182.5728155339806
1700,1700,healthy,1.25,S0-QoS,default,class_size_desc,3,0,1.0,814,,0.7756010881010881,0.7756010881010881,27,187,3.3,0.2605614847303444,31,1.0,nan,0,0,0.0,32.34601200006182,1.0,0.9419354838709677,0.6152787049399199,0.0,0.0,0.0,182.66071428571428
1700,1700,healthy,1.25,S1,default,class_size_desc,3,0,1.0,814,,0.8992628992628993,0.8992628992628993,0,0,1.0,0.22382894112060778,32,1.0305100182149363,nan,0,0,0.0,83.77277799991134,1.0,0.9612903225806452,0.8364485981308412,0.0,20.0,62.0,0.0
1700,1700,healthy,1.25,S2,default,class_size_desc,3,0,1.0,814,,0.9717444717444718,0.9717444717444718,0,0,1.0,0.24777824011595942,34,1.0573114201432785,nan,0,0,0.0,67.75869500006593,1.0,1.0,0.9462616822429907,0.0,23.0,0.0,0.0
1700,1700,healthy,1.5,S0,default,class_size_desc,3,0,1.0,1016,,0.6441215015134683,0.6441215015134683,38,434,4.0,0.3246158594491928,40,1.0,nan,0,0,0.0,37.95040200020594,0.6629429482608867,0.6356185287722149,0.6469824874218542,0.0,0.0,0.0,361.5725544623163
1700,1700,healthy,1.5,S0-QoS,default,class_size_desc,3,0,1.0,1016,,0.6431910854893138,0.6431910854893138,38,434,4.0,0.3246158594491928,40,1.0,nan,0,0,0.0,33.64390600017941,1.0,0.8987012987012987,0.3997813411078717,0.0,0.0,0.0,362.51785714285717
1700,1700,healthy,1.5,S1,default,class_size_desc,3,0,1.0,1016,,0.8572834645669292,0.8572834645669292,0,0,1.0,0.2810088406557705,45,1.0884041331802525,nan,0,0,0.0,111.8323309999596,1.0,0.935064935064935,0.7773654916512059,0.0,45.0,100.0,0.0
1700,1700,healthy,1.5,S2,default,class_size_desc,3,0,1.0,1016,,0.9419291338582677,0.9419291338582677,0,0,1.0,0.3178069675613535,54,1.1299198885405781,nan,0,0,0.0,70.64811300006113,1.0,0.9948051948051948,0.8942486085343229,0.0,59.0,0.0,0.0
1700,1700,healthy,2.0,S0,default,class_size_desc,3,0,1.0,1288,,0.5112561810676092,0.5112561810676092,42,872,5.2,0.4120731993802169,43,1.0,nan,0,0,0.0,31.185564999987037,0.5317438808266102,0.5022157277811534,0.5141802171852459,0.0,0.0,0.0,629.5020387849195
1700,1700,healthy,2.0,S0-QoS,default,class_size_desc,3,0,1.0,1288,,0.5059345039602469,0.5059345039602469,42,872,5.2,0.4120731993802169,43,1.0,nan,0,0,0.0,30.318800000031843,0.9830508474576272,0.8237704918032787,0.19595841803636058,0.0,0.0,0.0,636.3563588992021
1700,1700,healthy,2.0,S1,default,class_size_desc,3,0,1.0,1288,,0.8105590062111802,0.8105590062111802,0,0,1.0,0.3591757135002749,65,1.1673052362707534,nan,0,0,2.0,147.48765899980754,0.9830508474576272,0.9344262295081968,0.6920821114369502,0.0,120.0,124.0,0.0
1700,1700,healthy,2.0,S2,default,class_size_desc,3,0,1.0,1288,,0.8680124223602484,0.8680124223602484,0,0,1.0,0.3954155795471585,69,1.21407274895647,nan,0,0,0.0,91.73119299998689,1.0,0.9836065573770492,0.7624633431085044,0.0,170.0,0.0,0.0
1700,1700,uplink,0.5,S0,default,class_size_desc,3,0,1.0,372,L6,0.9811827956989247,0.9811827956989247,3,7,1.4,0.12718280424281408,6,1.0858447488584475,1.0,49,94,0.0,31.476671000064016,0.9712711530893349,0.9789076172054896,0.9844549390003935,0.0,0.0,0.0,7.0
1700,1700,uplink,0.5,S0-QoS,default,class_size_desc,3,0,1.0,372,L6,0.9811827956989247,0.9811827956989247,3,7,1.4,0.12718280424281408,6,1.0858447488584475,1.0,49,94,0.0,31.084324999937962,1.0,1.0,0.9646464646464646,0.0,0.0,0.0,7.0
1700,1700,uplink,0.5,S1,default,class_size_desc,3,0,1.0,372,L6,0.9919354838709677,0.9919354838709677,0,0,1.0,0.12498810019296984,6,1.084914182475158,1.0,49,94,0.0,57.828951999908895,1.0,1.0,0.9848484848484849,0.0,0.0,3.0,0.0
1700,1700,uplink,0.5,S2,default,class_size_desc,3,0,1.0,372,L6,1.0,1.0,0,0,1.0,0.12581388500006307,6,1.0842293906810037,1.0,49,94,0.0,56.66039099992304,1.0,1.0,1.0,0.0,0.0,0.0,0.0
1700,1700,uplink,0.75,S0,default,class_size_desc,3,0,1.0,532,L6,0.9078947368421053,0.9078947368421053,12,49,2.1,0.18271190106827095,15,1.085576259489303,0.9323308270676691,49,135,0.0,33.93394900012936,0.8897619047619048,0.9096213192747846,0.9098871366728509,0.0,0.0,0.0,49.0
1700,1700,uplink,0.75,S0-QoS,default,class_size_desc,3,0,1.0,532,L6,0.9078947368421053,0.9078947368421053,12,49,2.1,0.18271190106827095,15,1.085576259489303,0.9323308270676691,49,135,0.0,42.37362799995026,1.0,0.9900990099009901,0.8321428571428572,0.0,0.0,0.0,49.0
1700,1700,uplink,0.75,S1,default,class_size_desc,3,0,1.0,532,L6,0.9642857142857143,0.9642857142857143,0,0,1.0,0.16811843681814168,15,1.0844704353476284,0.9774436090225563,49,130,0.0,111.19971400012219,1.0,0.9900990099009901,0.9392857142857143,0.0,6.0,13.0,0.0
1700,1700,uplink,0.75,S2,default,class_size_desc,3,0,1.0,532,L6,0.9887218045112782,0.9887218045112782,0,0,1.0,0.1727929610150466,15,1.0887198986058302,1.0,48,133,0.0,93.65008199984004,1.0,1.0,0.9785714285714285,0.0,6.0,0.0,0.0
1700,1700,uplink,1.0,S0,default,class_size_desc,3,0,1.0,644,L6,0.8343337334933973,0.8343337334933973,18,113,2.6,0.22075656791151135,22,1.078980294025649,0.8266943140892721,49,163,0.0,53.863535999880696,0.8183005670018316,0.8371006132102158,0.8351279803323964,0.0,0.0,0.0,106.68907563025209
1700,1700,uplink,1.0,S0-QoS,default,class_size_desc,3,0,1.0,644,L6,0.8332593907128069,0.8332593907128069,18,113,2.6,0.22075656791151135,22,1.0786523501050078,0.8222016079158936,49,163,0.0,46.981168999991496,1.0,0.9713114754098361,0.7056277056277056,0.0,0.0,0.0,107.38095238095238
1700,1700,uplink,1.0,S1,default,class_size_desc,3,0,1.0,644,L6,0.9611801242236024,0.9611801242236024,0,0,1.0,0.20432674335010784,19,1.1044695745826603,1.0,48,155,0.0,72.84241900015331,1.0,0.9918032786885246,0.9325513196480938,0.0,12.0,13.0,0.0
1700,1700,uplink,1.0,S2,default,class_size_desc,3,0,1.0,644,L6,0.9813664596273292,0.9813664596273292,0,0,1.0,0.21072286125089865,21,1.1128691983122363,1.0,50,158,0.0,65.84442500002297,1.0,1.0,0.9648093841642229,0.0,12.0,0.0,0.0
1700,1700,uplink,1.0,S2,lambda=0.5xmean,class_size_desc,3,1,1.0,644,L6,0.9813664596273292,0.9813664596273292,0,0,1.0,0.24825882553255893,10,1.2790084388185654,1.0,64,212,0.0,59.487542999931975,1.0,1.0,0.9648093841642229,0.0,12.0,0.0,0.0
1700,1700,uplink,1.0,S2,lambda=1xmean,class_size_desc,3,2,1.0,644,L6,0.9813664596273292,0.9813664596273292,0,0,1.0,0.2641228889981964,6,1.3364978902953586,1.0,76,240,0.0,57.98397300009128,1.0,1.0,0.9648093841642229,0.0,12.0,0.0,0.0
1700,1700,uplink,1.0,S2,lambda=2xmean,class_size_desc,3,4,1.0,644,L6,0.9813664596273292,0.9813664596273292,0,0,1.0,0.29489140086016624,8,1.4266877637130801,1.0,84,277,0.0,60.07443399994372,1.0,1.0,0.9648093841642229,0.0,12.0,0.0,0.0
1700,1700,uplink,1.0,S2,max_paths=1,class_size_desc,1,0,1.0,644,L6,0.9549689440993789,0.9549689440993789,0,0,1.0,0.2021128621337672,20,1.0997289972899729,0.9741935483870968,48,151,0.0,92.322121000052,1.0,0.9918032786885246,0.9208211143695014,0.0,12.0,17.0,0.0
1700,1700,uplink,1.0,S2,max_paths=2,class_size_desc,2,0,1.0,644,L6,0.9813664596273292,0.9813664596273292,0,0,1.0,0.21072286125089865,21,1.1128691983122363,1.0,50,158,0.0,69.11725300005855,1.0,1.0,0.9648093841642229,0.0,12.0,0.0,0.0
1700,1700,uplink,1.0,S2,max_paths=4,class_size_desc,4,0,1.0,644,L6,0.9813664596273292,0.9813664596273292,0,0,1.0,0.21072286125089865,21,1.1128691983122363,1.0,50,158,0.0,60.862542000222675,1.0,1.0,0.9648093841642229,0.0,12.0,0.0,0.0
1700,1700,uplink,1.0,S2,order=arrival,arrival,3,0,1.0,644,L6,0.9813664596273292,0.9813664596273292,0,0,1.0,0.2097595885832482,20,1.110759493670886,1.0,50,160,0.0,64.43613399983406,1.0,1.0,0.9648093841642229,0.0,12.0,0.0,0.0
1700,1700,uplink,1.0,S2,order=class_size_asc,class_size_asc,3,0,1.0,644,L6,0.9813664596273292,0.9813664596273292,0,0,1.0,0.2106331554983793,21,1.1128691983122363,1.0,50,160,0.0,56.64339899999504,1.0,1.0,0.9648093841642229,0.0,12.0,0.0,0.0
1700,1700,uplink,1.0,S2,util_cap=0.9,class_size_desc,3,0,0.9,644,L6,0.9782608695652174,0.9782608695652174,0,0,0.9,0.21380527072533959,0,1.1343915343915343,1.0,53,165,0.0,57.13019199993141,1.0,1.0,0.9589442815249267,0.0,14.0,0.0,0.0
1700,1700,uplink,1.25,S0,default,class_size_desc,3,0,1.0,814,L6,0.7209488316870867,0.7209488316870867,29,256,3.3,0.27942654533530087,32,1.0726203954666576,0.7414860330128786,49,206,0.0,35.13434100000268,0.7027593163288032,0.7232976540377285,0.7224774957958031,0.0,0.0,0.0,227.1476510067114
1700,1700,uplink,1.25,S0-QoS,default,class_size_desc,3,0,1.0,814,L6,0.7190464342363077,0.7190464342363077,29,256,3.3,0.27942654533530087,32,1.0719306213369666,0.7328787336263443,49,206,0.0,31.091959999912433,1.0,0.9419354838709677,0.5077191529634449,0.0,0.0,0.0,228.69620253164555
1700,1700,uplink,1.25,S1,default,class_size_desc,3,0,1.0,814,L6,0.8906633906633906,0.8906633906633906,0,0,1.0,0.24530620404353803,31,1.1370114942528735,0.9558011049723757,52,189,0.0,92.02516499999547,1.0,0.9612903225806452,0.8200934579439252,0.0,20.0,69.0,0.0
1700,1700,uplink,1.25,S2,default,class_size_desc,3,0,1.0,814,L6,0.9717444717444718,0.9717444717444718,0,0,1.0,0.2790420876057866,36,1.1807838179519596,1.0,58,219,0.0,61.50941500004592,1.0,1.0,0.9462616822429907,0.0,23.0,0.0,0.0
1700,1700,uplink,1.5,S0,default,class_size_desc,3,0,1.0,1016,L6,0.6017656325053445,0.6017656325053445,39,493,4.0,0.3479393721543254,40,1.069243603947644,0.746919321088119,49,257,0.0,30.71587499994166,0.5959339022280484,0.6051361648099723,0.6003535068063269,0.0,0.0,0.0,404.60611737457
1700,1700,uplink,1.5,S0-QoS,default,class_size_desc,3,0,1.0,1016,L6,0.5970793068480076,0.5970793068480076,39,493,4.0,0.3479393721543254,40,1.06745300789047,0.7237759783558899,49,257,0.0,31.573103000027913,1.0,0.8909090909090909,0.31842778433687524,0.0,0.0,0.0,409.36742424242425
1700,1700,uplink,1.5,S1,default,class_size_desc,3,0,1.0,1016,L6,0.844488188976378,0.844488188976378,0,0,1.0,0.3090783167480167,47,1.2062937062937062,1.0304568527918783,57,248,0.0,106.8497670000852,1.0,0.9324675324675324,0.7551020408163265,0.0,47.0,111.0,0.0
1700,1700,uplink,1.5,S2,default,class_size_desc,3,0,1.0,1016,L6,0.9104330708661418,0.9104330708661418,0,0,1.0,0.360233770983894,57,1.2706306306306305,0.95,70,295,0.0,103.17611699997542,1.0,0.9948051948051948,0.8348794063079777,0.0,89.0,2.0,0.0
1700,1700,uplink,2.0,S0,default,class_size_desc,3,0,1.0,1288,L6,0.477493276065651,0.477493276065651,42,914,5.2,0.4415131358230227,43,1.0690019387600402,0.7453908287452912,49,326,0.0,35.89477800005625,0.47786598247905326,0.47829800591471944,0.4768529717795413,0.0,0.0,0.0,672.9886604274415
1700,1700,uplink,2.0,S0-QoS,default,class_size_desc,3,0,1.0,1288,L6,0.4707585869886707,0.4707585869886707,42,914,5.2,0.4415131358230227,43,1.0665981927250079,0.7278057436016123,49,326,0.0,30.711136000036277,0.9830508474576272,0.797423887587822,0.14837859662544095,0.0,0.0,0.0,681.6629399585921
1700,1700,uplink,2.0,S1,default,class_size_desc,3,0,1.0,1288,L6,0.7639751552795031,0.7639751552795031,0,0,1.0,0.3927942033372432,68,1.3062330623306233,0.97,66,300,2.0,119.27270500018494,0.9830508474576272,0.9344262295081968,0.6041055718475073,0.0,172.0,132.0,0.0
1700,1700,uplink,2.0,S2,default,class_size_desc,3,0,1.0,1288,L6,0.7981366459627329,0.7981366459627329,0,0,1.0,0.41676791907878974,73,1.3372243839169908,0.9565217391304348,62,286,0.0,103.49937299997691,1.0,0.9836065573770492,0.6304985337243402,0.0,260.0,0.0,0.0
1700,1700,multi,0.5,S0,default,class_size_desc,3,0,1.0,372,L25;L53;L65,0.9811827956989247,0.9811827956989247,3,7,1.4,0.12384758048968575,5,1.0146118721461188,1.0,6,8,0.0,28.68434500010153,0.9712711530893349,0.9789076172054896,0.9844549390003935,0.0,0.0,0.0,7.0
1700,1700,multi,0.5,S0-QoS,default,class_size_desc,3,0,1.0,372,L25;L53;L65,0.9811827956989247,0.9811827956989247,3,7,1.4,0.12384758048968575,5,1.0146118721461188,1.0,6,8,0.0,28.295155000023442,1.0,1.0,0.9646464646464646,0.0,0.0,0.0,7.0
1700,1700,multi,0.5,S1,default,class_size_desc,3,0,1.0,372,L25;L53;L65,0.9919354838709677,0.9919354838709677,0,0,1.0,0.12232535826746353,5,1.019873532068654,1.0,8,11,0.0,51.65310100005627,1.0,1.0,0.9848484848484849,0.0,0.0,3.0,0.0
1700,1700,multi,0.5,S2,default,class_size_desc,3,0,1.0,372,L25;L53;L65,1.0,1.0,0,0,1.0,0.12340496754707281,5,1.021505376344086,1.0,9,12,0.0,50.15375900006802,1.0,1.0,1.0,0.0,0.0,0.0,0.0
1700,1700,multi,0.75,S0,default,class_size_desc,3,0,1.0,532,L25;L53;L65,0.9210526315789473,0.9210526315789473,10,42,2.1,0.1777269262900842,12,1.0136054421768708,0.8333333333333334,6,12,0.0,32.50658299998577,0.9132251082251083,0.9153326046890403,0.9265769944341373,0.0,0.0,0.0,42.0
1700,1700,multi,0.75,S0-QoS,default,class_size_desc,3,0,1.0,532,L25;L53;L65,0.9210526315789473,0.9210526315789473,10,42,2.1,0.1777269262900842,12,1.0136054421768708,0.8333333333333334,6,12,0.0,30.275929000026736,1.0,0.9900990099009901,0.8571428571428571,0.0,0.0,0.0,42.0
1700,1700,multi,0.75,S1,default,class_size_desc,3,0,1.0,532,L25;L53;L65,0.9661654135338346,0.9661654135338346,0,0,1.0,0.16662032645716857,12,1.0246433203631646,0.9047619047619048,9,19,0.0,60.631519000025946,1.0,0.9900990099009901,0.9428571428571428,0.0,8.0,10.0,0.0
1700,1700,multi,0.75,S2,default,class_size_desc,3,0,1.0,532,L25;L53;L65,0.9830827067669173,0.9830827067669173,0,0,1.0,0.16979826489300173,13,1.0280433397068196,0.875,10,20,0.0,56.398038999986966,1.0,1.0,0.9678571428571429,0.0,9.0,0.0,0.0
1700,1700,multi,1.0,S0,default,class_size_desc,3,0,1.0,644,L25;L53;L65,0.8695652173913043,0.8695652173913043,15,84,2.6,0.21521395797185272,19,1.0119047619047619,0.7142857142857143,6,14,0.0,29.884354999921925,0.866355536293092,0.8593042413082509,0.8774627228137665,0.0,0.0,0.0,84.0
1700,1700,multi,1.0,S0-QoS,default,class_size_desc,3,0,1.0,644,L25;L53;L65,0.8695652173913043,0.8695652173913043,15,84,2.6,0.21521395797185272,19,1.0119047619047619,0.7142857142857143,6,14,0.0,30.34050099995511,1.0,0.9713114754098361,0.7741935483870968,0.0,0.0,0.0,84.0
1700,1700,multi,1.0,S1,default,class_size_desc,3,0,1.0,644,L25;L53;L65,0.9472049689440993,0.9472049689440993,0,0,1.0,0.19529085534348692,20,1.0316939890710382,0.7096774193548387,11,22,0.0,68.22835499997382,1.0,0.9918032786885246,0.906158357771261,0.0,21.0,13.0,0.0
1700,1700,multi,1.0,S2,default,class_size_desc,3,0,1.0,644,L25;L53;L65,0.9658385093167702,0.9658385093167702,0,0,1.0,0.19976570914465652,20,1.0364415862808145,0.7222222222222222,12,22,0.0,62.437776000024314,1.0,1.0,0.9354838709677419,0.0,22.0,0.0,0.0
1700,1700,multi,1.0,S2,lambda=0.5xmean,class_size_desc,3,1,1.0,644,L25;L53;L65,0.9658385093167702,0.9658385093167702,0,0,1.0,0.2300971595655806,8,1.2084673097534835,0.8148148148148148,35,98,0.0,58.35516000001917,1.0,1.0,0.9354838709677419,0.0,22.0,0.0,0.0
1700,1700,multi,1.0,S2,lambda=1xmean,class_size_desc,3,2,1.0,644,L25;L53;L65,0.9658385093167702,0.9658385093167702,0,0,1.0,0.2523338345864662,8,1.2984994640943195,0.88,28,78,0.0,62.85959799993179,1.0,1.0,0.9354838709677419,0.0,22.0,0.0,0.0
1700,1700,multi,1.0,S2,lambda=2xmean,class_size_desc,3,4,1.0,644,L25;L53;L65,0.9658385093167702,0.9658385093167702,0,0,1.0,0.2598686266949425,7,1.3193997856377278,0.88,34,97,0.0,64.0921490000892,1.0,1.0,0.9354838709677419,0.0,22.0,0.0,0.0
1700,1700,multi,1.0,S2,max_paths=1,class_size_desc,1,0,1.0,644,L25;L53;L65,0.9472049689440993,0.9472049689440993,0,0,1.0,0.1950527601053917,20,1.0306010928961749,0.7096774193548387,11,22,0.0,71.64247899982001,1.0,0.9918032786885246,0.906158357771261,0.0,21.0,13.0,0.0
1700,1700,multi,1.0,S2,max_paths=2,class_size_desc,2,0,1.0,644,L25;L53;L65,0.9658385093167702,0.9658385093167702,0,0,1.0,0.19976570914465652,20,1.0364415862808145,0.7222222222222222,12,22,0.0,60.05704099993636,1.0,1.0,0.9354838709677419,0.0,22.0,0.0,0.0
1700,1700,multi,1.0,S2,max_paths=4,class_size_desc,4,0,1.0,644,L25;L53;L65,0.9658385093167702,0.9658385093167702,0,0,1.0,0.19976570914465652,20,1.0364415862808145,0.7222222222222222,12,22,0.0,60.57098499991298,1.0,1.0,0.9354838709677419,0.0,22.0,0.0,0.0
1700,1700,multi,1.0,S2,order=arrival,arrival,3,0,1.0,644,L25;L53;L65,0.9658385093167702,0.9658385093167702,0,0,1.0,0.19976570914465652,20,1.0364415862808145,0.7222222222222222,12,22,0.0,71.8567809999513,1.0,1.0,0.9354838709677419,0.0,22.0,0.0,0.0
1700,1700,multi,1.0,S2,order=class_size_asc,class_size_asc,3,0,1.0,644,L25;L53;L65,0.9658385093167702,0.9658385093167702,0,0,1.0,0.19976570914465652,20,1.0364415862808145,0.7142857142857143,11,22,0.0,58.0849529999341,1.0,1.0,0.9354838709677419,0.0,22.0,0.0,0.0
1700,1700,multi,1.0,S2,util_cap=0.9,class_size_desc,3,0,0.9,644,L25;L53;L65,0.9580745341614907,0.9580745341614907,0,0,0.9,0.19944950196002828,0,1.050783360345759,0.6829268292682927,13,21,0.0,61.82887400018444,1.0,1.0,0.9208211143695014,0.0,27.0,0.0,0.0
1700,1700,multi,1.25,S0,default,class_size_desc,3,0,1.0,814,L25;L53;L65,0.7621460884639356,0.7621460884639356,29,215,3.3,0.2724719105455948,31,1.0107459820551132,0.5263157894736842,6,19,0.0,32.54845099991144,0.7739668734081941,0.7468012628928874,0.7711613133967892,0.0,0.0,0.0,193.61308399035642
1700,1700,multi,1.25,S0-QoS,default,class_size_desc,3,0,1.0,814,L25;L53;L65,0.761220397249809,0.761220397249809,29,215,3.3,0.2724719105455948,31,1.0107590498357606,0.5263157894736842,6,19,0.0,34.82044300017151,1.0,0.9387096774193548,0.5902649611246368,0.0,0.0,0.0,194.36659663865547
1700,1700,multi,1.25,S1,default,class_size_desc,3,0,1.0,814,L25;L53;L65,0.8771498771498771,0.8771498771498771,0,0,1.0,0.2306278645331277,33,1.0527544351073763,0.5609756097560976,11,23,0.0,98.64235500003815,1.0,0.9580645161290322,0.7967289719626168,0.0,38.0,62.0,0.0
1700,1700,multi,1.25,S2,default,class_size_desc,3,0,1.0,814,L25;L53;L65,0.9447174447174447,0.9447174447174447,0,0,1.0,0.25485803611593083,34,1.0840918942349371,0.62,20,43,0.0,73.73498299989478,1.0,0.9967741935483871,0.897196261682243,0.0,45.0,0.0,0.0
1700,1700,multi,1.5,S0,default,class_size_desc,3,0,1.0,1016,L25;L53;L65,0.6317905961627631,0.6317905961627631,38,466,4.0,0.33906153846153847,40,1.010385845927241,0.5,6,22,0.0,34.30082800014134,0.6476485174333007,0.6217851511148521,0.6362306102380066,0.0,0.0,0.0,374.1007542986327
1700,1700,multi,1.5,S0-QoS,default,class_size_desc,3,0,1.0,1016,L25;L53;L65,0.6296066078630415,0.6296066078630415,38,466,4.0,0.33906153846153847,40,1.010421872496379,0.5,6,22,0.0,37.64645199998995,1.0,0.8935064935064935,0.37788555396818213,0.0,0.0,0.0,376.3196864111498
1700,1700,multi,1.5,S1,default,class_size_desc,3,0,1.0,1016,L25;L53;L65,0.8316929133858267,0.8316929133858267,0,0,1.0,0.2875208405629458,45,1.1136094674556214,0.5348837209302325,17,50,0.0,122.66371400005482,1.0,0.9298701298701298,0.7328385899814471,0.0,70.0,101.0,0.0
1700,1700,multi,1.5,S2,default,class_size_desc,3,0,1.0,1016,L25;L53;L65,0.9104330708661418,0.9104330708661418,0,0,1.0,0.3235826039457618,52,1.1481081081081081,0.6037735849056604,20,65,0.0,82.41545299983954,1.0,0.9818181818181818,0.8441558441558441,0.0,91.0,0.0,0.0
1700,1700,multi,2.0,S0,default,class_size_desc,3,0,1.0,1288,L25;L53;L65,0.5027121103929992,0.5027121103929992,41,906,5.2,0.43042791594370544,42,1.010296118453973,0.5,6,28,0.0,32.047572000010405,0.520730837008755,0.4923001927543167,0.507044670608568,0.0,0.0,0.0,640.506801813817
1700,1700,multi,2.0,S0-QoS,default,class_size_desc,3,0,1.0,1288,L25;L53;L65,0.49371970237871554,0.49371970237871554,41,906,5.2,0.43042791594370544,42,1.010483647729502,0.5,6,28,0.0,45.284798000011506,0.9830508474576272,0.8114754098360656,0.1816876490671344,0.0,0.0,0.0,652.0890233362144
1700,1700,multi,2.0,S1,default,class_size_desc,3,0,1.0,1288,L25;L53;L65,0.782608695652174,0.782608695652174,0,0,1.0,0.36206775914144335,64,1.1765873015873016,0.5555555555555556,24,92,2.0,260.11207500005185,0.9830508474576272,0.9057377049180327,0.6598240469208211,0.0,168.0,112.0,0.0
1700,1700,multi,2.0,S2,default,class_size_desc,3,0,1.0,1288,L25;L53;L65,0.8354037267080745,0.8354037267080745,0,0,1.0,0.3964119015487437,69,1.218091697645601,0.6060606060606061,23,82,0.0,94.89066900005128,1.0,0.9508196721311475,0.7243401759530792,0.0,212.0,0.0,0.0
1700,1700,recovered,0.5,S0,default,class_size_desc,3,0,1.0,372,,0.9811827956989247,0.9811827956989247,3,7,1.4,0.11857925975908432,5,1.0,nan,0,0,0.0,29.61747499989542,0.9712711530893349,0.9789076172054896,0.9844549390003935,0.0,0.0,0.0,7.0
1700,1700,recovered,0.5,S0-QoS,default,class_size_desc,3,0,1.0,372,,0.9811827956989247,0.9811827956989247,3,7,1.4,0.11857925975908432,5,1.0,nan,0,0,0.0,28.779804000123477,1.0,1.0,0.9646464646464646,0.0,0.0,0.0,7.0
1700,1700,recovered,0.5,S1,default,class_size_desc,3,0,1.0,372,,0.9919354838709677,0.9919354838709677,0,0,1.0,0.11640487704303494,5,1.0,nan,0,0,0.0,84.5463790001304,1.0,1.0,0.9848484848484849,0.0,0.0,3.0,0.0
1700,1700,recovered,0.5,S2,default,class_size_desc,3,0,1.0,372,,1.0,1.0,0,0,1.0,0.11722301569450692,5,1.0,nan,0,0,0.0,57.64410599999792,1.0,1.0,1.0,0.0,0.0,0.0,0.0
1700,1700,recovered,0.75,S0,default,class_size_desc,3,0,1.0,532,,0.924812030075188,0.924812030075188,9,40,2.1,0.1700479019843055,11,1.0,nan,0,0,0.0,31.88894499999151,0.9198917748917749,0.9194580172302944,0.9295531849103278,0.0,0.0,0.0,40.0
1700,1700,recovered,0.75,S0-QoS,default,class_size_desc,3,0,1.0,532,,0.924812030075188,0.924812030075188,9,40,2.1,0.1700479019843055,11,1.0,nan,0,0,0.0,38.88780000011138,1.0,0.9900990099009901,0.8642857142857143,0.0,0.0,0.0,40.0
1700,1700,recovered,0.75,S1,default,class_size_desc,3,0,1.0,532,,0.9699248120300752,0.9699248120300752,0,0,1.0,0.15817289573649224,11,1.0,nan,0,0,0.0,64.76853699996354,1.0,0.9900990099009901,0.95,0.0,6.0,10.0,0.0
1700,1700,recovered,0.75,S2,default,class_size_desc,3,0,1.0,532,,0.9887218045112782,0.9887218045112782,0,0,1.0,0.16130576798120658,11,1.002534854245881,nan,0,0,0.0,56.48744700010866,1.0,1.0,0.9785714285714285,0.0,6.0,0.0,0.0
1700,1700,recovered,1.0,S0,default,class_size_desc,3,0,1.0,644,,0.8757763975155279,0.8757763975155279,14,80,2.6,0.20603659969010846,18,1.0,nan,0,0,0.0,36.349609999888344,0.8760407663173051,0.8663300024323727,0.8824899536474489,0.0,0.0,0.0,80.0
1700,1700,recovered,1.0,S0-QoS,default,class_size_desc,3,0,1.0,644,,0.8757763975155279,0.8757763975155279,14,80,2.6,0.20603659969010846,18,1.0,nan,0,0,0.0,28.59944499982703,1.0,0.9713114754098361,0.7859237536656891,0.0,0.0,0.0,80.0
1700,1700,recovered,1.0,S1,default,class_size_desc,3,0,1.0,644,,0.9611801242236024,0.9611801242236024,0,0,1.0,0.1872469885540061,18,1.007539041464728,nan,0,0,0.0,110.73105600007693,1.0,0.9918032786885246,0.9325513196480938,0.0,12.0,13.0,0.0
1700,1700,recovered,1.0,S2,default,class_size_desc,3,0,1.0,644,,0.9813664596273292,0.9813664596273292,0,0,1.0,0.19187223221872346,18,1.0126582278481013,nan,0,0,0.0,73.05564900002537,1.0,1.0,0.9648093841642229,0.0,12.0,0.0,0.0
1700,1700,recovered,1.0,S2,lambda=0.5xmean,class_size_desc,3,1,1.0,644,,0.9813664596273292,0.9813664596273292,0,0,1.0,0.2211414130054481,5,1.1845991561181435,nan,27,85,0.0,69.76545899988196,1.0,1.0,0.9648093841642229,0.0,12.0,0.0,0.0
1700,1700,recovered,1.0,S2,lambda=1xmean,class_size_desc,3,2,1.0,644,,0.9813664596273292,0.9813664596273292,0,0,1.0,0.23719772454640875,5,1.2521097046413503,nan,38,147,0.0,81.64321399999608,1.0,1.0,0.9648093841642229,0.0,12.0,0.0,0.0
1700,1700,recovered,1.0,S2,lambda=2xmean,class_size_desc,3,4,1.0,644,,0.9813664596273292,0.9813664596273292,0,0,1.0,0.24324710726245813,5,1.2721518987341771,nan,46,170,0.0,86.92920800012871,1.0,1.0,0.9648093841642229,0.0,12.0,0.0,0.0
1700,1700,recovered,1.0,S2,max_paths=1,class_size_desc,1,0,1.0,644,,0.9611801242236024,0.9611801242236024,0,0,1.0,0.18701550707252462,18,1.0064620355411955,nan,0,0,0.0,88.6658740000712,1.0,0.9918032786885246,0.9325513196480938,0.0,12.0,13.0,0.0
1700,1700,recovered,1.0,S2,max_paths=2,class_size_desc,2,0,1.0,644,,0.9813664596273292,0.9813664596273292,0,0,1.0,0.19187223221872346,18,1.0126582278481013,nan,0,0,0.0,119.86359299999094,1.0,1.0,0.9648093841642229,0.0,12.0,0.0,0.0
1700,1700,recovered,1.0,S2,max_paths=4,class_size_desc,4,0,1.0,644,,0.9813664596273292,0.9813664596273292,0,0,1.0,0.19187223221872346,18,1.0126582278481013,nan,0,0,0.0,61.629000000039014,1.0,1.0,0.9648093841642229,0.0,12.0,0.0,0.0
1700,1700,recovered,1.0,S2,order=arrival,arrival,3,0,1.0,644,,0.9813664596273292,0.9813664596273292,0,0,1.0,0.19187223221872346,18,1.0126582278481013,nan,0,0,0.0,74.76538600008098,1.0,1.0,0.9648093841642229,0.0,12.0,0.0,0.0
1700,1700,recovered,1.0,S2,order=class_size_asc,class_size_asc,3,0,1.0,644,,0.9813664596273292,0.9813664596273292,0,0,1.0,0.19187223221872346,18,1.0126582278481013,nan,0,0,0.0,57.74184899996726,1.0,1.0,0.9648093841642229,0.0,12.0,0.0,0.0
1700,1700,recovered,1.0,S2,util_cap=0.9,class_size_desc,3,0,0.9,644,,0.9782608695652174,0.9782608695652174,0,0,0.9,0.19260318263607737,0,1.0275132275132275,nan,0,0,0.0,59.86679500006176,1.0,1.0,0.9589442815249267,0.0,14.0,0.0,0.0
1700,1700,recovered,1.25,S0,default,class_size_desc,3,0,1.0,814,,0.7757090718255767,0.7757090718255767,27,187,3.3,0.2605614847303444,31,1.0,nan,0,0,0.0,41.917061000049216,0.7926649343500224,0.7619047826795807,0.7826966514596908,0.0,0.0,0.0,182.5728155339806
1700,1700,recovered,1.25,S0-QoS,default,class_size_desc,3,0,1.0,814,,0.7756010881010881,0.7756010881010881,27,187,3.3,0.2605614847303444,31,1.0,nan,0,0,0.0,31.740215999889188,1.0,0.9419354838709677,0.6152787049399199,0.0,0.0,0.0,182.66071428571428
1700,1700,recovered,1.25,S1,default,class_size_desc,3,0,1.0,814,,0.8992628992628993,0.8992628992628993,0,0,1.0,0.22382894112060778,32,1.0305100182149363,nan,0,0,0.0,137.8585209999983,1.0,0.9612903225806452,0.8364485981308412,0.0,20.0,62.0,0.0
1700,1700,recovered,1.25,S2,default,class_size_desc,3,0,1.0,814,,0.9717444717444718,0.9717444717444718,0,0,1.0,0.24777824011595942,34,1.0573114201432785,nan,5,9,0.0,69.9557850000474,1.0,1.0,0.9462616822429907,0.0,23.0,0.0,0.0
1700,1700,recovered,1.5,S0,default,class_size_desc,3,0,1.0,1016,,0.6441215015134683,0.6441215015134683,38,434,4.0,0.3246158594491928,40,1.0,nan,0,0,0.0,29.676685999902475,0.6629429482608867,0.6356185287722149,0.6469824874218542,0.0,0.0,0.0,361.5725544623163
1700,1700,recovered,1.5,S0-QoS,default,class_size_desc,3,0,1.0,1016,,0.6431910854893138,0.6431910854893138,38,434,4.0,0.3246158594491928,40,1.0,nan,0,0,0.0,29.79632999995374,1.0,0.8987012987012987,0.3997813411078717,0.0,0.0,0.0,362.51785714285717
1700,1700,recovered,1.5,S1,default,class_size_desc,3,0,1.0,1016,,0.8572834645669292,0.8572834645669292,0,0,1.0,0.2810088406557705,45,1.0884041331802525,nan,12,49,0.0,85.28334100014945,1.0,0.935064935064935,0.7773654916512059,0.0,45.0,100.0,0.0
1700,1700,recovered,1.5,S2,default,class_size_desc,3,0,1.0,1016,,0.9419291338582677,0.9419291338582677,0,0,1.0,0.3178069675613535,54,1.1299198885405781,nan,41,133,0.0,66.3252869999269,1.0,0.9948051948051948,0.8942486085343229,0.0,59.0,0.0,0.0
1700,1700,recovered,2.0,S0,default,class_size_desc,3,0,1.0,1288,,0.5112561810676092,0.5112561810676092,42,872,5.2,0.4120731993802169,43,1.0,nan,0,0,0.0,29.97052699993219,0.5317438808266102,0.5022157277811534,0.5141802171852459,0.0,0.0,0.0,629.5020387849195
1700,1700,recovered,2.0,S0-QoS,default,class_size_desc,3,0,1.0,1288,,0.5059345039602469,0.5059345039602469,42,872,5.2,0.4120731993802169,43,1.0,nan,0,0,0.0,40.424071999950684,0.9830508474576272,0.8237704918032787,0.19595841803636058,0.0,0.0,0.0,636.3563588992021
1700,1700,recovered,2.0,S1,default,class_size_desc,3,0,1.0,1288,,0.8105590062111802,0.8105590062111802,0,0,1.0,0.3591757135002749,65,1.1673052362707534,nan,31,166,2.0,107.07794399991144,0.9830508474576272,0.9344262295081968,0.6920821114369502,0.0,120.0,124.0,0.0
1700,1700,recovered,2.0,S2,default,class_size_desc,3,0,1.0,1288,,0.8680124223602484,0.8680124223602484,0,0,1.0,0.3954155795471585,69,1.21407274895647,nan,47,234,0.0,112.13919600004374,1.0,0.9836065573770492,0.7624633431085044,0.0,170.0,0.0,0.0
1800,1800,healthy,0.5,S0,default,class_size_desc,3,0,1.0,390,,0.9564102564102565,0.9564102564102565,6,17,1.6,0.12564149314149314,7,1.0,nan,0,0,0.0,36.34670500014181,0.9366635348778206,0.9618154382305326,0.9562512002988194,0.0,0.0,0.0,17.0
1800,1800,healthy,0.5,S0-QoS,default,class_size_desc,3,0,1.0,390,,0.9564102564102565,0.9564102564102565,6,17,1.6,0.12564149314149314,7,1.0,nan,0,0,0.0,40.851252000038585,1.0,1.0,0.91005291005291,0.0,0.0,0.0,17.0
1800,1800,healthy,0.5,S1,default,class_size_desc,3,0,1.0,390,,0.9743589743589743,0.9743589743589743,0,0,1.0,0.11966308558413821,7,1.0,nan,0,0,0.0,69.5052900000519,1.0,1.0,0.9470899470899471,0.0,4.0,6.0,0.0
1800,1800,healthy,0.5,S2,default,class_size_desc,3,0,1.0,390,,0.9897435897435898,0.9897435897435898,0,0,1.0,0.12123011415116679,7,1.0,nan,0,0,0.0,58.58820599996761,1.0,1.0,0.9788359788359788,0.0,4.0,0.0,0.0
1800,1800,healthy,0.75,S0,default,class_size_desc,3,0,1.0,550,,0.8945454545454545,0.8945454545454545,11,58,2.4,0.17717441270072848,15,1.0,nan,0,0,0.0,32.704164000051605,0.8566109728348817,0.8990640742252346,0.8996099904420481,0.0,0.0,0.0,58.0
1800,1800,healthy,0.75,S0-QoS,default,class_size_desc,3,0,1.0,550,,0.8945454545454545,0.8945454545454545,11,58,2.4,0.17717441270072848,15,1.0,nan,0,0,0.0,41.58847500002594,1.0,0.9771689497716894,0.8029739776951673,0.0,0.0,0.0,58.0
1800,1800,healthy,0.75,S1,default,class_size_desc,3,0,1.0,550,,0.9581818181818181,0.9581818181818181,0,0,1.0,0.16000622426938216,15,1.0,nan,0,0,0.0,85.69943099996635,1.0,0.9771689497716894,0.9330855018587361,0.0,7.0,16.0,0.0
1800,1800,healthy,0.75,S2,default,class_size_desc,3,0,1.0,550,,0.9872727272727273,0.9872727272727273,0,0,1.0,0.16442415058204532,15,1.0006138735420504,nan,0,0,0.0,59.13682600021275,1.0,1.0,0.9739776951672863,0.0,7.0,0.0,0.0
1800,1800,healthy,1.0,S0,default,class_size_desc,3,0,1.0,675,,0.8251851851851851,0.8251851851851851,16,118,2.9,0.217631396578765,20,1.0,nan,0,0,0.0,33.94457899980807,0.7513776086254044,0.8408861027582368,0.8293497082059128,0.0,0.0,0.0,118.0
1800,1800,healthy,1.0,S0-QoS,default,class_size_desc,3,0,1.0,675,,0.8251851851851851,0.8251851851851851,16,118,2.9,0.217631396578765,20,1.0,nan,0,0,0.0,32.67361600001095,1.0,0.9407407407407408,0.6899696048632219,0.0,0.0,0.0,118.0
1800,1800,healthy,1.0,S1,default,class_size_desc,3,0,1.0,675,,0.9348148148148148,0.9348148148148148,0,0,1.0,0.18976033060243586,20,1.0095087163232963,nan,0,0,0.0,100.48256499999297,1.0,0.9629629629629629,0.8966565349544073,0.0,12.0,32.0,0.0
1800,1800,healthy,1.0,S2,default,class_size_desc,3,0,1.0,675,,0.9822222222222222,0.9822222222222222,0,0,1.0,0.20012664023190338,21,1.0180995475113122,nan,0,0,0.0,76.91973599980884,1.0,1.0,0.9635258358662614,0.0,12.0,0.0,0.0
1800,1800,healthy,1.0,S2,lambda=0.5xmean,class_size_desc,3,1,1.0,675,,0.9822222222222222,0.9822222222222222,0,0,1.0,0.2304147918884761,5,1.1875314228255405,nan,0,0,0.0,61.88474900000074,1.0,1.0,0.9635258358662614,0.0,12.0,0.0,0.0
1800,1800,healthy,1.0,S2,lambda=1xmean,class_size_desc,3,2,1.0,675,,0.9822222222222222,0.9822222222222222,0,0,1.0,0.24790515327357432,3,1.2508798391151332,nan,0,0,0.0,70.57897400000002,1.0,1.0,0.9635258358662614,0.0,12.0,0.0,0.0
1800,1800,healthy,1.0,S2,lambda=2xmean,class_size_desc,3,4,1.0,675,,0.9822222222222222,0.9822222222222222,0,0,1.0,0.25091635475846,3,1.2599296128707893,nan,0,0,0.0,57.618888999968476,1.0,1.0,0.9635258358662614,0.0,12.0,0.0,0.0
1800,1800,healthy,1.0,S2,max_paths=1,class_size_desc,1,0,1.0,675,,0.9451851851851852,0.9451851851851852,0,0,1.0,0.191190203216519,20,1.0083594566353187,nan,0,0,0.0,81.95293500011758,1.0,0.9777777777777777,0.9057750759878419,0.0,12.0,25.0,0.0
1800,1800,healthy,1.0,S2,max_paths=2,class_size_desc,2,0,1.0,675,,0.9822222222222222,0.9822222222222222,0,0,1.0,0.20012664023190338,21,1.0180995475113122,nan,0,0,0.0,57.444200999952955,1.0,1.0,0.9635258358662614,0.0,12.0,0.0,0.0
1800,1800,healthy,1.0,S2,max_paths=4,class_size_desc,4,0,1.0,675,,0.9822222222222222,0.9822222222222222,0,0,1.0,0.20012664023190338,21,1.0180995475113122,nan,0,0,0.0,56.5156489999481,1.0,1.0,0.9635258358662614,0.0,12.0,0.0,0.0
1800,1800,healthy,1.0,S2,order=arrival,arrival,3,0,1.0,675,,0.9822222222222222,0.9822222222222222,0,0,1.0,0.20012664023190338,21,1.0180995475113122,nan,0,0,0.0,58.85741199995209,1.0,1.0,0.9635258358662614,0.0,12.0,0.0,0.0
1800,1800,healthy,1.0,S2,order=class_size_asc,class_size_asc,3,0,1.0,675,,0.9822222222222222,0.9822222222222222,0,0,1.0,0.20012664023190338,21,1.0180995475113122,nan,0,0,0.0,54.256121999969764,1.0,1.0,0.9635258358662614,0.0,12.0,0.0,0.0
1800,1800,healthy,1.0,S2,util_cap=0.9,class_size_desc,3,0,0.9,675,,0.9807407407407407,0.9807407407407407,0,0,0.9,0.20188819299345614,0,1.0352467270896273,nan,0,0,0.0,53.53622300003735,1.0,1.0,0.9604863221884499,0.0,13.0,0.0,0.0
1800,1800,healthy,1.25,S0,default,class_size_desc,3,0,1.0,857,,0.7111217882719015,0.7111217882719015,28,258,3.7,0.2762431682694841,33,1.0,nan,0,0,0.0,30.192674000090847,0.61693718011457,0.7310173660616226,0.71646172807863,0.0,0.0,0.0,247.5686274509804
1800,1800,healthy,1.25,S0-QoS,default,class_size_desc,3,0,1.0,857,,0.710598143168789,0.710598143168789,28,258,3.7,0.2762431682694841,33,1.0,nan,0,0,0.0,31.415947999903437,1.0,0.8947368421052632,0.49399190619487393,0.0,0.0,0.0,248.01739130434783
1800,1800,healthy,1.25,S1,default,class_size_desc,3,0,1.0,857,,0.9148191365227538,0.9148191365227538,0,0,1.0,0.23952450136660663,37,1.0416666666666667,nan,0,0,0.0,78.41313600010835,1.0,0.9532163742690059,0.863961813842482,0.0,19.0,54.0,0.0
1800,1800,healthy,1.25,S2,default,class_size_desc,3,0,1.0,857,,0.9743290548424738,0.9743290548424738,0,0,1.0,0.2615325371641161,42,1.0678642714570858,nan,0,0,0.0,59.8864409998896,1.0,0.9970760233918129,0.9498806682577565,0.0,22.0,0.0,0.0
1800,1800,healthy,1.5,S0,default,class_size_desc,3,0,1.0,1065,,0.5857399540689442,0.5857399540689442,37,532,4.5,0.34327288972025816,39,1.0,nan,0,0,0.0,33.34272100005364,0.49637482880476586,0.6068239282720336,0.5886358225014687,0.0,0.0,0.0,441.18694891657447
1800,1800,healthy,1.5,S0-QoS,default,class_size_desc,3,0,1.0,1065,,0.5818526543878657,0.5818526543878657,37,532,4.5,0.34327288972025816,39,1.0,nan,0,0,0.0,31.70166299992161,1.0,0.8275058275058275,0.28315265815265817,0.0,0.0,0.0,445.3269230769231
1800,1800,healthy,1.5,S1,default,class_size_desc,3,0,1.0,1065,,0.8553990610328639,0.8553990610328639,0,0,1.0,0.29009073909073907,49,1.0914745700695208,nan,0,0,0.0,99.964583999963,1.0,0.8857808857808858,0.7972972972972973,0.0,45.0,109.0,0.0
1800,1800,healthy,1.5,S2,default,class_size_desc,3,0,1.0,1065,,0.936150234741784,0.936150234741784,0,0,1.0,0.3296865098180888,53,1.1390839184219326,nan,0,0,0.0,70.19720799985407,1.0,0.9883449883449883,0.8783783783783784,0.0,68.0,0.0,0.0
1800,1800,healthy,2.0,S0,default,class_size_desc,3,0,1.0,1350,,0.4647089972908545,0.4647089972908545,41,982,5.8,0.43526279315753,42,1.0,nan,0,0,0.0,32.92192200001409,0.3885474616773614,0.4825658015361653,0.46764802331028177,0.0,0.0,0.0,722.6428536573464
1800,1800,healthy,2.0,S0-QoS,default,class_size_desc,3,0,1.0,1350,,0.4585214271957029,0.4585214271957029,41,982,5.8,0.43526279315753,42,1.0,nan,0,0,0.0,30.91919600001347,1.0,0.7185185185185186,0.12006675792431441,0.0,0.0,0.0,730.9960732858011
1800,1800,healthy,2.0,S1,default,class_size_desc,3,0,1.0,1350,,0.7955555555555556,0.7955555555555556,0,0,1.0,0.3611342887132361,66,1.1719428926132838,nan,0,0,0.0,128.77958400008538,1.0,0.9111111111111111,0.6534954407294833,0.0,150.0,126.0,0.0
1800,1800,healthy,2.0,S2,default,class_size_desc,3,0,1.0,1350,,0.8533333333333334,0.8533333333333334,0,0,1.0,0.40032374306058516,75,1.2141203703703705,nan,0,0,0.0,89.55611400006092,1.0,0.9814814814814815,0.7142857142857143,0.0,198.0,0.0,0.0
1800,1800,uplink,0.5,S0,default,class_size_desc,3,0,1.0,390,L6,0.9564102564102565,0.9564102564102565,6,17,1.6,0.12902949272949274,7,1.0187667560321716,1.0,13,21,0.0,32.9253190000145,0.9366635348778206,0.9618154382305326,0.9562512002988194,0.0,0.0,0.0,17.0
1800,1800,uplink,0.5,S0-QoS,default,class_size_desc,3,0,1.0,390,L6,0.9564102564102565,0.9564102564102565,6,17,1.6,0.12902949272949274,7,1.0187667560321716,1.0,13,21,0.0,31.46396699980869,1.0,1.0,0.91005291005291,0.0,0.0,0.0,17.0
1800,1800,uplink,0.5,S1,default,class_size_desc,3,0,1.0,390,L6,0.9743589743589743,0.9743589743589743,0,0,1.0,0.12327330943909891,7,1.024561403508772,1.0,17,28,0.0,59.147124999981315,1.0,1.0,0.9470899470899471,0.0,4.0,6.0,0.0
1800,1800,uplink,0.5,S2,default,class_size_desc,3,0,1.0,390,L6,0.9897435897435898,0.9897435897435898,0,0,1.0,0.12501262567841515,7,1.0276338514680483,1.0,20,32,0.0,69.02945800015914,1.0,1.0,0.9788359788359788,0.0,4.0,0.0,0.0
1800,1800,uplink,0.75,S0,default,class_size_desc,3,0,1.0,550,L6,0.8909090909090909,0.8909090909090909,12,60,2.4,0.1817794947742316,16,1.017687074829932,0.9285714285714286,13,28,0.0,31.56039899999996,0.8566109728348817,0.8944978641795724,0.895892518323089,0.0,0.0,0.0,60.0
1800,1800,uplink,0.75,S0-QoS,default,class_size_desc,3,0,1.0,550,L6,0.8909090909090909,0.8909090909090909,12,60,2.4,0.1817794947742316,16,1.017687074829932,0.9285714285714286,13,28,0.0,31.76161500005037,1.0,0.9771689497716894,0.7955390334572491,0.0,0.0,0.0,60.0
1800,1800,uplink,0.75,S1,default,class_size_desc,3,0,1.0,550,L6,0.9581818181818181,0.9581818181818181,0,0,1.0,0.16508879833616677,16,1.0328905755850728,1.0,21,52,0.0,58.97408999999243,1.0,0.9771689497716894,0.9330855018587361,0.0,7.0,16.0,0.0
1800,1800,uplink,0.75,S2,default,class_size_desc,3,0,1.0,550,L6,0.9872727272727273,0.9872727272727273,0,0,1.0,0.16990248202090308,16,1.0380601596071208,1.0,25,61,0.0,53.01729899997554,1.0,1.0,0.9739776951672863,0.0,7.0,0.0,0.0
1800,1800,uplink,1.0,S0,default,class_size_desc,3,0,1.0,675,L6,0.8177777777777778,0.8177777777777778,17,123,2.9,0.22331336032388663,21,1.017512077294686,0.8529411764705882,13,34,0.0,30.73329700009708,0.7513776086254044,0.8310095595483603,0.8222575096243525,0.0,0.0,0.0,123.0
1800,1800,uplink,1.0,S0-QoS,default,class_size_desc,3,0,1.0,675,L6,0.8177777777777778,0.8177777777777778,17,123,2.9,0.22331336032388663,21,1.017512077294686,0.8529411764705882,13,34,0.0,33.225621999918076,1.0,0.9407407407407408,0.6747720364741642,0.0,0.0,0.0,123.0
1800,1800,uplink,1.0,S1,default,class_size_desc,3,0,1.0,675,L6,0.9303703703703704,0.9303703703703704,0,0,1.0,0.19543934837092733,22,1.0504246284501062,0.9620253164556962,25,76,0.0,79.1761770001358,1.0,0.9629629629629629,0.8875379939209727,0.0,12.0,35.0,0.0
1800,1800,uplink,1.0,S2,default,class_size_desc,3,0,1.0,675,L6,0.9822222222222222,0.9822222222222222,0,0,1.0,0.21139417862838916,22,1.0739064856711915,1.0,30,89,0.0,54.0027370000189,1.0,1.0,0.9635258358662614,0.0,12.0,0.0,0.0
1800,1800,uplink,1.0,S2,lambda=0.5xmean,class_size_desc,3,1,1.0,675,L6,0.9822222222222222,0.9822222222222222,0,0,1.0,0.24431032856032855,8,1.231774761186526,1.0,52,161,0.0,58.683785999846805,1.0,1.0,0.9635258358662614,0.0,12.0,0.0,0.0
1800,1800,uplink,1.0,S2,lambda=1xmean,class_size_desc,3,2,1.0,675,L6,0.9822222222222222,0.9822222222222222,0,0,1.0,0.26487212991686676,5,1.298139768728004,1.0,58,188,0.0,60.34425999996529,1.0,1.0,0.9635258358662614,0.0,12.0,0.0,0.0
1800,1800,uplink,1.0,S2,lambda=2xmean,class_size_desc,3,4,1.0,675,L6,0.9822222222222222,0.9822222222222222,0,0,1.0,0.28039238510027986,7,1.3448969331322274,1.0,55,191,0.0,66.17616700009421,1.0,1.0,0.9635258358662614,0.0,12.0,0.0,0.0
1800,1800,uplink,1.0,S2,max_paths=1,class_size_desc,1,0,1.0,675,L6,0.9407407407407408,0.9407407407407408,0,0,1.0,0.19867598162071845,22,1.0551181102362204,0.963855421686747,26,80,0.0,70.23468800002775,1.0,0.9777777777777777,0.8966565349544073,0.0,12.0,28.0,0.0
1800,1800,uplink,1.0,S2,max_paths=2,class_size_desc,2,0,1.0,675,L6,0.9822222222222222,0.9822222222222222,0,0,1.0,0.21139417862838916,22,1.0739064856711915,1.0,30,89,0.0,57.319728000038594,1.0,1.0,0.9635258358662614,0.0,12.0,0.0,0.0
1800,1800,uplink,1.0,S2,max_paths=4,class_size_desc,4,0,1.0,675,L6,0.9822222222222222,0.9822222222222222,0,0,1.0,0.21139417862838916,22,1.0739064856711915,1.0,30,89,0.0,55.93538199991599,1.0,1.0,0.9635258358662614,0.0,12.0,0.0,0.0
1800,1800,uplink,1.0,S2,order=arrival,arrival,3,0,1.0,675,L6,0.9822222222222222,0.9822222222222222,0,0,1.0,0.21141620338725603,24,1.0739064856711915,1.0,30,89,0.0,54.83836500002326,1.0,1.0,0.9635258358662614,0.0,12.0,0.0,0.0
1800,1800,uplink,1.0,S2,order=class_size_asc,class_size_asc,3,0,1.0,675,L6,0.9822222222222222,0.9822222222222222,0,0,1.0,0.21137557150451888,23,1.0739064856711915,1.0,28,89,0.0,61.42857300005744,1.0,1.0,0.9635258358662614,0.0,12.0,0.0,0.0
1800,1800,uplink,1.0,S2,util_cap=0.9,class_size_desc,3,0,0.9,675,L6,0.9807407407407407,0.9807407407407407,0,0,0.9,0.21602453219295326,0,1.1012084592145015,1.0,31,94,0.0,54.88174600009188,1.0,1.0,0.9604863221884499,0.0,13.0,0.0,0.0
1800,1800,uplink,1.25,S0,default,class_size_desc,3,0,1.0,857,L6,0.7017868991237102,0.7017868991237102,29,266,3.7,0.28324607819081504,34,1.0182897010400027,0.8048780487804879,13,42,0.0,41.66476800014607,0.61693718011457,0.7180219144696798,0.7079759152968744,0.0,0.0,0.0,255.5686274509804
1800,1800,uplink,1.25,S0-QoS,default,class_size_desc,3,0,1.0,857,L6,0.7012632540205976,0.7012632540205976,29,266,3.7,0.28324607819081504,34,1.0183033582683432,0.8048780487804879,13,42,0.0,31.377144000089174,1.0,0.8947368421052632,0.47489882743592404,0.0,0.0,0.0,256.0173913043478
1800,1800,uplink,1.25,S1,default,class_size_desc,3,0,1.0,857,L6,0.9183197199533255,0.9183197199533255,0,0,1.0,0.26280714285714285,39,1.121982210927573,1.027027027027027,30,124,0.0,84.0688630000841,1.0,0.9532163742690059,0.8711217183770883,0.0,19.0,51.0,0.0
1800,1800,uplink,1.25,S2,default,class_size_desc,3,0,1.0,857,L6,0.9731621936989499,0.9731621936989499,0,0,1.0,0.287450451887294,44,1.1574740207833734,1.0,42,144,0.0,63.571763000027204,1.0,0.9970760233918129,0.9474940334128878,0.0,23.0,0.0,0.0
1800,1800,uplink,1.5,S0,default,class_size_desc,3,0,1.0,1065,L6,0.5763502827074418,0.5763502827074418,37,542,4.5,0.35234285305337937,39,1.0195499264455508,0.782608695652174,13,55,0.0,31.685172999914357,0.49637482880476586,0.5951689166170219,0.5789833128489591,0.0,0.0,0.0,451.18694891657447
1800,1800,uplink,1.5,S0-QoS,default,class_size_desc,3,0,1.0,1065,L6,0.5724629830263633,0.5724629830263633,37,542,4.5,0.35234285305337937,39,1.0196826798725673,0.782608695652174,13,55,0.0,33.003104000044914,1.0,0.8228438228438228,0.2677086427086427,0.0,0.0,0.0,455.3269230769231
1800,1800,uplink,1.5,S1,default,class_size_desc,3,0,1.0,1065,L6,0.8356807511737089,0.8356807511737089,0,0,1.0,0.31515800106326425,49,1.1805243445692883,0.9153846153846154,39,163,0.0,133.8745689999996,1.0,0.8811188811188811,0.7606177606177607,0.0,45.0,130.0,0.0
1800,1800,uplink,1.5,S2,default,class_size_desc,3,0,1.0,1065,L6,0.9014084507042254,0.9014084507042254,0,0,1.0,0.36202922837396523,59,1.2427083333333333,1.0,53,215,0.0,85.93170600011035,1.0,0.9883449883449883,0.806949806949807,0.0,105.0,0.0,0.0
1800,1800,uplink,2.0,S0,default,class_size_desc,3,0,1.0,1350,L6,0.4573015898834471,0.4573015898834471,41,992,5.8,0.44662672064777326,42,1.0215974390388491,0.8,13,68,0.0,34.79566600003636,0.3885474616773614,0.4726892583262887,0.4605558247287215,0.0,0.0,0.0,732.6428536573464
1800,1800,uplink,2.0,S0-QoS,default,class_size_desc,3,0,1.0,1350,L6,0.45111401978829546,0.45111401978829546,41,992,5.8,0.44662672064777326,42,1.0218936738310893,0.8,13,68,0.0,33.09571800014055,1.0,0.7074074074074074,0.11398773056869131,0.0,0.0,0.0,740.9960732858011
1800,1800,uplink,2.0,S1,default,class_size_desc,3,0,1.0,1350,L6,0.7459259259259259,0.7459259259259259,0,0,1.0,0.3766666590719222,67,1.253227408142999,0.9923076923076923,50,209,0.0,150.82601999984036,1.0,0.8944444444444445,0.5653495440729484,0.0,204.0,139.0,0.0
1800,1800,uplink,2.0,S2,default,class_size_desc,3,0,1.0,1350,L6,0.78,0.78,0,0,1.0,0.4049421736158578,73,1.2883823994935106,0.9709302325581395,48,211,0.0,152.2300730000552,1.0,0.9814814814814815,0.5638297872340425,0.0,292.0,5.0,0.0
1800,1800,multi,0.5,S0,default,class_size_desc,3,0,1.0,390,L66;L89;L93,0.9564102564102565,0.9564102564102565,6,17,1.6,0.13124898101140792,8,1.0089365504915102,1.0,5,10,0.0,31.163152999852173,0.9366635348778206,0.9618154382305326,0.9562512002988194,0.0,0.0,0.0,17.0
1800,1800,multi,0.5,S0-QoS,default,class_size_desc,3,0,1.0,390,L66;L89;L93,0.9564102564102565,0.9564102564102565,6,17,1.6,0.13124898101140792,8,1.0089365504915102,1.0,5,10,0.0,30.254799999966053,1.0,1.0,0.91005291005291,0.0,0.0,0.0,17.0
1800,1800,multi,0.5,S1,default,class_size_desc,3,0,1.0,390,L66;L89;L93,0.9743589743589743,0.9743589743589743,0,0,1.0,0.1251045065774598,8,1.0087719298245614,1.0,5,10,0.0,70.72059000006448,1.0,1.0,0.9470899470899471,0.0,4.0,6.0,0.0
1800,1800,multi,0.5,S2,default,class_size_desc,3,0,1.0,390,L66;L89;L93,0.9897435897435898,0.9897435897435898,0,0,1.0,0.12671506371579472,8,1.008635578583765,1.0,5,10,0.0,64.22892499995214,1.0,1.0,0.9788359788359788,0.0,4.0,0.0,0.0
1800,1800,multi,0.75,S0,default,class_size_desc,3,0,1.0,550,L66;L89;L93,0.889090909090909,0.889090909090909,12,61,2.4,0.18484860447652846,16,1.0068166325835037,0.7692307692307693,5,13,0.0,30.045837999978176,0.8566109728348817,0.8969565926656983,0.8901733304477674,0.0,0.0,0.0,61.0
1800,1800,multi,0.75,S0-QoS,default,class_size_desc,3,0,1.0,550,L66;L89;L93,0.889090909090909,0.889090909090909,12,61,2.4,0.18484860447652846,16,1.0068166325835037,0.7692307692307693,5,13,0.0,31.720409000172367,1.0,0.9771689497716894,0.79182156133829,0.0,0.0,0.0,61.0
1800,1800,multi,0.75,S1,default,class_size_desc,3,0,1.0,550,L66;L89;L93,0.9563636363636364,0.9563636363636364,0,0,1.0,0.16678817800674525,16,1.008871989860583,0.9230769230769231,5,12,0.0,61.06501199997183,1.0,0.9771689497716894,0.929368029739777,0.0,7.0,17.0,0.0
1800,1800,multi,0.75,S2,default,class_size_desc,3,0,1.0,550,L66;L89;L93,0.9872727272727273,0.9872727272727273,0,0,1.0,0.17182948587042154,16,1.0104358502148558,1.0,5,13,0.0,52.42053000006308,1.0,1.0,0.9739776951672863,0.0,7.0,0.0,0.0
1800,1800,multi,1.0,S0,default,class_size_desc,3,0,1.0,675,L66;L89;L93,0.8162962962962963,0.8162962962962963,17,124,2.9,0.22706462738041686,21,1.0060496067755595,0.625,5,16,0.0,30.22050599997783,0.7513776086254044,0.8381083249804591,0.8133922613974022,0.0,0.0,0.0,124.0
1800,1800,multi,1.0,S0-QoS,default,class_size_desc,3,0,1.0,675,L66;L89;L93,0.8162962962962963,0.8162962962962963,17,124,2.9,0.22706462738041686,21,1.0060496067755595,0.625,5,16,0.0,30.61161899995568,1.0,0.9407407407407408,0.6717325227963525,0.0,0.0,0.0,124.0
1800,1800,multi,1.0,S1,default,class_size_desc,3,0,1.0,675,L66;L89;L93,0.922962962962963,0.922962962962963,0,0,1.0,0.19462145213461002,21,1.0128410914927768,0.6190476190476191,6,13,0.0,65.9632279998732,1.0,0.9629629629629629,0.8723404255319149,0.0,18.0,34.0,0.0
1800,1800,multi,1.0,S2,default,class_size_desc,3,0,1.0,675,L66;L89;L93,0.9733333333333334,0.9733333333333334,0,0,1.0,0.206284386179123,22,1.0233384069000508,0.75,7,16,0.0,54.20011700016403,1.0,1.0,0.9452887537993921,0.0,18.0,0.0,0.0
1800,1800,multi,1.0,S2,lambda=0.5xmean,class_size_desc,3,1,1.0,675,L66;L89;L93,0.9733333333333334,0.9733333333333334,0,0,1.0,0.23409705888653257,6,1.187214611872146,0.8333333333333334,15,49,0.0,58.50246599993625,1.0,1.0,0.9452887537993921,0.0,18.0,0.0,0.0
1800,1800,multi,1.0,S2,lambda=1xmean,class_size_desc,3,2,1.0,675,L66;L89;L93,0.9733333333333334,0.9733333333333334,0,0,1.0,0.25474733277876555,4,1.26078132927448,1.0,13,40,0.0,58.251515000165455,1.0,1.0,0.9452887537993921,0.0,18.0,0.0,0.0
1800,1800,multi,1.0,S2,lambda=2xmean,class_size_desc,3,4,1.0,675,L66;L89;L93,0.9733333333333334,0.9733333333333334,0,0,1.0,0.2587735194467651,4,1.273972602739726,1.0,14,44,0.0,60.54826299987326,1.0,1.0,0.9452887537993921,0.0,18.0,0.0,0.0
1800,1800,multi,1.0,S2,max_paths=1,class_size_desc,1,0,1.0,675,L66;L89;L93,0.9348148148148148,0.9348148148148148,0,0,1.0,0.19658435618961934,21,1.012678288431062,0.65,6,13,0.0,72.43195900014143,1.0,0.9777777777777777,0.8844984802431611,0.0,18.0,26.0,0.0
1800,1800,multi,1.0,S2,max_paths=2,class_size_desc,2,0,1.0,675,L66;L89;L93,0.9733333333333334,0.9733333333333334,0,0,1.0,0.206284386179123,22,1.0233384069000508,0.75,7,16,0.0,54.68041800008905,1.0,1.0,0.9452887537993921,0.0,18.0,0.0,0.0
1800,1800,multi,1.0,S2,max_paths=4,class_size_desc,4,0,1.0,675,L66;L89;L93,0.9733333333333334,0.9733333333333334,0,0,1.0,0.206284386179123,22,1.0233384069000508,0.75,7,16,0.0,55.61359800003629,1.0,1.0,0.9452887537993921,0.0,18.0,0.0,0.0
1800,1800,multi,1.0,S2,order=arrival,arrival,3,0,1.0,675,L66;L89;L93,0.9733333333333334,0.9733333333333334,0,0,1.0,0.206284386179123,22,1.0233384069000508,0.76,7,16,0.0,55.12810699997317,1.0,1.0,0.9452887537993921,0.0,18.0,0.0,0.0
1800,1800,multi,1.0,S2,order=class_size_asc,class_size_asc,3,0,1.0,675,L66;L89;L93,0.9733333333333334,0.9733333333333334,0,0,1.0,0.206284386179123,22,1.0233384069000508,0.76,7,16,0.0,54.59202199995161,1.0,1.0,0.9452887537993921,0.0,18.0,0.0,0.0
1800,1800,multi,1.0,S2,util_cap=0.9,class_size_desc,3,0,0.9,675,L66;L89;L93,0.9688888888888889,0.9688888888888889,0,0,0.9,0.2071366846008659,0,1.0392456676860347,0.6666666666666666,7,16,0.0,55.24628900002426,1.0,1.0,0.9361702127659575,0.0,21.0,0.0,0.0
1800,1800,multi,1.25,S0,default,class_size_desc,3,0,1.0,857,L66;L89;L93,0.7036172695449242,0.7036172695449242,28,254,3.7,0.28815148239782745,33,1.0055279159756771,0.5368421052631579,5,20,0.0,30.481415000167544,0.6205115265197988,0.730902700312282,0.700387040447014,0.0,0.0,0.0,254.0
1800,1800,multi,1.25,S0-QoS,default,class_size_desc,3,0,1.0,857,L66;L89;L93,0.7036172695449242,0.7036172695449242,28,254,3.7,0.28815148239782745,33,1.0055279159756771,0.5615234375,5,20,0.0,37.7935480000815,1.0,0.8947368421052632,0.4797136038186158,0.0,0.0,0.0,254.0
1800,1800,multi,1.25,S1,default,class_size_desc,3,0,1.0,857,L66;L89;L93,0.8961493582263711,0.8961493582263711,0,0,1.0,0.24276014823383243,35,1.0416666666666667,0.4666666666666667,7,14,0.0,76.25984799983598,1.0,0.9532163742690059,0.8257756563245824,0.0,31.0,58.0,0.0
1800,1800,multi,1.25,S2,default,class_size_desc,3,0,1.0,857,L66;L89;L93,0.9626604434072346,0.9626604434072346,0,0,1.0,0.2675702150080805,41,1.069090909090909,0.696969696969697,13,29,0.0,93.02049100006116,1.0,0.9970760233918129,0.9260143198090692,0.0,32.0,0.0,0.0
1800,1800,multi,1.5,S0,default,class_size_desc,3,0,1.0,1065,L66;L89;L93,0.5811298147517298,0.5811298147517298,37,516,4.5,0.35831360839182474,39,1.0053858714083896,0.520242914979757,5,26,0.0,33.326690999956554,0.5006059073615056,0.607269832865671,0.5778243191941344,0.0,0.0,0.0,446.09674728940786
1800,1800,multi,1.5,S0-QoS,default,class_size_desc,3,0,1.0,1065,L66;L89;L93,0.5814670391494975,0.5814670391494975,37,516,4.5,0.35831360839182474,39,1.005382747848291,0.6372549019607843,5,26,0.0,31.857566000098814,1.0,0.8275058275058275,0.282359839178021,0.0,0.0,0.0,445.7376033057851
1800,1800,multi,1.5,S1,default,class_size_desc,3,0,1.0,1065,L66;L89;L93,0.8375586854460094,0.8375586854460094,0,0,1.0,0.29191100614784826,50,1.0878176382660687,0.6764705882352942,12,38,0.0,111.68412300003183,1.0,0.8857808857808858,0.7606177606177607,0.0,59.0,114.0,0.0
1800,1800,multi,1.5,S2,default,class_size_desc,3,0,1.0,1065,L66;L89;L93,0.9211267605633803,0.9211267605633803,0,0,1.0,0.33346576704105946,55,1.1352361535847775,0.6857142857142857,20,67,0.0,79.94401700011622,1.0,0.9883449883449883,0.8474903474903475,0.0,84.0,0.0,0.0
1800,1800,multi,2.0,S0,default,class_size_desc,3,0,1.0,1350,L66;L89;L93,0.46078293356435107,0.46078293356435107,41,960,5.8,0.4541292547608337,42,1.0053585660896105,0.5328947368421052,5,32,0.0,30.87637499993434,0.391929839488963,0.48299092460792437,0.45846280459159944,0.0,0.0,0.0,727.9430396881261
1800,1800,multi,2.0,S0-QoS,default,class_size_desc,3,0,1.0,1350,L66;L89;L93,0.46037882905310473,0.46037882905310473,41,960,5.8,0.4541292547608337,42,1.0053632696524026,0.8783783783783784,5,32,0.0,29.78685200014297,1.0,0.7185185185185186,0.12387753681108114,0.0,0.0,0.0,728.4885807783086
1800,1800,multi,2.0,S1,default,class_size_desc,3,0,1.0,1350,L66;L89;L93,0.7822222222222223,0.7822222222222223,0,0,1.0,0.3674779815159932,67,1.172979797979798,0.7058823529411765,16,60,0.0,129.54402800005482,1.0,0.9,0.6352583586626139,0.0,168.0,126.0,0.0
1800,1800,multi,2.0,S2,default,class_size_desc,3,0,1.0,1350,L66;L89;L93,0.837037037037037,0.837037037037037,0,0,1.0,0.4052390294349359,74,1.216519174041298,0.68,18,80,0.0,94.47177299989562,1.0,0.9703703703703703,0.6899696048632219,0.0,220.0,0.0,0.0
1800,1800,recovered,0.5,S0,default,class_size_desc,3,0,1.0,390,,0.9564102564102565,0.9564102564102565,6,17,1.6,0.12564149314149314,7,1.0,nan,0,0,0.0,30.745280000019193,0.9366635348778206,0.9618154382305326,0.9562512002988194,0.0,0.0,0.0,17.0
1800,1800,recovered,0.5,S0-QoS,default,class_size_desc,3,0,1.0,390,,0.9564102564102565,0.9564102564102565,6,17,1.6,0.12564149314149314,7,1.0,nan,0,0,0.0,33.64022899995689,1.0,1.0,0.91005291005291,0.0,0.0,0.0,17.0
1800,1800,recovered,0.5,S1,default,class_size_desc,3,0,1.0,390,,0.9743589743589743,0.9743589743589743,0,0,1.0,0.11966308558413821,7,1.0,nan,0,0,0.0,59.26570700012235,1.0,1.0,0.9470899470899471,0.0,4.0,6.0,0.0
1800,1800,recovered,0.5,S2,default,class_size_desc,3,0,1.0,390,,0.9897435897435898,0.9897435897435898,0,0,1.0,0.12123011415116679,7,1.0,nan,0,0,0.0,51.02037400001791,1.0,1.0,0.9788359788359788,0.0,4.0,0.0,0.0
1800,1800,recovered,0.75,S0,default,class_size_desc,3,0,1.0,550,,0.8945454545454545,0.8945454545454545,11,58,2.4,0.17717441270072848,15,1.0,nan,0,0,0.0,34.08396200006791,0.8566109728348817,0.8990640742252346,0.8996099904420481,0.0,0.0,0.0,58.0
1800,1800,recovered,0.75,S0-QoS,default,class_size_desc,3,0,1.0,550,,0.8945454545454545,0.8945454545454545,11,58,2.4,0.17717441270072848,15,1.0,nan,0,0,0.0,29.244654999956765,1.0,0.9771689497716894,0.8029739776951673,0.0,0.0,0.0,58.0
1800,1800,recovered,0.75,S1,default,class_size_desc,3,0,1.0,550,,0.9581818181818181,0.9581818181818181,0,0,1.0,0.16000622426938216,15,1.0,nan,0,0,0.0,57.95706300000347,1.0,0.9771689497716894,0.9330855018587361,0.0,7.0,16.0,0.0
1800,1800,recovered,0.75,S2,default,class_size_desc,3,0,1.0,550,,0.9872727272727273,0.9872727272727273,0,0,1.0,0.16442415058204532,15,1.0006138735420504,nan,0,0,0.0,53.65413399999852,1.0,1.0,0.9739776951672863,0.0,7.0,0.0,0.0
1800,1800,recovered,1.0,S0,default,class_size_desc,3,0,1.0,675,,0.8251851851851851,0.8251851851851851,16,118,2.9,0.217631396578765,20,1.0,nan,0,0,0.0,29.910915000073146,0.7513776086254044,0.8408861027582368,0.8293497082059128,0.0,0.0,0.0,118.0
1800,1800,recovered,1.0,S0-QoS,default,class_size_desc,3,0,1.0,675,,0.8251851851851851,0.8251851851851851,16,118,2.9,0.217631396578765,20,1.0,nan,0,0,0.0,29.530061000059504,1.0,0.9407407407407408,0.6899696048632219,0.0,0.0,0.0,118.0
1800,1800,recovered,1.0,S1,default,class_size_desc,3,0,1.0,675,,0.9348148148148148,0.9348148148148148,0,0,1.0,0.18976033060243586,20,1.0095087163232963,nan,1,1,0.0,68.83627599995634,1.0,0.9629629629629629,0.8966565349544073,0.0,12.0,32.0,0.0
1800,1800,recovered,1.0,S2,default,class_size_desc,3,0,1.0,675,,0.9822222222222222,0.9822222222222222,0,0,1.0,0.20012664023190338,21,1.0180995475113122,nan,4,8,0.0,54.54057600013584,1.0,1.0,0.9635258358662614,0.0,12.0,0.0,0.0
1800,1800,recovered,1.0,S2,lambda=0.5xmean,class_size_desc,3,1,1.0,675,,0.9822222222222222,0.9822222222222222,0,0,1.0,0.2304147918884761,5,1.1875314228255405,nan,21,67,0.0,60.024770999916655,1.0,1.0,0.9635258358662614,0.0,12.0,0.0,0.0
1800,1800,recovered,1.0,S2,lambda=1xmean,class_size_desc,3,2,1.0,675,,0.9822222222222222,0.9822222222222222,0,0,1.0,0.24790515327357432,3,1.2508798391151332,nan,19,61,0.0,57.094925999990664,1.0,1.0,0.9635258358662614,0.0,12.0,0.0,0.0
1800,1800,recovered,1.0,S2,lambda=2xmean,class_size_desc,3,4,1.0,675,,0.9822222222222222,0.9822222222222222,0,0,1.0,0.25091635475846,3,1.2599296128707893,nan,19,62,0.0,57.033772000067984,1.0,1.0,0.9635258358662614,0.0,12.0,0.0,0.0
1800,1800,recovered,1.0,S2,max_paths=1,class_size_desc,1,0,1.0,675,,0.9451851851851852,0.9451851851851852,0,0,1.0,0.191190203216519,20,1.0083594566353187,nan,2,2,0.0,66.5826490001109,1.0,0.9777777777777777,0.9057750759878419,0.0,12.0,25.0,0.0
1800,1800,recovered,1.0,S2,max_paths=2,class_size_desc,2,0,1.0,675,,0.9822222222222222,0.9822222222222222,0,0,1.0,0.20012664023190338,21,1.0180995475113122,nan,4,8,0.0,55.23180299996966,1.0,1.0,0.9635258358662614,0.0,12.0,0.0,0.0
1800,1800,recovered,1.0,S2,max_paths=4,class_size_desc,4,0,1.0,675,,0.9822222222222222,0.9822222222222222,0,0,1.0,0.20012664023190338,21,1.0180995475113122,nan,4,8,0.0,55.84971100006442,1.0,1.0,0.9635258358662614,0.0,12.0,0.0,0.0
1800,1800,recovered,1.0,S2,order=arrival,arrival,3,0,1.0,675,,0.9822222222222222,0.9822222222222222,0,0,1.0,0.20012664023190338,21,1.0180995475113122,nan,3,8,0.0,55.39199200006806,1.0,1.0,0.9635258358662614,0.0,12.0,0.0,0.0
1800,1800,recovered,1.0,S2,order=class_size_asc,class_size_asc,3,0,1.0,675,,0.9822222222222222,0.9822222222222222,0,0,1.0,0.20012664023190338,21,1.0180995475113122,nan,2,8,0.0,54.87389100017026,1.0,1.0,0.9635258358662614,0.0,12.0,0.0,0.0
1800,1800,recovered,1.0,S2,util_cap=0.9,class_size_desc,3,0,0.9,675,,0.9807407407407407,0.9807407407407407,0,0,0.9,0.20188819299345614,0,1.0352467270896273,nan,4,12,0.0,53.11396000001878,1.0,1.0,0.9604863221884499,0.0,13.0,0.0,0.0
1800,1800,recovered,1.25,S0,default,class_size_desc,3,0,1.0,857,,0.7111217882719015,0.7111217882719015,28,258,3.7,0.2762431682694841,33,1.0,nan,0,0,0.0,30.02432800008137,0.61693718011457,0.7310173660616226,0.71646172807863,0.0,0.0,0.0,247.5686274509804
1800,1800,recovered,1.25,S0-QoS,default,class_size_desc,3,0,1.0,857,,0.710598143168789,0.710598143168789,28,258,3.7,0.2762431682694841,33,1.0,nan,0,0,0.0,29.643564000025435,1.0,0.8947368421052632,0.49399190619487393,0.0,0.0,0.0,248.01739130434783
1800,1800,recovered,1.25,S1,default,class_size_desc,3,0,1.0,857,,0.9148191365227538,0.9148191365227538,0,0,1.0,0.23952450136660663,37,1.0416666666666667,nan,4,16,0.0,91.85431499986407,1.0,0.9532163742690059,0.863961813842482,0.0,19.0,54.0,0.0
1800,1800,recovered,1.25,S2,default,class_size_desc,3,0,1.0,857,,0.9743290548424738,0.9743290548424738,0,0,1.0,0.2615325371641161,42,1.0678642714570858,nan,5,20,0.0,58.396596999955364,1.0,0.9970760233918129,0.9498806682577565,0.0,22.0,0.0,0.0
1800,1800,recovered,1.5,S0,default,class_size_desc,3,0,1.0,1065,,0.5857399540689442,0.5857399540689442,37,532,4.5,0.34327288972025816,39,1.0,nan,0,0,0.0,30.69450400016649,0.49637482880476586,0.6068239282720336,0.5886358225014687,0.0,0.0,0.0,441.18694891657447
1800,1800,recovered,1.5,S0-QoS,default,class_size_desc,3,0,1.0,1065,,0.5818526543878657,0.5818526543878657,37,532,4.5,0.34327288972025816,39,1.0,nan,0,0,0.0,29.509261999919545,1.0,0.8275058275058275,0.28315265815265817,0.0,0.0,0.0,445.3269230769231
1800,1800,recovered,1.5,S1,default,class_size_desc,3,0,1.0,1065,,0.8553990610328639,0.8553990610328639,0,0,1.0,0.29009073909073907,49,1.0914745700695208,nan,9,44,0.0,99.23647899995558,1.0,0.8857808857808858,0.7972972972972973,0.0,45.0,109.0,0.0
1800,1800,recovered,1.5,S2,default,class_size_desc,3,0,1.0,1065,,0.936150234741784,0.936150234741784,0,0,1.0,0.3296865098180888,53,1.1390839184219326,nan,11,58,0.0,80.41658399997687,1.0,0.9883449883449883,0.8783783783783784,0.0,68.0,0.0,0.0
1800,1800,recovered,2.0,S0,default,class_size_desc,3,0,1.0,1350,,0.4647089972908545,0.4647089972908545,41,982,5.8,0.43526279315753,42,1.0,nan,0,0,0.0,30.95599499988566,0.3885474616773614,0.4825658015361653,0.46764802331028177,0.0,0.0,0.0,722.6428536573464
1800,1800,recovered,2.0,S0-QoS,default,class_size_desc,3,0,1.0,1350,,0.4585214271957029,0.4585214271957029,41,982,5.8,0.43526279315753,42,1.0,nan,0,0,0.0,30.349517999866293,1.0,0.7185185185185186,0.12006675792431441,0.0,0.0,0.0,730.9960732858011
1800,1800,recovered,2.0,S1,default,class_size_desc,3,0,1.0,1350,,0.7955555555555556,0.7955555555555556,0,0,1.0,0.3611342887132361,66,1.1719428926132838,nan,9,54,0.0,117.41638400008014,1.0,0.9111111111111111,0.6534954407294833,0.0,150.0,126.0,0.0
1800,1800,recovered,2.0,S2,default,class_size_desc,3,0,1.0,1350,,0.8533333333333334,0.8533333333333334,0,0,1.0,0.40032374306058516,75,1.2141203703703705,nan,12,66,0.0,94.14953800001058,1.0,0.9814814814814815,0.7142857142857143,0.0,198.0,0.0,0.0
1900,1900,healthy,0.5,S0,default,class_size_desc,3,0,1.0,398,,0.964824120603015,0.964824120603015,6,14,1.5,0.12453402695789059,8,1.0,nan,0,0,0.0,46.89282300000741,0.9465290806754222,0.9667791978136806,0.9670251132515283,0.0,0.0,0.0,14.000000000000002
1900,1900,healthy,0.5,S0-QoS,default,class_size_desc,3,0,1.0,398,,0.964824120603015,0.964824120603015,6,14,1.5,0.12453402695789059,8,1.0,nan,0,0,0.0,46.43240899986267,1.0,1.0,0.9339622641509434,0.0,0.0,0.0,14.0
1900,1900,healthy,0.5,S1,default,class_size_desc,3,0,1.0,398,,0.9849246231155779,0.9849246231155779,0,0,1.0,0.12033348747212383,8,1.0,nan,0,0,0.0,94.08634999999776,1.0,1.0,0.9716981132075472,0.0,2.0,4.0,0.0
1900,1900,healthy,0.5,S2,default,class_size_desc,3,0,1.0,398,,0.9949748743718593,0.9949748743718593,0,0,1.0,0.12139850124622852,8,1.0,nan,0,0,0.0,84.16892100012774,1.0,1.0,0.9905660377358491,0.0,2.0,0.0,0.0
1900,1900,healthy,0.75,S0,default,class_size_desc,3,0,1.0,544,,0.9025735294117647,0.9025735294117647,9,53,1.9,0.1694927653154926,14,1.0,nan,0,0,0.0,48.751407999816365,0.8781626399769983,0.8991974208807997,0.9093748223592357,0.0,0.0,0.0,53.0
1900,1900,healthy,0.75,S0-QoS,default,class_size_desc,3,0,1.0,544,,0.9025735294117647,0.9025735294117647,9,53,1.9,0.1694927653154926,14,1.0,nan,0,0,0.0,48.67267099984929,1.0,1.0,0.8172413793103448,0.0,0.0,0.0,53.0
1900,1900,healthy,0.75,S1,default,class_size_desc,3,0,1.0,544,,0.96875,0.96875,0,0,1.0,0.15784541519086973,14,1.004427577482606,nan,0,0,0.0,97.69029899985071,1.0,1.0,0.9413793103448276,0.0,7.0,10.0,0.0
1900,1900,healthy,0.75,S2,default,class_size_desc,3,0,1.0,544,,0.9871323529411765,0.9871323529411765,0,0,1.0,0.16062100714941624,14,1.004965859714463,nan,0,0,0.0,65.15642499994101,1.0,1.0,0.9758620689655172,0.0,7.0,0.0,0.0
1900,1900,healthy,1.0,S0,default,class_size_desc,3,0,1.0,671,,0.8330849478390462,0.8330849478390462,14,112,2.4,0.20978229863570771,17,1.0,nan,0,0,0.0,35.08442699990155,0.809010144084771,0.830787222326968,0.839122883607056,0.0,0.0,0.0,112.0
1900,1900,healthy,1.0,S0-QoS,default,class_size_desc,3,0,1.0,671,,0.8330849478390462,0.8330849478390462,14,112,2.4,0.20978229863570771,17,1.0,nan,0,0,0.0,36.63376299982701,1.0,0.9713114754098361,0.7083333333333334,0.0,0.0,0.0,112.0
1900,1900,healthy,1.0,S1,default,class_size_desc,3,0,1.0,671,,0.9463487332339792,0.9463487332339792,0,0,1.0,0.18958327266168176,18,1.0131233595800524,nan,0,0,0.0,67.13899300007142,1.0,0.9877049180327869,0.9083333333333333,0.0,14.0,22.0,0.0
1900,1900,healthy,1.0,S2,default,class_size_desc,3,0,1.0,671,,0.9791356184798807,0.9791356184798807,0,0,1.0,0.19800076905417816,18,1.0202942668696093,nan,0,0,0.0,58.01861800000552,1.0,1.0,0.9611111111111111,0.0,14.0,0.0,0.0
1900,1900,healthy,1.0,S2,lambda=0.5xmean,class_size_desc,3,1,1.0,671,,0.9791356184798807,0.9791356184798807,0,0,1.0,0.23254871933621934,8,1.2054794520547945,nan,0,0,0.0,56.00817799995639,1.0,1.0,0.9611111111111111,0.0,14.0,0.0,0.0
1900,1900,healthy,1.0,S2,lambda=1xmean,class_size_desc,3,2,1.0,671,,0.9791356184798807,0.9791356184798807,0,0,1.0,0.24526738324806507,6,1.2592592592592593,nan,0,0,0.0,57.112539000172546,1.0,1.0,0.9611111111111111,0.0,14.0,0.0,0.0
1900,1900,healthy,1.0,S2,lambda=2xmean,class_size_desc,3,4,1.0,671,,0.9791356184798807,0.9791356184798807,0,0,1.0,0.2613550455857274,5,1.313039066463724,nan,0,0,0.0,56.05647799984581,1.0,1.0,0.9611111111111111,0.0,14.0,0.0,0.0
1900,1900,healthy,1.0,S2,max_paths=1,class_size_desc,1,0,1.0,671,,0.9493293591654247,0.9493293591654247,0,0,1.0,0.19093285943854127,18,1.0151753008895865,nan,0,0,0.0,62.17758799994044,1.0,0.9877049180327869,0.9138888888888889,0.0,14.0,20.0,0.0
1900,1900,healthy,1.0,S2,max_paths=2,class_size_desc,2,0,1.0,671,,0.9791356184798807,0.9791356184798807,0,0,1.0,0.19800076905417816,18,1.0202942668696093,nan,0,0,0.0,58.14988399993126,1.0,1.0,0.9611111111111111,0.0,14.0,0.0,0.0
1900,1900,healthy,1.0,S2,max_paths=4,class_size_desc,4,0,1.0,671,,0.9791356184798807,0.9791356184798807,0,0,1.0,0.19800076905417816,18,1.0202942668696093,nan,0,0,0.0,59.580698000218035,1.0,1.0,0.9611111111111111,0.0,14.0,0.0,0.0
1900,1900,healthy,1.0,S2,order=arrival,arrival,3,0,1.0,671,,0.9791356184798807,0.9791356184798807,0,0,1.0,0.19800076905417816,18,1.0202942668696093,nan,0,0,0.0,74.61604499985697,1.0,1.0,0.9611111111111111,0.0,14.0,0.0,0.0
1900,1900,healthy,1.0,S2,order=class_size_asc,class_size_asc,3,0,1.0,671,,0.9791356184798807,0.9791356184798807,0,0,1.0,0.19800076905417816,18,1.0202942668696093,nan,0,0,0.0,88.9919659998668,1.0,1.0,0.9611111111111111,0.0,14.0,0.0,0.0
1900,1900,healthy,1.0,S2,util_cap=0.9,class_size_desc,3,0,0.9,671,,0.9761549925484352,0.9761549925484352,0,0,0.9,0.19923883641610915,0,1.03206106870229,nan,0,0,0.0,64.99081400011164,1.0,1.0,0.9555555555555556,0.0,16.0,0.0,0.0
1900,1900,healthy,1.25,S0,default,class_size_desc,3,0,1.0,855,,0.7359943482868244,0.7359943482868244,27,235,2.9,0.2667853207398662,30,1.0,nan,0,0,0.0,32.791787999940425,0.720085263428078,0.7342855941245308,0.7400982584338108,0.0,0.0,0.0,225.72483221476512
1900,1900,healthy,1.25,S0-QoS,default,class_size_desc,3,0,1.0,855,,0.7358513931888545,0.7358513931888545,27,235,2.9,0.2667853207398662,30,1.0,nan,0,0,0.0,31.011038000087865,1.0,0.9196141479099679,0.5624247084454697,0.0,0.0,0.0,225.8470588235294
1900,1900,healthy,1.25,S1,default,class_size_desc,3,0,1.0,855,,0.9064327485380117,0.9064327485380117,0,0,1.0,0.23393507969303423,33,1.029247311827957,nan,0,0,0.0,83.01862300004359,1.0,0.9517684887459807,0.8583877995642701,0.0,23.0,57.0,0.0
1900,1900,healthy,1.25,S2,default,class_size_desc,3,0,1.0,855,,0.9672514619883041,0.9672514619883041,0,0,1.0,0.2565891348550439,39,1.0552196694881095,nan,0,0,0.0,61.87488000000485,1.0,0.9935691318327974,0.9433551198257081,0.0,28.0,0.0,0.0
1900,1900,healthy,1.5,S0,default,class_size_desc,3,0,1.0,1069,,0.6174956085348138,0.6174956085348138,34,496,3.9,0.3343163255935983,38,1.0,nan,0,0,0.0,31.567332000122406,0.5878082153428581,0.6248591634892239,0.6180931882331804,0.0,0.0,0.0,408.897194476284
1900,1900,healthy,1.5,S0-QoS,default,class_size_desc,3,0,1.0,1069,,0.6157080670997751,0.6157080670997751,34,496,3.9,0.3343163255935983,38,1.0,nan,0,0,0.0,32.0957719998205,1.0,0.8688946015424165,0.370964901625279,0.0,0.0,0.0,410.8080762703404
1900,1900,healthy,1.5,S1,default,class_size_desc,3,0,1.0,1069,,0.8606173994387278,0.8606173994387278,0,0,1.0,0.2895987144168962,47,1.0778985507246377,nan,0,0,0.0,95.49735600012355,1.0,0.9254498714652957,0.7902097902097902,0.0,39.0,110.0,0.0
1900,1900,healthy,1.5,S2,default,class_size_desc,3,0,1.0,1069,,0.9522918615528532,0.9522918615528532,0,0,1.0,0.34011221303948574,53,1.154551407989522,nan,0,0,0.0,66.004545999931,1.0,0.9897172236503856,0.9178321678321678,0.0,51.0,0.0,0.0
1900,1900,healthy,2.0,S0,default,class_size_desc,3,0,1.0,1342,,0.48929644628648583,0.48929644628648583,41,970,4.8,0.41956459727141543,44,1.0,nan,0,0,0.0,30.93439400004172,0.47002805006643067,0.4931064527997876,0.49030017116842484,0.0,0.0,0.0,685.364169083536
1900,1900,healthy,2.0,S0-QoS,default,class_size_desc,3,0,1.0,1342,,0.48690540746878325,0.48690540746878325,41,970,4.8,0.41956459727141543,44,1.0,nan,0,0,0.0,30.39880999995148,1.0,0.7909836065573771,0.18531535669875987,0.0,0.0,0.0,688.5729431768929
1900,1900,healthy,2.0,S1,default,class_size_desc,3,0,1.0,1342,,0.8047690014903129,0.8047690014903129,0,0,1.0,0.3707817788272334,68,1.195679012345679,nan,0,0,0.0,111.22941999997238,1.0,0.9139344262295082,0.6944444444444444,0.0,92.0,170.0,0.0
1900,1900,healthy,2.0,S2,default,class_size_desc,3,0,1.0,1342,,0.8584202682563339,0.8584202682563339,0,0,1.0,0.418761852289125,79,1.2575231481481481,nan,0,0,0.0,96.31599199997254,1.0,0.9754098360655737,0.7527777777777778,0.0,190.0,0.0,0.0
1900,1900,uplink,0.5,S0,default,class_size_desc,3,0,1.0,398,L6,0.9422110552763819,0.9422110552763819,7,23,1.9,0.13563442253465188,8,1.0693333333333332,0.896551724137931,47,89,0.0,33.655306999889945,0.9118692603930088,0.9406448965432631,0.9491502373826107,0.0,0.0,0.0,23.0
1900,1900,uplink,0.5,S0-QoS,default,class_size_desc,3,0,1.0,398,L6,0.9422110552763819,0.9422110552763819,7,23,1.9,0.13563442253465188,8,1.0693333333333332,0.896551724137931,47,89,0.0,51.80246000008992,1.0,0.993103448275862,0.8962264150943396,0.0,0.0,0.0,23.0
1900,1900,uplink,0.5,S1,default,class_size_desc,3,0,1.0,398,L6,0.9824120603015075,0.9824120603015075,0,0,1.0,0.12937532930881554,8,1.0733162830349532,0.9885057471264368,47,86,0.0,54.98367700010931,1.0,0.993103448275862,0.9716981132075472,0.0,2.0,5.0,0.0
1900,1900,uplink,0.5,S2,default,class_size_desc,3,0,1.0,398,L6,0.9949748743718593,0.9949748743718593,0,0,1.0,0.13080666097409216,8,1.0757575757575757,1.0,48,90,0.0,52.04007600013938,1.0,1.0,0.9905660377358491,0.0,2.0,0.0,0.0
1900,1900,uplink,0.75,S0,default,class_size_desc,3,0,1.0,544,L6,0.8823529411764706,0.8823529411764706,10,64,2.8,0.18524832863364973,17,1.0673611111111112,0.8981481481481481,47,123,0.0,31.930752999869583,0.8477779303470057,0.8738372089534235,0.8945741058343812,0.0,0.0,0.0,64.0
1900,1900,uplink,0.75,S0-QoS,default,class_size_desc,3,0,1.0,544,L6,0.8823529411764706,0.8823529411764706,10,64,2.8,0.18524832863364973,17,1.0673611111111112,0.8981481481481481,47,123,0.0,31.905335999908857,1.0,0.9651741293532339,0.803448275862069,0.0,0.0,0.0,64.0
1900,1900,uplink,0.75,S1,default,class_size_desc,3,0,1.0,544,L6,0.9650735294117647,0.9650735294117647,0,0,1.0,0.16782564835775846,17,1.0755555555555556,0.9824561403508771,47,119,0.0,60.69074000015462,1.0,0.9900497512437811,0.9413793103448276,0.0,7.0,12.0,0.0
1900,1900,uplink,0.75,S2,default,class_size_desc,3,0,1.0,544,L6,0.9871323529411765,0.9871323529411765,0,0,1.0,0.17110126659782623,17,1.0782122905027933,1.0,49,126,0.0,65.50969699992493,1.0,1.0,0.9758620689655172,0.0,7.0,0.0,0.0
1900,1900,uplink,1.0,S0,default,class_size_desc,3,0,1.0,671,L6,0.8077496274217586,0.8077496274217586,17,129,3.5,0.22905928386088936,20,1.0645756457564575,0.860655737704918,47,151,0.0,30.967697000050975,0.7723801074547343,0.8019635869459556,0.8182539377381102,0.0,0.0,0.0,129.0
1900,1900,uplink,1.0,S0-QoS,default,class_size_desc,3,0,1.0,671,L6,0.8077496274217586,0.8077496274217586,17,129,3.5,0.22905928386088936,20,1.0645756457564575,0.860655737704918,47,151,0.0,30.470525000055204,1.0,0.930327868852459,0.6888888888888889,0.0,0.0,0.0,129.0
1900,1900,uplink,1.0,S1,default,class_size_desc,3,0,1.0,671,L6,0.9433681073025335,0.9433681073025335,0,0,1.0,0.1999530941790116,22,1.0858346498156926,0.9857142857142858,48,148,0.0,63.09160199998587,1.0,0.9877049180327869,0.9027777777777778,0.0,14.0,24.0,0.0
1900,1900,uplink,1.0,S2,default,class_size_desc,3,0,1.0,671,L6,0.9791356184798807,0.9791356184798807,0,0,1.0,0.20900828236493374,22,1.091324200913242,1.0,49,150,0.0,58.8626320000003,1.0,1.0,0.9611111111111111,0.0,14.0,0.0,0.0
1900,1900,uplink,1.0,S2,lambda=0.5xmean,class_size_desc,3,1,1.0,671,L6,0.9791356184798807,0.9791356184798807,0,0,1.0,0.25059591326105085,9,1.262810755961441,1.0,76,222,0.0,59.95850699991934,1.0,1.0,0.9611111111111111,0.0,14.0,0.0,0.0
1900,1900,uplink,1.0,S2,lambda=1xmean,class_size_desc,3,2,1.0,671,L6,0.9791356184798807,0.9791356184798807,0,0,1.0,0.26979692898844276,9,1.3373921867072551,1.0,87,268,0.0,70.65079899984994,1.0,1.0,0.9611111111111111,0.0,14.0,0.0,0.0
1900,1900,uplink,1.0,S2,lambda=2xmean,class_size_desc,3,4,1.0,671,L6,0.9791356184798807,0.9791356184798807,0,0,1.0,0.29605076982141204,8,1.4160324708269914,1.0,87,277,0.0,72.26499700004752,1.0,1.0,0.9611111111111111,0.0,14.0,0.0,0.0
1900,1900,uplink,1.0,S2,max_paths=1,class_size_desc,1,0,1.0,671,L6,0.9478390461997019,0.9478390461997019,0,0,1.0,0.2015444202840992,22,1.0870020964360587,0.9927536231884058,48,147,0.0,67.98235400015074,1.0,0.9877049180327869,0.9111111111111111,0.0,14.0,21.0,0.0
1900,1900,uplink,1.0,S2,max_paths=2,class_size_desc,2,0,1.0,671,L6,0.9791356184798807,0.9791356184798807,0,0,1.0,0.20900828236493374,22,1.091324200913242,1.0,49,150,0.0,55.92580300003647,1.0,1.0,0.9611111111111111,0.0,14.0,0.0,0.0
1900,1900,uplink,1.0,S2,max_paths=4,class_size_desc,4,0,1.0,671,L6,0.9791356184798807,0.9791356184798807,0,0,1.0,0.20900828236493374,22,1.091324200913242,1.0,49,150,0.0,56.786977999990995,1.0,1.0,0.9611111111111111,0.0,14.0,0.0,0.0
1900,1900,uplink,1.0,S2,order=arrival,arrival,3,0,1.0,671,L6,0.9791356184798807,0.9791356184798807,0,0,1.0,0.20900828236493374,22,1.091324200913242,1.0,48,150,0.0,61.491241000112495,1.0,1.0,0.9611111111111111,0.0,14.0,0.0,0.0
1900,1900,uplink,1.0,S2,order=class_size_asc,class_size_asc,3,0,1.0,671,L6,0.9791356184798807,0.9791356184798807,0,0,1.0,0.20900828236493374,22,1.091324200913242,1.0,50,150,0.0,56.902264999962426,1.0,1.0,0.9611111111111111,0.0,14.0,0.0,0.0
1900,1900,uplink,1.0,S2,util_cap=0.9,class_size_desc,3,0,0.9,671,L6,0.9761549925484352,0.9761549925484352,0,0,0.9,0.2144298638415611,0,1.1145038167938932,1.0,51,152,0.0,60.161417000017536,1.0,1.0,0.9555555555555556,0.0,16.0,0.0,0.0
1900,1900,uplink,1.25,S0,default,class_size_desc,3,0,1.0,855,L6,0.7032458102751286,0.7032458102751286,30,263,4.5,0.2916198816474046,34,1.0637533950961788,0.8041958041958042,47,194,0.0,31.308767000155058,0.6722190581224263,0.697702150457675,0.7127476667810277,0.0,0.0,0.0,253.72483221476512
1900,1900,uplink,1.25,S0-QoS,default,class_size_desc,3,0,1.0,855,L6,0.7031028551771585,0.7031028551771585,30,263,4.5,0.2916198816474046,34,1.063766357456913,0.8041958041958042,47,194,0.0,30.35751200013692,1.0,0.8842443729903537,0.5253876714084327,0.0,0.0,0.0,253.8470588235294
1900,1900,uplink,1.25,S1,default,class_size_desc,3,0,1.0,855,L6,0.8947368421052632,0.8947368421052632,0,0,1.0,0.24919977792340178,37,1.1106753812636165,0.9585798816568047,48,169,0.0,90.76478099996166,1.0,0.9581993569131833,0.8322440087145969,0.0,23.0,67.0,0.0
1900,1900,uplink,1.25,S2,default,class_size_desc,3,0,1.0,855,L6,0.9672514619883041,0.9672514619883041,0,0,1.0,0.28389811780981505,43,1.1604191858121724,1.0,60,207,0.0,59.3536920000588,1.0,0.9935691318327974,0.9433551198257081,0.0,28.0,0.0,0.0
1900,1900,uplink,1.5,S0,default,class_size_desc,3,0,1.0,1069,L6,0.5849646538564405,0.5849646538564405,36,530,5.4,0.3646937063955413,39,1.0611543347237056,0.7673873541727017,47,240,0.0,34.94613800012303,0.5430161589767276,0.5907244364216683,0.5889679441171666,0.0,0.0,0.0,443.6727850274651
1900,1900,uplink,1.5,S0-QoS,default,class_size_desc,3,0,1.0,1069,L6,0.5827688121960675,0.5827688121960675,36,530,5.4,0.3646937063955413,39,1.0611469740270658,0.7644552983648333,47,240,0.0,33.918301000085194,1.0,0.8380462724935732,0.3303843710447484,0.0,0.0,0.0,446.0201397624039
1900,1900,uplink,1.5,S1,default,class_size_desc,3,0,1.0,1069,L6,0.8456501403180543,0.8456501403180543,0,0,1.0,0.3223850662589195,50,1.2101769911504425,0.9162790697674419,60,263,0.0,109.9965980001798,1.0,0.910025706940874,0.7727272727272727,0.0,39.0,126.0,0.0
1900,1900,uplink,1.5,S2,default,class_size_desc,3,0,1.0,1069,L6,0.9260991580916744,0.9260991580916744,0,0,1.0,0.4015507135575943,66,1.3326599326599327,0.9962546816479401,80,318,0.0,106.12558799994076,1.0,0.9897172236503856,0.8688811188811189,0.0,78.0,1.0,0.0
1900,1900,uplink,2.0,S0,default,class_size_desc,3,0,1.0,1342,L6,0.4635011265113483,0.4635011265113483,41,976,7.0,0.4581185677217787,44,1.061796904493263,0.7691159368430469,47,302,0.0,37.38317900001675,0.43466252270722927,0.4651884942677724,0.467724650739983,0.0,0.0,0.0,719.9814882217706
1900,1900,uplink,2.0,S0-QoS,default,class_size_desc,3,0,1.0,1342,L6,0.4606886630620727,0.4606886630620727,41,976,7.0,0.4581185677217787,44,1.0613726150298544,0.76389340736403,47,302,0.0,92.65273100004379,1.0,0.7540983606557378,0.16145025809625216,0.0,0.0,0.0,723.7558141706985
1900,1900,uplink,2.0,S1,default,class_size_desc,3,0,1.0,1342,L6,0.7481371087928465,0.7481371087928465,0,0,1.0,0.4131151885830785,75,1.349933598937583,0.9454545454545454,76,340,0.0,162.80120800001896,1.0,0.9180327868852459,0.5861111111111111,0.0,174.0,164.0,0.0
1900,1900,uplink,2.0,S2,default,class_size_desc,3,0,1.0,1342,L6,0.767511177347243,0.767511177347243,0,0,1.0,0.4363805155089559,81,1.3883495145631068,0.9921875,77,334,0.0,124.89497899991875,1.0,0.9754098360655737,0.5833333333333334,0.0,310.0,2.0,0.0
1900,1900,multi,0.5,S0,default,class_size_desc,3,0,1.0,398,L104;L64;L95,0.9623115577889447,0.9623115577889447,7,15,1.5,0.13036156457768608,9,1.0087032201914707,0.9090909090909091,6,11,0.0,30.711015999941083,0.9420944908749787,0.9648983200707338,0.9644522144522144,0.0,0.0,0.0,15.000000000000002
1900,1900,multi,0.5,S0-QoS,default,class_size_desc,3,0,1.0,398,L104;L64;L95,0.9623115577889447,0.9623115577889447,7,15,1.5,0.13036156457768608,9,1.0087032201914707,0.9090909090909091,6,11,0.0,31.11632600007397,1.0,1.0,0.9292452830188679,0.0,0.0,0.0,15.0
1900,1900,multi,0.5,S1,default,class_size_desc,3,0,1.0,398,L104;L64;L95,0.9824120603015075,0.9824120603015075,0,0,1.0,0.1257955422044207,9,1.010230179028133,0.9166666666666666,7,11,0.0,53.11419000008755,1.0,1.0,0.9669811320754716,0.0,2.0,5.0,0.0
1900,1900,multi,0.5,S2,default,class_size_desc,3,0,1.0,398,L104;L64;L95,0.9949748743718593,0.9949748743718593,0,0,1.0,0.1273915844020984,9,1.0117845117845117,1.0,7,12,0.0,49.74224700004015,1.0,1.0,0.9905660377358491,0.0,2.0,0.0,0.0
1900,1900,multi,0.75,S0,default,class_size_desc,3,0,1.0,544,L104;L64;L95,0.8970588235294118,0.8970588235294118,10,56,1.9,0.1770055427438605,15,1.0068306010928962,0.7692307692307693,6,13,0.0,30.12038799988659,0.869454367117782,0.8957531040036469,0.9030087746138776,0.0,0.0,0.0,56.0
1900,1900,multi,0.75,S0-QoS,default,class_size_desc,3,0,1.0,544,L104;L64;L95,0.8970588235294118,0.8970588235294118,10,56,1.9,0.1770055427438605,15,1.0068306010928962,0.7692307692307693,6,13,0.0,29.766624000103548,1.0,1.0,0.8068965517241379,0.0,0.0,0.0,56.0
1900,1900,multi,0.75,S1,default,class_size_desc,3,0,1.0,544,L104;L64;L95,0.9632352941176471,0.9632352941176471,0,0,1.0,0.1647463486669094,15,1.0171755725190839,0.8333333333333334,8,15,0.0,64.09158699989348,1.0,1.0,0.9310344827586207,0.0,7.0,13.0,0.0
1900,1900,multi,0.75,S2,default,class_size_desc,3,0,1.0,544,L104;L64;L95,0.9871323529411765,0.9871323529411765,0,0,1.0,0.1693321903952745,15,1.0223463687150838,1.0,9,19,0.0,54.82716400001664,1.0,1.0,0.9758620689655172,0.0,7.0,0.0,0.0
1900,1900,multi,1.0,S0,default,class_size_desc,3,0,1.0,671,L104;L64;L95,0.8226527570789866,0.8226527570789866,15,119,2.4,0.21927411801594043,18,1.0060386473429952,0.5882352941176471,6,17,0.0,37.50625000020591,0.7905729184482477,0.8240369812469294,0.827684975110324,0.0,0.0,0.0,119.0
1900,1900,multi,1.0,S0-QoS,default,class_size_desc,3,0,1.0,671,L104;L64;L95,0.8226527570789866,0.8226527570789866,15,119,2.4,0.21927411801594043,18,1.0060386473429952,0.5882352941176471,6,17,0.0,29.864717999998902,1.0,0.9713114754098361,0.6888888888888889,0.0,0.0,0.0,119.0
1900,1900,multi,1.0,S1,default,class_size_desc,3,0,1.0,671,L104;L64;L95,0.9448584202682563,0.9448584202682563,0,0,1.0,0.1995528735283408,19,1.0310199789695058,0.9565217391304348,8,22,0.0,62.82380999982706,1.0,0.9877049180327869,0.9055555555555556,0.0,14.0,23.0,0.0
1900,1900,multi,1.0,S2,default,class_size_desc,3,0,1.0,671,L104;L64;L95,0.9791356184798807,0.9791356184798807,0,0,1.0,0.20939431700179365,19,1.0416032470826992,1.0,9,26,0.0,62.66526299987163,1.0,1.0,0.9611111111111111,0.0,14.0,0.0,0.0
1900,1900,multi,1.0,S2,lambda=0.5xmean,class_size_desc,3,1,1.0,671,L104;L64;L95,0.9791356184798807,0.9791356184798807,0,0,1.0,0.2429026176315896,9,1.2201927955352614,1.0,20,73,0.0,64.69018100005997,1.0,1.0,0.9611111111111111,0.0,14.0,0.0,0.0
1900,1900,multi,1.0,S2,lambda=1xmean,class_size_desc,3,2,1.0,671,L104;L64;L95,0.9791356184798807,0.9791356184798807,0,0,1.0,0.25416591650820625,6,1.269406392694064,1.0,21,77,0.0,56.224994999865885,1.0,1.0,0.9611111111111111,0.0,14.0,0.0,0.0
1900,1900,multi,1.0,S2,lambda=2xmean,class_size_desc,3,4,1.0,671,L104;L64;L95,0.9791356184798807,0.9791356184798807,0,0,1.0,0.2725478112230449,6,1.3242009132420092,1.0,19,71,0.0,59.23854600018785,1.0,1.0,0.9611111111111111,0.0,14.0,0.0,0.0
1900,1900,multi,1.0,S2,max_paths=1,class_size_desc,1,0,1.0,671,L104;L64;L95,0.9448584202682563,0.9448584202682563,0,0,1.0,0.1999379627381964,19,1.0310199789695058,0.8695652173913043,8,20,0.0,70.56577999992442,1.0,0.9877049180327869,0.9055555555555556,0.0,14.0,23.0,0.0
1900,1900,multi,1.0,S2,max_paths=2,class_size_desc,2,0,1.0,671,L104;L64;L95,0.9791356184798807,0.9791356184798807,0,0,1.0,0.20939431700179365,19,1.0416032470826992,1.0,9,26,0.0,83.19963300004929,1.0,1.0,0.9611111111111111,0.0,14.0,0.0,0.0
1900,1900,multi,1.0,S2,max_paths=4,class_size_desc,4,0,1.0,671,L104;L64;L95,0.9791356184798807,0.9791356184798807,0,0,1.0,0.20939431700179365,19,1.0416032470826992,1.0,9,26,0.0,54.086174000076426,1.0,1.0,0.9611111111111111,0.0,14.0,0.0,0.0
1900,1900,multi,1.0,S2,order=arrival,arrival,3,0,1.0,671,L104;L64;L95,0.9791356184798807,0.9791356184798807,0,0,1.0,0.20939431700179365,19,1.0416032470826992,1.0,9,26,0.0,52.970470999980535,1.0,1.0,0.9611111111111111,0.0,14.0,0.0,0.0
1900,1900,multi,1.0,S2,order=class_size_asc,class_size_asc,3,0,1.0,671,L104;L64;L95,0.9791356184798807,0.9791356184798807,0,0,1.0,0.20939431700179365,19,1.0416032470826992,1.0,8,26,0.0,53.50066500000139,1.0,1.0,0.9611111111111111,0.0,14.0,0.0,0.0
1900,1900,multi,1.0,S2,util_cap=0.9,class_size_desc,3,0,0.9,671,L104;L64;L95,0.9746646795827124,0.9746646795827124,0,0,0.9,0.21042735094604254,0,1.054026503567788,0.9642857142857143,9,26,0.0,60.27228500011006,1.0,1.0,0.9527777777777777,0.0,17.0,0.0,0.0
1900,1900,multi,1.25,S0,default,class_size_desc,3,0,1.0,855,L104;L64;L95,0.7242984418540759,0.7242984418540759,27,245,2.9,0.2789371417782633,30,1.005382636841801,0.5,6,22,0.0,32.01124399993205,0.6986948890965272,0.7269777893890733,0.7272244220305627,0.0,0.0,0.0,235.72483221476512
1900,1900,multi,1.25,S0-QoS,default,class_size_desc,3,0,1.0,855,L104;L64;L95,0.724155486756106,0.724155486756106,27,245,2.9,0.2789371417782633,30,1.0053836994248941,0.5,6,22,0.0,30.519116000050417,1.0,0.9196141479099679,0.540638216070742,0.0,0.0,0.0,235.8470588235294
1900,1900,multi,1.25,S1,default,class_size_desc,3,0,1.0,855,L104;L64;L95,0.9029239766081871,0.9029239766081871,0,0,1.0,0.24648289132985396,36,1.0509499136442142,0.9090909090909091,9,30,0.0,81.69991099998697,1.0,0.9517684887459807,0.8518518518518519,0.0,28.0,55.0,0.0
1900,1900,multi,1.25,S2,default,class_size_desc,3,0,1.0,855,L104;L64;L95,0.960233918128655,0.960233918128655,0,0,1.0,0.26855455759194075,41,1.075111652456354,0.8648648648648649,10,30,0.0,61.99669900001936,1.0,0.9935691318327974,0.9302832244008714,0.0,34.0,0.0,0.0
1900,1900,multi,1.5,S0,default,class_size_desc,3,0,1.0,1069,L104;L64;L95,0.6111278755142481,0.6111278755142481,33,489,3.9,0.34963568259362654,38,1.0051023347296173,0.5,6,28,0.0,32.16901000018879,0.5712738238084666,0.6208726302724634,0.6120256517087911,0.0,0.0,0.0,415.7043010752688
1900,1900,multi,1.5,S0-QoS,default,class_size_desc,3,0,1.0,1069,L104;L64;L95,0.6101819610123967,0.6101819610123967,33,489,3.9,0.34963568259362654,38,1.0051102444560964,0.5,6,28,0.0,32.073962000140455,1.0,0.8637532133676092,0.36413376979414713,0.0,0.0,0.0,416.71548367774784
1900,1900,multi,1.5,S1,default,class_size_desc,3,0,1.0,1069,L104;L64;L95,0.8419083255378859,0.8419083255378859,0,0,1.0,0.29851479750778814,47,1.1003703703703704,0.7297297297297297,13,48,0.0,94.70534100000805,1.0,0.9203084832904884,0.7587412587412588,0.0,53.0,116.0,0.0
1900,1900,multi,1.5,S2,default,class_size_desc,3,0,1.0,1069,L104;L64;L95,0.9354536950420954,0.9354536950420954,0,0,1.0,0.3499474181062966,53,1.171,0.7380952380952381,22,73,0.0,67.29909299997416,1.0,0.9897172236503856,0.8863636363636364,0.0,69.0,0.0,0.0
1900,1900,multi,2.0,S0,default,class_size_desc,3,0,1.0,1342,L104;L64;L95,0.4853350757569884,0.4853350757569884,41,946,4.8,0.43854823603188087,44,1.0051178146129192,0.5,6,34,0.0,30.562958000018625,0.45685860318319976,0.4910266904998125,0.48677721371586274,0.0,0.0,0.0,690.6803283341216
1900,1900,multi,2.0,S0-QoS,default,class_size_desc,3,0,1.0,1342,L104;L64;L95,0.4845082103454198,0.4845082103454198,41,946,4.8,0.43854823603188087,44,1.005126548714418,0.5,6,34,0.0,30.71919099988918,1.0,0.7827868852459017,0.18640280317160188,0.0,0.0,0.0,691.7899817164466
1900,1900,multi,2.0,S1,default,class_size_desc,3,0,1.0,1342,L104;L64;L95,0.7958271236959762,0.7958271236959762,0,0,1.0,0.38363146147725585,71,1.2084893882646692,0.6111111111111112,19,78,0.0,127.0939119999639,1.0,0.9057377049180327,0.6833333333333333,0.0,118.0,156.0,0.0
1900,1900,multi,2.0,S2,default,class_size_desc,3,0,1.0,1342,L104;L64;L95,0.834575260804769,0.834575260804769,0,0,1.0,0.42150109236557837,78,1.2601190476190476,0.6451612903225806,20,92,0.0,103.30012999997962,1.0,0.9754098360655737,0.7083333333333334,0.0,222.0,0.0,0.0
1900,1900,recovered,0.5,S0,default,class_size_desc,3,0,1.0,398,,0.964824120603015,0.964824120603015,6,14,1.5,0.12453402695789059,8,1.0,nan,4,8,0.0,31.154728000046816,0.9465290806754222,0.9667791978136806,0.9670251132515283,0.0,0.0,0.0,14.000000000000002
1900,1900,recovered,0.5,S0-QoS,default,class_size_desc,3,0,1.0,398,,0.964824120603015,0.964824120603015,6,14,1.5,0.12453402695789059,8,1.0,nan,4,8,0.0,29.58028600005491,1.0,1.0,0.9339622641509434,0.0,0.0,0.0,14.0
1900,1900,recovered,0.5,S1,default,class_size_desc,3,0,1.0,398,,0.9849246231155779,0.9849246231155779,0,0,1.0,0.12033348747212383,8,1.0,nan,4,8,0.0,54.80278699997143,1.0,1.0,0.9716981132075472,0.0,2.0,4.0,0.0
1900,1900,recovered,0.5,S2,default,class_size_desc,3,0,1.0,398,,0.9949748743718593,0.9949748743718593,0,0,1.0,0.12139850124622852,8,1.0,nan,4,8,0.0,59.88721300013822,1.0,1.0,0.9905660377358491,0.0,2.0,0.0,0.0
1900,1900,recovered,0.75,S0,default,class_size_desc,3,0,1.0,544,,0.9025735294117647,0.9025735294117647,9,53,1.9,0.1694927653154926,14,1.0,nan,4,12,0.0,30.517292000013185,0.8781626399769983,0.8991974208807997,0.9093748223592357,0.0,0.0,0.0,53.0
1900,1900,recovered,0.75,S0-QoS,default,class_size_desc,3,0,1.0,544,,0.9025735294117647,0.9025735294117647,9,53,1.9,0.1694927653154926,14,1.0,nan,4,12,0.0,30.3237089999584,1.0,1.0,0.8172413793103448,0.0,0.0,0.0,53.0
1900,1900,recovered,0.75,S1,default,class_size_desc,3,0,1.0,544,,0.96875,0.96875,0,0,1.0,0.15784541519086973,14,1.004427577482606,nan,4,12,0.0,55.78947799995149,1.0,1.0,0.9413793103448276,0.0,7.0,10.0,0.0
1900,1900,recovered,0.75,S2,default,class_size_desc,3,0,1.0,544,,0.9871323529411765,0.9871323529411765,0,0,1.0,0.16062100714941624,14,1.004965859714463,nan,4,12,0.0,53.7129129997993,1.0,1.0,0.9758620689655172,0.0,7.0,0.0,0.0
1900,1900,recovered,1.0,S0,default,class_size_desc,3,0,1.0,671,,0.8330849478390462,0.8330849478390462,14,112,2.4,0.20978229863570771,17,1.0,nan,4,15,0.0,29.700370000000476,0.809010144084771,0.830787222326968,0.839122883607056,0.0,0.0,0.0,112.0
1900,1900,recovered,1.0,S0-QoS,default,class_size_desc,3,0,1.0,671,,0.8330849478390462,0.8330849478390462,14,112,2.4,0.20978229863570771,17,1.0,nan,4,15,0.0,29.05001099998117,1.0,0.9713114754098361,0.7083333333333334,0.0,0.0,0.0,112.0
1900,1900,recovered,1.0,S1,default,class_size_desc,3,0,1.0,671,,0.9463487332339792,0.9463487332339792,0,0,1.0,0.18958327266168176,18,1.0131233595800524,nan,4,15,0.0,63.12438400004794,1.0,0.9877049180327869,0.9083333333333333,0.0,14.0,22.0,0.0
1900,1900,recovered,1.0,S2,default,class_size_desc,3,0,1.0,671,,0.9791356184798807,0.9791356184798807,0,0,1.0,0.19800076905417816,18,1.0202942668696093,nan,4,15,0.0,56.66500000006636,1.0,1.0,0.9611111111111111,0.0,14.0,0.0,0.0
1900,1900,recovered,1.0,S2,lambda=0.5xmean,class_size_desc,3,1,1.0,671,,0.9791356184798807,0.9791356184798807,0,0,1.0,0.23254871933621934,8,1.2054794520547945,nan,21,63,0.0,56.910100000095554,1.0,1.0,0.9611111111111111,0.0,14.0,0.0,0.0
1900,1900,recovered,1.0,S2,lambda=1xmean,class_size_desc,3,2,1.0,671,,0.9791356184798807,0.9791356184798807,0,0,1.0,0.24526738324806507,6,1.2592592592592593,nan,22,76,0.0,56.54992400013725,1.0,1.0,0.9611111111111111,0.0,14.0,0.0,0.0
1900,1900,recovered,1.0,S2,lambda=2xmean,class_size_desc,3,4,1.0,671,,0.9791356184798807,0.9791356184798807,0,0,1.0,0.2613550455857274,5,1.313039066463724,nan,21,77,0.0,57.99358099989149,1.0,1.0,0.9611111111111111,0.0,14.0,0.0,0.0
1900,1900,recovered,1.0,S2,max_paths=1,class_size_desc,1,0,1.0,671,,0.9493293591654247,0.9493293591654247,0,0,1.0,0.19093285943854127,18,1.0151753008895865,nan,4,15,0.0,61.949520000098346,1.0,0.9877049180327869,0.9138888888888889,0.0,14.0,20.0,0.0
1900,1900,recovered,1.0,S2,max_paths=2,class_size_desc,2,0,1.0,671,,0.9791356184798807,0.9791356184798807,0,0,1.0,0.19800076905417816,18,1.0202942668696093,nan,4,15,0.0,61.86134499989748,1.0,1.0,0.9611111111111111,0.0,14.0,0.0,0.0
1900,1900,recovered,1.0,S2,max_paths=4,class_size_desc,4,0,1.0,671,,0.9791356184798807,0.9791356184798807,0,0,1.0,0.19800076905417816,18,1.0202942668696093,nan,4,15,0.0,63.83086799996818,1.0,1.0,0.9611111111111111,0.0,14.0,0.0,0.0
1900,1900,recovered,1.0,S2,order=arrival,arrival,3,0,1.0,671,,0.9791356184798807,0.9791356184798807,0,0,1.0,0.19800076905417816,18,1.0202942668696093,nan,4,15,0.0,65.4134270000668,1.0,1.0,0.9611111111111111,0.0,14.0,0.0,0.0
1900,1900,recovered,1.0,S2,order=class_size_asc,class_size_asc,3,0,1.0,671,,0.9791356184798807,0.9791356184798807,0,0,1.0,0.19800076905417816,18,1.0202942668696093,nan,4,15,0.0,53.724765999959345,1.0,1.0,0.9611111111111111,0.0,14.0,0.0,0.0
1900,1900,recovered,1.0,S2,util_cap=0.9,class_size_desc,3,0,0.9,671,,0.9761549925484352,0.9761549925484352,0,0,0.9,0.19923883641610915,0,1.03206106870229,nan,4,15,0.0,58.80323000019416,1.0,1.0,0.9555555555555556,0.0,16.0,0.0,0.0
1900,1900,recovered,1.25,S0,default,class_size_desc,3,0,1.0,855,,0.7359943482868244,0.7359943482868244,27,235,2.9,0.2667853207398662,30,1.0,nan,4,20,0.0,30.889310000020487,0.720085263428078,0.7342855941245308,0.7400982584338108,0.0,0.0,0.0,225.72483221476512
1900,1900,recovered,1.25,S0-QoS,default,class_size_desc,3,0,1.0,855,,0.7358513931888545,0.7358513931888545,27,235,2.9,0.2667853207398662,30,1.0,nan,4,20,0.0,43.60538699984318,1.0,0.9196141479099679,0.5624247084454697,0.0,0.0,0.0,225.8470588235294
1900,1900,recovered,1.25,S1,default,class_size_desc,3,0,1.0,855,,0.9064327485380117,0.9064327485380117,0,0,1.0,0.23393507969303423,33,1.029247311827957,nan,4,20,0.0,107.57225099996504,1.0,0.9517684887459807,0.8583877995642701,0.0,23.0,57.0,0.0
1900,1900,recovered,1.25,S2,default,class_size_desc,3,0,1.0,855,,0.9672514619883041,0.9672514619883041,0,0,1.0,0.2565891348550439,39,1.0552196694881095,nan,6,22,0.0,57.7485720000368,1.0,0.9935691318327974,0.9433551198257081,0.0,28.0,0.0,0.0
1900,1900,recovered,1.5,S0,default,class_size_desc,3,0,1.0,1069,,0.6174956085348138,0.6174956085348138,34,496,3.9,0.3343163255935983,38,1.0,nan,4,23,0.0,30.30295999997179,0.5878082153428581,0.6248591634892239,0.6180931882331804,0.0,0.0,0.0,408.897194476284
1900,1900,recovered,1.5,S0-QoS,default,class_size_desc,3,0,1.0,1069,,0.6157080670997751,0.6157080670997751,34,496,3.9,0.3343163255935983,38,1.0,nan,4,23,0.0,29.943626999966,1.0,0.8688946015424165,0.370964901625279,0.0,0.0,0.0,410.8080762703404
1900,1900,recovered,1.5,S1,default,class_size_desc,3,0,1.0,1069,,0.8606173994387278,0.8606173994387278,0,0,1.0,0.2895987144168962,47,1.0778985507246377,nan,7,42,0.0,83.60817900006623,1.0,0.9254498714652957,0.7902097902097902,0.0,39.0,110.0,0.0
1900,1900,recovered,1.5,S2,default,class_size_desc,3,0,1.0,1069,,0.9522918615528532,0.9522918615528532,0,0,1.0,0.34011221303948574,53,1.154551407989522,nan,11,44,0.0,64.06397599994307,1.0,0.9897172236503856,0.9178321678321678,0.0,51.0,0.0,0.0
1900,1900,recovered,2.0,S0,default,class_size_desc,3,0,1.0,1342,,0.48929644628648583,0.48929644628648583,41,970,4.8,0.41956459727141543,44,1.0,nan,4,30,0.0,30.080102999818337,0.47002805006643067,0.4931064527997876,0.49030017116842484,0.0,0.0,0.0,685.364169083536
1900,1900,recovered,2.0,S0-QoS,default,class_size_desc,3,0,1.0,1342,,0.48690540746878325,0.48690540746878325,41,970,4.8,0.41956459727141543,44,1.0,nan,4,30,0.0,28.99448699986351,1.0,0.7909836065573771,0.18531535669875987,0.0,0.0,0.0,688.5729431768929
1900,1900,recovered,2.0,S1,default,class_size_desc,3,0,1.0,1342,,0.8047690014903129,0.8047690014903129,0,0,1.0,0.3707817788272334,68,1.195679012345679,nan,14,64,0.0,106.22222000006332,1.0,0.9139344262295082,0.6944444444444444,0.0,92.0,170.0,0.0
1900,1900,recovered,2.0,S2,default,class_size_desc,3,0,1.0,1342,,0.8584202682563339,0.8584202682563339,0,0,1.0,0.418761852289125,79,1.2575231481481481,nan,11,70,0.0,90.06379700008438,1.0,0.9754098360655737,0.7527777777777778,0.0,190.0,0.0,0.0
2000,2000,healthy,0.5,S0,default,class_size_desc,3,0,1.0,369,,0.989159891598916,0.989159891598916,1,4,1.4,0.11933839758125472,4,1.0,nan,0,0,0.0,44.09442500013938,0.9755102040816327,0.9922779922779923,0.989247311827957,0.0,0.0,0.0,4.0
2000,2000,healthy,0.5,S0-QoS,default,class_size_desc,3,0,1.0,369,,0.989159891598916,0.989159891598916,1,4,1.4,0.11933839758125472,4,1.0,nan,0,0,0.0,48.193673000014314,1.0,1.0,0.978494623655914,0.0,0.0,0.0,4.0
2000,2000,healthy,0.5,S1,default,class_size_desc,3,0,1.0,369,,0.997289972899729,0.997289972899729,0,0,1.0,0.11822252456538171,4,1.0,nan,0,0,0.0,51.89479399996344,1.0,1.0,0.9946236559139785,0.0,0.0,1.0,0.0
2000,2000,healthy,0.5,S2,default,class_size_desc,3,0,1.0,369,,1.0,1.0,0,0,1.0,0.11849183673469388,4,1.0,nan,0,0,0.0,47.75376799989317,1.0,1.0,1.0,0.0,0.0,0.0,0.0
2000,2000,healthy,0.75,S0,default,class_size_desc,3,0,1.0,522,,0.9444444444444444,0.9444444444444444,8,29,1.8,0.16860996701710987,11,1.0,nan,0,0,0.0,29.6932870001001,0.9124299736544634,0.9481467932172157,0.9474448628294783,0.0,0.0,0.0,28.999999999999996
2000,2000,healthy,0.75,S0-QoS,default,class_size_desc,3,0,1.0,522,,0.9444444444444444,0.9444444444444444,8,29,1.8,0.16860996701710987,11,1.0,nan,0,0,0.0,29.477532999862888,1.0,1.0,0.8884615384615384,0.0,0.0,0.0,29.0
2000,2000,healthy,0.75,S1,default,class_size_desc,3,0,1.0,522,,0.9731800766283525,0.9731800766283525,0,0,1.0,0.1593110114752972,11,1.0026246719160106,nan,0,0,0.0,65.79372000010153,1.0,1.0,0.9461538461538461,0.0,7.0,7.0,0.0
2000,2000,healthy,0.75,S2,default,class_size_desc,3,0,1.0,522,,0.9865900383141762,0.9865900383141762,0,0,1.0,0.16121474953617812,11,1.002588996763754,nan,0,0,0.0,76.66512799983138,1.0,1.0,0.9730769230769231,0.0,7.0,0.0,0.0
2000,2000,healthy,1.0,S0,default,class_size_desc,3,0,1.0,636,,0.8977987421383647,0.8977987421383647,14,65,2.3,0.20496408300694016,19,1.0,nan,0,0,0.0,43.3595869999408,0.8383565307070466,0.9054137970627169,0.9024422908843398,0.0,0.0,0.0,65.0
2000,2000,healthy,1.0,S0-QoS,default,class_size_desc,3,0,1.0,636,,0.8977987421383647,0.8977987421383647,14,65,2.3,0.20496408300694016,19,1.0,nan,0,0,0.0,29.02327000015248,1.0,0.9883268482490273,0.8068535825545171,0.0,0.0,0.0,65.0
2000,2000,healthy,1.0,S1,default,class_size_desc,3,0,1.0,636,,0.9481132075471698,0.9481132075471698,0,0,1.0,0.18516305229162372,19,1.0022111663902709,nan,0,0,0.0,60.0333770000816,1.0,0.9922178988326849,0.9034267912772586,0.0,12.0,21.0,0.0
2000,2000,healthy,1.0,S2,default,class_size_desc,3,0,1.0,636,,0.9811320754716981,0.9811320754716981,0,0,1.0,0.19374750910465197,19,1.0144230769230769,nan,0,0,0.0,63.44476499998564,1.0,0.9922178988326849,0.9688473520249221,0.0,12.0,0.0,0.0
2000,2000,healthy,1.0,S2,lambda=0.5xmean,class_size_desc,3,1,1.0,636,,0.9811320754716981,0.9811320754716981,0,0,1.0,0.22200832817975674,5,1.189102564102564,nan,0,0,0.0,55.93232599994735,1.0,0.9922178988326849,0.9688473520249221,0.0,12.0,0.0,0.0
2000,2000,healthy,1.0,S2,lambda=1xmean,class_size_desc,3,2,1.0,636,,0.9811320754716981,0.9811320754716981,0,0,1.0,0.24218892668178382,4,1.2633547008547008,nan,0,0,0.0,54.684364999957324,1.0,0.9922178988326849,0.9688473520249221,0.0,12.0,0.0,0.0
2000,2000,healthy,1.0,S2,lambda=2xmean,class_size_desc,3,4,1.0,636,,0.9811320754716981,0.9811320754716981,0,0,1.0,0.2569131072631073,3,1.313034188034188,nan,0,0,0.0,56.16258800000651,1.0,0.9922178988326849,0.9688473520249221,0.0,12.0,0.0,0.0
2000,2000,healthy,1.0,S2,max_paths=1,class_size_desc,1,0,1.0,636,,0.9575471698113207,0.9575471698113207,0,0,1.0,0.18798623651480795,19,1.0076628352490422,nan,0,0,0.0,61.92779899993184,1.0,0.9922178988326849,0.9221183800623053,0.0,12.0,15.0,0.0
2000,2000,healthy,1.0,S2,max_paths=2,class_size_desc,2,0,1.0,636,,0.9811320754716981,0.9811320754716981,0,0,1.0,0.19374750910465197,19,1.0144230769230769,nan,0,0,0.0,52.40560100014591,1.0,0.9922178988326849,0.9688473520249221,0.0,12.0,0.0,0.0
2000,2000,healthy,1.0,S2,max_paths=4,class_size_desc,4,0,1.0,636,,0.9811320754716981,0.9811320754716981,0,0,1.0,0.19374750910465197,19,1.0144230769230769,nan,0,0,0.0,75.26499200002945,1.0,0.9922178988326849,0.9688473520249221,0.0,12.0,0.0,0.0
2000,2000,healthy,1.0,S2,order=arrival,arrival,3,0,1.0,636,,0.9811320754716981,0.9811320754716981,0,0,1.0,0.19374750910465197,19,1.0144230769230769,nan,0,0,0.0,55.162783000014315,1.0,0.9922178988326849,0.9688473520249221,0.0,12.0,0.0,0.0
2000,2000,healthy,1.0,S2,order=class_size_asc,class_size_asc,3,0,1.0,636,,0.9811320754716981,0.9811320754716981,0,0,1.0,0.19374750910465197,19,1.0144230769230769,nan,0,0,0.0,55.23675199992795,1.0,0.9922178988326849,0.9688473520249221,0.0,12.0,0.0,0.0
2000,2000,healthy,1.0,S2,util_cap=0.9,class_size_desc,3,0,0.9,636,,0.9779874213836478,0.9779874213836478,0,0,0.9,0.19511019033876176,0,1.0305466237942122,nan,0,0,0.0,56.75906600004055,1.0,0.9883268482490273,0.9657320872274143,0.0,14.0,0.0,0.0
2000,2000,healthy,1.25,S0,default,class_size_desc,3,0,1.0,808,,0.7837533753375338,0.7837533753375338,26,180,2.8,0.2602810004810005,33,1.0,nan,0,0,0.0,28.906471000027523,0.6818893644888583,0.8026525409118203,0.7869473975902941,0.0,0.0,0.0,174.72727272727272
2000,2000,healthy,1.25,S0-QoS,default,class_size_desc,3,0,1.0,808,,0.7828854314002829,0.7828854314002829,26,180,2.8,0.2602810004810005,33,1.0,nan,0,0,0.0,29.923888999974224,1.0,0.9598765432098766,0.6047966631908238,0.0,0.0,0.0,175.42857142857142
2000,2000,healthy,1.25,S1,default,class_size_desc,3,0,1.0,808,,0.9158415841584159,0.9158415841584159,0,0,1.0,0.23468752834467121,33,1.0454954954954956,nan,0,0,0.0,77.68368899996858,1.0,0.9660493827160493,0.8613138686131386,0.0,25.0,43.0,0.0
2000,2000,healthy,1.25,S2,default,class_size_desc,3,0,1.0,808,,0.9665841584158416,0.9665841584158416,0,0,1.0,0.2520804095375524,34,1.0657276995305165,nan,0,0,0.0,59.65356499996233,1.0,0.9845679012345679,0.9464720194647201,0.0,27.0,0.0,0.0
2000,2000,healthy,1.5,S0,default,class_size_desc,3,0,1.0,1005,,0.6507673288313791,0.6507673288313791,36,435,3.7,0.3243024805881949,40,1.0,nan,0,0,0.0,29.807321000134834,0.5634133786366491,0.6696044199500836,0.651743454008962,0.0,0.0,0.0,350.978834524464
2000,2000,healthy,1.5,S0-QoS,default,class_size_desc,3,0,1.0,1005,,0.6488056243114122,0.6488056243114122,36,435,3.7,0.3243024805881949,40,1.0,nan,0,0,0.0,29.653412000016033,1.0,0.9061728395061729,0.3787961586449097,0.0,0.0,0.0,352.9503475670308
2000,2000,healthy,1.5,S1,default,class_size_desc,3,0,1.0,1005,,0.8696517412935323,0.8696517412935323,0,0,1.0,0.28832791520648665,44,1.101067887109077,nan,0,0,0.0,92.33502500001123,1.0,0.9160493827160494,0.8086785009861933,0.0,36.0,95.0,0.0
2000,2000,healthy,1.5,S2,default,class_size_desc,3,0,1.0,1005,,0.9432835820895522,0.9432835820895522,0,0,1.0,0.32613679653679656,51,1.1441631504922645,nan,0,0,0.0,68.22524000017438,1.0,0.9703703703703703,0.9112426035502958,0.0,57.0,0.0,0.0
2000,2000,healthy,2.0,S0,default,class_size_desc,3,0,1.0,1272,,0.5144229693009583,0.5144229693009583,42,888,4.6,0.4099281660138803,42,1.0,nan,0,0,0.0,31.844009999986156,0.4393445134918027,0.5322062910123064,0.5137508096658012,0.0,0.0,0.0,617.653983049181
2000,2000,healthy,2.0,S0-QoS,default,class_size_desc,3,0,1.0,1272,,0.5088067817849672,0.5088067817849672,42,888,4.6,0.4099281660138803,42,1.0,nan,0,0,0.0,47.46407499987981,1.0,0.8443579766536965,0.15140533711912507,0.0,0.0,0.0,624.7977735695217
2000,2000,healthy,2.0,S1,default,class_size_desc,3,0,1.0,1272,,0.8081761006289309,0.8081761006289309,0,0,1.0,0.36265765134336564,62,1.1861219195849546,nan,0,0,0.0,95.31585599984282,1.0,0.914396887159533,0.6884735202492211,0.0,138.0,106.0,0.0
2000,2000,healthy,2.0,S2,default,class_size_desc,3,0,1.0,1272,,0.860062893081761,0.860062893081761,0,0,1.0,0.40213938019652307,70,1.2327848872638636,nan,0,0,0.0,89.5811309999317,1.0,0.9571984435797666,0.7570093457943925,0.0,178.0,0.0,0.0
2000,2000,uplink,0.5,S0,default,class_size_desc,3,0,1.0,369,L6,0.986449864498645,0.986449864498645,2,5,1.4,0.12649656593406594,5,1.0705128205128205,0.9871794871794872,40,78,0.0,30.169840000098702,0.9729128014842301,0.9898209898209899,0.9863147605083089,0.0,0.0,0.0,5.0
2000,2000,uplink,0.5,S0-QoS,default,class_size_desc,3,0,1.0,369,L6,0.986449864498645,0.986449864498645,2,5,1.4,0.12649656593406594,5,1.0705128205128205,0.9871794871794872,40,78,0.0,31.11687599994184,1.0,1.0,0.9731182795698925,0.0,0.0,0.0,5.0
2000,2000,uplink,0.5,S1,default,class_size_desc,3,0,1.0,369,L6,0.994579945799458,0.994579945799458,0,0,1.0,0.12497413003663004,5,1.072661217075386,0.9876543209876543,41,80,0.0,57.14796600000227,1.0,1.0,0.989247311827957,0.0,0.0,2.0,0.0
2000,2000,uplink,0.5,S2,default,class_size_desc,3,0,1.0,369,L6,1.0,1.0,0,0,1.0,0.12558096764346766,5,1.0740740740740742,1.0,42,82,0.0,48.20706800001062,1.0,1.0,1.0,0.0,0.0,0.0,0.0
2000,2000,uplink,0.75,S0,default,class_size_desc,3,0,1.0,522,L6,0.9367816091954023,0.9367816091954023,9,33,1.8,0.17818527652902652,14,1.0722563053851397,0.9636363636363636,40,110,0.0,30.328198000006523,0.9007681660742886,0.9414398851018569,0.9397525551371705,0.0,0.0,0.0,33.0
2000,2000,uplink,0.75,S0-QoS,default,class_size_desc,3,0,1.0,522,L6,0.9367816091954023,0.9367816091954023,9,33,1.8,0.17818527652902652,14,1.0722563053851397,0.9636363636363636,40,110,0.0,32.323910000059186,1.0,1.0,0.8730769230769231,0.0,0.0,0.0,33.0
2000,2000,uplink,0.75,S1,default,class_size_desc,3,0,1.0,522,L6,0.9712643678160919,0.9712643678160919,0,0,1.0,0.16979457001332002,14,1.0854700854700854,0.9915966386554622,43,118,0.0,62.78616899999179,1.0,1.0,0.9423076923076923,0.0,7.0,8.0,0.0
2000,2000,uplink,0.75,S2,default,class_size_desc,3,0,1.0,522,L6,0.9865900383141762,0.9865900383141762,0,0,1.0,0.17339301323676323,14,1.0893203883495146,1.0,44,120,0.0,52.49467899989213,1.0,1.0,0.9730769230769231,0.0,7.0,0.0,0.0
2000,2000,uplink,1.0,S0,default,class_size_desc,3,0,1.0,636,L6,0.8584905660377359,0.8584905660377359,17,93,2.3,0.21708019064269063,21,1.0671550671550671,0.8148148148148148,40,138,0.0,34.20082000002367,0.7915692397714781,0.8673912623714037,0.863456167176958,0.0,0.0,0.0,90.0
2000,2000,uplink,1.0,S0-QoS,default,class_size_desc,3,0,1.0,636,L6,0.8584905660377359,0.8584905660377359,17,93,2.3,0.21708019064269063,21,1.0671550671550671,0.8148148148148148,40,138,0.0,28.411712999968586,1.0,0.9883268482490273,0.7289719626168224,0.0,0.0,0.0,90.0
2000,2000,uplink,1.0,S1,default,class_size_desc,3,0,1.0,636,L6,0.9449685534591195,0.9449685534591195,0,0,1.0,0.20514076548451549,20,1.1098169717138102,0.9866666666666667,45,148,0.0,59.12282999997842,1.0,0.9922178988326849,0.897196261682243,0.0,12.0,23.0,0.0
2000,2000,uplink,1.0,S2,default,class_size_desc,3,0,1.0,636,L6,0.9811320754716981,0.9811320754716981,0,0,1.0,0.21936313686313685,22,1.1340811965811965,1.0,49,159,0.0,55.21760599981462,1.0,0.9922178988326849,0.9688473520249221,0.0,12.0,0.0,0.0
2000,2000,uplink,1.0,S2,lambda=0.5xmean,class_size_desc,3,1,1.0,636,L6,0.9811320754716981,0.9811320754716981,0,0,1.0,0.25492534895659896,7,1.3044871794871795,1.0,74,230,0.0,54.10484900016854,1.0,0.9922178988326849,0.9688473520249221,0.0,12.0,0.0,0.0
2000,2000,uplink,1.0,S2,lambda=1xmean,class_size_desc,3,2,1.0,636,L6,0.9811320754716981,0.9811320754716981,0,0,1.0,0.27784668456543454,6,1.3798076923076923,1.0,87,253,0.0,55.737509999971735,1.0,0.9922178988326849,0.9688473520249221,0.0,12.0,0.0,0.0
2000,2000,uplink,1.0,S2,lambda=2xmean,class_size_desc,3,4,1.0,636,L6,0.9811320754716981,0.9811320754716981,0,0,1.0,0.31489354395604396,7,1.4780982905982907,1.0,90,276,0.0,56.45040700005666,1.0,0.9922178988326849,0.9688473520249221,0.0,12.0,0.0,0.0
2000,2000,uplink,1.0,S2,max_paths=1,class_size_desc,1,0,1.0,636,L6,0.9481132075471698,0.9481132075471698,0,0,1.0,0.2082281191031191,22,1.117191818684356,0.9612903225806452,47,149,0.0,72.8071829998953,1.0,0.9922178988326849,0.9034267912772586,0.0,12.0,21.0,0.0
2000,2000,uplink,1.0,S2,max_paths=2,class_size_desc,2,0,1.0,636,L6,0.9811320754716981,0.9811320754716981,0,0,1.0,0.21936313686313685,22,1.1340811965811965,1.0,49,159,0.0,55.915394999829005,1.0,0.9922178988326849,0.9688473520249221,0.0,12.0,0.0,0.0
2000,2000,uplink,1.0,S2,max_paths=4,class_size_desc,4,0,1.0,636,L6,0.9811320754716981,0.9811320754716981,0,0,1.0,0.21936313686313685,22,1.1340811965811965,1.0,49,159,0.0,66.74979299987172,1.0,0.9922178988326849,0.9688473520249221,0.0,12.0,0.0,0.0
2000,2000,uplink,1.0,S2,order=arrival,arrival,3,0,1.0,636,L6,0.9811320754716981,0.9811320754716981,0,0,1.0,0.22270215895215895,21,1.141559829059829,1.0,47,161,0.0,54.303712000091764,1.0,0.9922178988326849,0.9688473520249221,0.0,12.0,0.0,0.0
2000,2000,uplink,1.0,S2,order=class_size_asc,class_size_asc,3,0,1.0,636,L6,0.9811320754716981,0.9811320754716981,0,0,1.0,0.22027368464868466,22,1.1362179487179487,1.0,46,161,0.0,60.2852399999847,1.0,0.9922178988326849,0.9688473520249221,0.0,12.0,0.0,0.0
2000,2000,uplink,1.0,S2,util_cap=0.9,class_size_desc,3,0,0.9,636,L6,0.9779874213836478,0.9779874213836478,0,0,0.9,0.22575647616272615,0,1.1661307609860665,1.0,54,169,0.0,55.35559500003728,1.0,0.9883268482490273,0.9657320872274143,0.0,14.0,0.0,0.0
2000,2000,uplink,1.25,S0,default,class_size_desc,3,0,1.0,808,L6,0.733010801080108,0.733010801080108,28,239,2.8,0.2755593434343434,34,1.0619084164748018,0.728476821192053,40,174,0.0,32.13178100008918,0.6363331471637309,0.7498701480596475,0.7368916777577839,0.0,0.0,0.0,215.72727272727272
2000,2000,uplink,1.25,S0-QoS,default,class_size_desc,3,0,1.0,808,L6,0.7321428571428571,0.7321428571428571,28,239,2.8,0.2755593434343434,34,1.0619818079368912,0.728476821192053,40,174,0.0,34.86678900003426,1.0,0.9537037037037037,0.5099061522419187,0.0,0.0,0.0,216.42857142857142
2000,2000,uplink,1.25,S1,default,class_size_desc,3,0,1.0,808,L6,0.8873762376237624,0.8873762376237624,0,0,1.0,0.26129647435897435,38,1.1645746164574617,0.8944444444444445,50,181,0.0,95.92253400001027,1.0,0.9598765432098766,0.8102189781021898,0.0,23.0,68.0,0.0
2000,2000,uplink,1.25,S2,default,class_size_desc,3,0,1.0,808,L6,0.9653465346534653,0.9653465346534653,0,0,1.0,0.298047958985459,44,1.2183760683760683,0.9951923076923077,66,238,0.0,60.39222000003974,1.0,0.9845679012345679,0.9440389294403893,0.0,27.0,1.0,0.0
2000,2000,uplink,1.5,S0,default,class_size_desc,3,0,1.0,1005,L6,0.6051620220320425,0.6051620220320425,37,495,3.7,0.34357675657675657,40,1.0602883923828543,0.7058823529411764,40,216,0.0,30.652084999928775,0.5210977954097927,0.6215775041757073,0.6074691281615985,0.0,0.0,0.0,396.8121678577973
2000,2000,uplink,1.5,S0-QoS,default,class_size_desc,3,0,1.0,1005,L6,0.602827965435978,0.602827965435978,37,495,3.7,0.34357675657675657,40,1.0605218197086845,0.7041913274550067,40,216,0.0,34.14463499984777,1.0,0.891358024691358,0.2994913318799958,0.0,0.0,0.0,399.1578947368421
2000,2000,uplink,1.5,S1,default,class_size_desc,3,0,1.0,1005,L6,0.8228855721393035,0.8228855721393035,0,0,1.0,0.31888092463092466,47,1.230149133413946,1.0166666666666666,63,261,0.0,144.7621480001544,1.0,0.9061728395061729,0.7238658777120316,0.0,45.0,133.0,0.0
2000,2000,uplink,1.5,S2,default,class_size_desc,3,0,1.0,1005,L6,0.8796019900497513,0.8796019900497513,0,0,1.0,0.3560873085248085,57,1.2745098039215685,1.0,78,288,0.0,111.5232610000021,1.0,0.9703703703703703,0.7850098619329389,0.0,119.0,2.0,0.0
2000,2000,uplink,2.0,S0,default,class_size_desc,3,0,1.0,1272,L6,0.4792165159238733,0.4792165159238733,42,936,4.6,0.43416038128538126,42,1.060152342102723,0.7106741573033708,40,276,0.0,30.614784999897893,0.4085883212272414,0.4952363857421143,0.47915211950367614,0.0,0.0,0.0,662.4365917448331
2000,2000,uplink,2.0,S0-QoS,default,class_size_desc,3,0,1.0,1272,L6,0.47458554612089027,0.47458554612089027,42,936,4.6,0.43416038128538126,42,1.0607393040996345,0.7164750957854407,40,276,0.0,33.21942999991734,1.0,0.7937743190661478,0.12410095742332151,0.0,0.0,0.0,668.3271853342276
2000,2000,uplink,2.0,S1,default,class_size_desc,3,0,1.0,1272,L6,0.7295597484276729,0.7295597484276729,0,0,1.0,0.3784344683094683,62,1.298132183908046,0.9777777777777777,73,292,0.0,191.51532899991253,1.0,0.9066147859922179,0.5389408099688473,0.0,230.0,114.0,0.0
2000,2000,uplink,2.0,S2,default,class_size_desc,3,0,1.0,1272,L6,0.7657232704402516,0.7657232704402516,0,0,1.0,0.4029684829059829,68,1.325119780971937,0.9903846153846154,68,314,0.0,226.5986540000995,1.0,0.9571984435797666,0.5700934579439252,0.0,298.0,0.0,0.0
2000,2000,multi,0.5,S0,default,class_size_desc,3,0,1.0,369,L105;L87;L93,0.964769647696477,0.9888888888888889,1,4,1.4,0.11799139857963388,4,1.0,0.0,5,0,0.0,49.61816400009411,0.889795918367347,0.9652509652509652,0.978494623655914,9.0,0.0,0.0,4.0
2000,2000,multi,0.5,S0-QoS,default,class_size_desc,3,0,1.0,369,L105;L87;L93,0.964769647696477,0.9888888888888889,1,4,1.4,0.11799139857963388,4,1.0,0.0,5,0,0.0,29.300991999889447,0.9142857142857143,0.972972972972973,0.967741935483871,9.0,0.0,0.0,4.0
2000,2000,multi,0.5,S1,default,class_size_desc,3,0,1.0,369,L105;L87;L93,0.9728997289972899,0.9972222222222222,0,0,1.0,0.11684270576917635,4,1.0,0.0,5,0,0.0,47.09891900006369,0.9142857142857143,0.972972972972973,0.9838709677419355,9.0,0.0,1.0,0.0
2000,2000,multi,0.5,S2,default,class_size_desc,3,0,1.0,369,L105;L87;L93,0.975609756097561,1.0,0,0,1.0,0.11711993888464477,4,1.0,0.0,5,0,0.0,44.937625999864395,0.9142857142857143,0.972972972972973,0.989247311827957,9.0,0.0,0.0,0.0
2000,2000,multi,0.75,S0,default,class_size_desc,3,0,1.0,522,L105;L87;L93,0.9252873563218391,0.9489194499017681,7,26,1.8,0.1665534865461336,10,1.0,0.0,5,0,0.0,28.912953999906676,0.8496356251458292,0.926478320844518,0.9385691231845078,13.0,0.0,0.0,25.999999999999996
2000,2000,multi,0.75,S0-QoS,default,class_size_desc,3,0,1.0,522,L105;L87;L93,0.9252873563218391,0.9489194499017681,7,26,1.8,0.1665534865461336,10,1.0,0.0,5,0,0.0,27.87158000001,0.9183673469387755,0.971830985915493,0.8884615384615384,13.0,0.0,0.0,26.0
2000,2000,multi,0.75,S1,default,class_size_desc,3,0,1.0,522,L105;L87;L93,0.9540229885057471,0.9783889980353635,0,0,1.0,0.15860001626913392,10,1.002677376171352,0.0,3,0,0.0,52.97980899990762,0.9183673469387755,0.971830985915493,0.9461538461538461,13.0,4.0,7.0,0.0
2000,2000,multi,0.75,S2,default,class_size_desc,3,0,1.0,522,L105;L87;L93,0.9674329501915708,0.9921414538310412,0,0,1.0,0.1605597466259231,10,1.0026402640264027,0.0,3,0,0.0,48.29852900002152,0.9183673469387755,0.971830985915493,0.9730769230769231,13.0,4.0,0.0,0.0
2000,2000,multi,1.0,S0,default,class_size_desc,3,0,1.0,636,L105;L87;L93,0.8820754716981132,0.9033816425120773,13,60,2.3,0.20289751860340097,18,1.0,0.0,5,0,0.0,29.804796000007627,0.7808852663392305,0.8872555610056481,0.8962117612893242,15.0,0.0,0.0,60.0
2000,2000,multi,1.0,S0-QoS,default,class_size_desc,3,0,1.0,636,L105;L87;L93,0.8820754716981132,0.9033816425120773,13,60,2.3,0.20289751860340097,18,1.0,0.0,5,0,0.0,36.85955700007071,0.9137931034482759,0.9688715953307393,0.8068535825545171,15.0,0.0,0.0,60.0
2000,2000,multi,1.0,S1,default,class_size_desc,3,0,1.0,636,L105;L87;L93,0.9323899371069182,0.9549114331723028,0,0,1.0,0.1852124112271171,18,1.0022484541877459,0.0,2,0,0.0,55.533838000201285,0.9137931034482759,0.9727626459143969,0.9034267912772586,15.0,7.0,21.0,0.0
2000,2000,multi,1.0,S2,default,class_size_desc,3,0,1.0,636,L105;L87;L93,0.9654088050314465,0.9887278582930756,0,0,1.0,0.19404935206405793,18,1.014657980456026,0.0,2,0,0.0,48.80011000000195,0.9137931034482759,0.9727626459143969,0.9688473520249221,15.0,7.0,0.0,0.0
2000,2000,multi,1.0,S2,lambda=0.5xmean,class_size_desc,3,1,1.0,636,L105;L87;L93,0.9654088050314465,0.9887278582930756,0,0,1.0,0.2259757943581473,4,1.206297502714441,0.0,14,38,0.0,53.156229000023814,0.9137931034482759,0.9727626459143969,0.9688473520249221,15.0,7.0,0.0,0.0
2000,2000,multi,1.0,S2,lambda=1xmean,class_size_desc,3,2,1.0,636,L105;L87;L93,0.9654088050314465,0.9887278582930756,0,0,1.0,0.24350080284639108,3,1.264929424538545,0.09090909090909091,9,20,0.0,55.01416400011294,0.9137931034482759,0.9727626459143969,0.9688473520249221,15.0,7.0,0.0,0.0
2000,2000,multi,1.0,S2,lambda=2xmean,class_size_desc,3,4,1.0,636,L105;L87;L93,0.9654088050314465,0.9887278582930756,0,0,1.0,0.2609457848796084,3,1.3219326818675352,0.375,16,44,0.0,54.35031899992282,0.9137931034482759,0.9727626459143969,0.9688473520249221,15.0,7.0,0.0,0.0
2000,2000,multi,1.0,S2,max_paths=1,class_size_desc,1,0,1.0,636,L105;L87;L93,0.9418238993710691,0.964573268921095,0,0,1.0,0.188118630280395,18,1.0077907623817473,0.0,2,0,0.0,55.75395200003186,0.9137931034482759,0.9727626459143969,0.9221183800623053,15.0,7.0,15.0,0.0
2000,2000,multi,1.0,S2,max_paths=2,class_size_desc,2,0,1.0,636,L105;L87;L93,0.9654088050314465,0.9887278582930756,0,0,1.0,0.19404935206405793,18,1.014657980456026,0.0,2,0,0.0,62.58673600018483,0.9137931034482759,0.9727626459143969,0.9688473520249221,15.0,7.0,0.0,0.0
2000,2000,multi,1.0,S2,max_paths=4,class_size_desc,4,0,1.0,636,L105;L87;L93,0.9654088050314465,0.9887278582930756,0,0,1.0,0.19404935206405793,18,1.014657980456026,0.0,2,0,0.0,49.52831600007812,0.9137931034482759,0.9727626459143969,0.9688473520249221,15.0,7.0,0.0,0.0
2000,2000,multi,1.0,S2,order=arrival,arrival,3,0,1.0,636,L105;L87;L93,0.9654088050314465,0.9887278582930756,0,0,1.0,0.19404935206405793,18,1.014657980456026,0.0,2,0,0.0,48.6771299999873,0.9137931034482759,0.9727626459143969,0.9688473520249221,15.0,7.0,0.0,0.0
2000,2000,multi,1.0,S2,order=class_size_asc,class_size_asc,3,0,1.0,636,L105;L87;L93,0.9654088050314465,0.9887278582930756,0,0,1.0,0.19404935206405793,18,1.014657980456026,0.0,3,0,0.0,47.182976999920356,0.9137931034482759,0.9727626459143969,0.9688473520249221,15.0,7.0,0.0,0.0
2000,2000,multi,1.0,S2,util_cap=0.9,class_size_desc,3,0,0.9,636,L105;L87;L93,0.9638364779874213,0.9871175523349437,0,0,0.9,0.1959917734770676,0,1.030995106035889,0.0,2,0,0.0,50.08744399992793,0.9137931034482759,0.9727626459143969,0.9657320872274143,15.0,8.0,0.0,0.0
2000,2000,multi,1.25,S0,default,class_size_desc,3,0,1.0,808,L105;L87;L93,0.7713771377137714,0.7899527595345086,25,171,2.8,0.25768275896217074,32,1.0,0.0,5,0,0.0,36.053113999969355,0.6386305324773226,0.7880326578708845,0.781825102802229,19.0,0.0,0.0,165.72727272727272
2000,2000,multi,1.25,S0-QoS,default,class_size_desc,3,0,1.0,808,L105;L87;L93,0.7705091937765205,0.7890639145391997,25,171,2.8,0.25768275896217074,32,1.0,0.0,5,0,0.0,30.38615600007688,0.9178082191780822,0.9475308641975309,0.6047966631908238,19.0,0.0,0.0,166.42857142857142
2000,2000,multi,1.25,S1,default,class_size_desc,3,0,1.0,808,L105;L87;L93,0.9034653465346535,0.9252217997465145,0,0,1.0,0.23619348951701893,32,1.0461187214611871,0.0,2,0,0.0,66.330366000102,0.9178082191780822,0.9537037037037037,0.8613138686131386,19.0,16.0,43.0,0.0
2000,2000,multi,1.25,S2,default,class_size_desc,3,0,1.0,808,L105;L87;L93,0.9542079207920792,0.9771863117870723,0,0,1.0,0.25409792603910253,33,1.0665801988759187,0.0,2,0,0.0,70.38899799999854,0.9178082191780822,0.9722222222222222,0.9464720194647201,19.0,18.0,0.0,0.0
2000,2000,multi,1.5,S0,default,class_size_desc,3,0,1.0,1005,L105;L87;L93,0.6408170800751603,0.6564945621565097,34,413,3.7,0.3208889171830348,38,1.0,0.0,5,0,0.0,27.750302999947962,0.527571084729839,0.6582875475221001,0.6476343152844387,24.0,0.0,0.0,336.978834524464
2000,2000,multi,1.5,S0-QoS,default,class_size_desc,3,0,1.0,1005,L105;L87;L93,0.6388553755551932,0.654484864865412,34,413,3.7,0.3208889171830348,38,1.0,0.0,5,0,0.0,27.29752400000507,0.9139784946236559,0.9012345679012346,0.3787961586449097,24.0,0.0,0.0,338.9503475670308
2000,2000,multi,1.5,S1,default,class_size_desc,3,0,1.0,1005,L105;L87;L93,0.8597014925373134,0.8807339449541285,0,0,1.0,0.29141153481594656,42,1.1022376543209877,0.0,2,0,0.0,98.50772200002211,0.9139784946236559,0.9111111111111111,0.8086785009861933,24.0,22.0,95.0,0.0
2000,2000,multi,1.5,S2,default,class_size_desc,3,0,1.0,1005,L105;L87;L93,0.9333333333333333,0.9561671763506626,0,0,1.0,0.32983778966131905,50,1.1421464108031272,0.0,7,12,0.0,63.14824800006136,0.9139784946236559,0.9654320987654321,0.9112426035502958,24.0,43.0,0.0,0.0
2000,2000,multi,2.0,S0,default,class_size_desc,3,0,1.0,1272,L105;L87;L93,0.5065613340808326,0.5187971150972778,41,838,4.6,0.40579503720680193,41,1.0,0.0,5,0,0.0,30.380956000044534,0.4106088813078947,0.5231271729837721,0.5106355448682934,30.0,0.0,0.0,597.653983049181
2000,2000,multi,2.0,S0-QoS,default,class_size_desc,3,0,1.0,1272,L105;L87;L93,0.5009451465648415,0.5130452708780019,41,838,4.6,0.40579503720680193,41,1.0,0.0,5,0,0.0,28.245833000028142,0.9137931034482759,0.8443579766536965,0.15140533711912507,30.0,0.0,0.0,604.7977735695217
2000,2000,multi,2.0,S1,default,class_size_desc,3,0,1.0,1272,L105;L87;L93,0.7940251572327044,0.8132045088566827,0,0,1.0,0.36238555017966784,60,1.1782178217821782,0.0,7,24,0.0,109.59619699997347,0.9137931034482759,0.914396887159533,0.67601246105919,30.0,126.0,106.0,0.0
2000,2000,multi,2.0,S2,default,class_size_desc,3,0,1.0,1272,L105;L87;L93,0.8459119496855346,0.8663446054750402,0,0,1.0,0.4006199671787907,67,1.2224287484510532,0.18181818181818182,6,22,0.0,82.41902899999332,0.9137931034482759,0.9571984435797666,0.7445482866043613,30.0,166.0,0.0,0.0
2000,2000,recovered,0.5,S0,default,class_size_desc,3,0,1.0,369,,0.989159891598916,0.989159891598916,1,4,1.4,0.11933839758125472,4,1.0,nan,11,21,0.0,28.213451999818062,0.9755102040816327,0.9922779922779923,0.989247311827957,0.0,0.0,0.0,4.0
2000,2000,recovered,0.5,S0-QoS,default,class_size_desc,3,0,1.0,369,,0.989159891598916,0.989159891598916,1,4,1.4,0.11933839758125472,4,1.0,nan,11,21,0.0,27.58448200006569,1.0,1.0,0.978494623655914,0.0,0.0,0.0,4.0
2000,2000,recovered,0.5,S1,default,class_size_desc,3,0,1.0,369,,0.997289972899729,0.997289972899729,0,0,1.0,0.11822252456538171,4,1.0,nan,11,21,0.0,48.294872999804284,1.0,1.0,0.9946236559139785,0.0,0.0,1.0,0.0
2000,2000,recovered,0.5,S2,default,class_size_desc,3,0,1.0,369,,1.0,1.0,0,0,1.0,0.11849183673469388,4,1.0,nan,11,21,0.0,45.90635299996393,1.0,1.0,1.0,0.0,0.0,0.0,0.0
2000,2000,recovered,0.75,S0,default,class_size_desc,3,0,1.0,522,,0.9444444444444444,0.9444444444444444,8,29,1.8,0.16860996701710987,11,1.0,nan,11,30,0.0,29.39912499982711,0.9124299736544634,0.9481467932172157,0.9474448628294783,0.0,0.0,0.0,28.999999999999996
2000,2000,recovered,0.75,S0-QoS,default,class_size_desc,3,0,1.0,522,,0.9444444444444444,0.9444444444444444,8,29,1.8,0.16860996701710987,11,1.0,nan,11,30,0.0,27.452834999849074,1.0,1.0,0.8884615384615384,0.0,0.0,0.0,29.0
2000,2000,recovered,0.75,S1,default,class_size_desc,3,0,1.0,522,,0.9731800766283525,0.9731800766283525,0,0,1.0,0.1593110114752972,11,1.0026246719160106,nan,11,30,0.0,52.82707200012737,1.0,1.0,0.9461538461538461,0.0,7.0,7.0,0.0
2000,2000,recovered,0.75,S2,default,class_size_desc,3,0,1.0,522,,0.9865900383141762,0.9865900383141762,0,0,1.0,0.16121474953617812,11,1.002588996763754,nan,11,30,0.0,49.37404599991169,1.0,1.0,0.9730769230769231,0.0,7.0,0.0,0.0
2000,2000,recovered,1.0,S0,default,class_size_desc,3,0,1.0,636,,0.8977987421383647,0.8977987421383647,14,65,2.3,0.20496408300694016,19,1.0,nan,11,37,0.0,28.435889000093084,0.8383565307070466,0.9054137970627169,0.9024422908843398,0.0,0.0,0.0,65.0
2000,2000,recovered,1.0,S0-QoS,default,class_size_desc,3,0,1.0,636,,0.8977987421383647,0.8977987421383647,14,65,2.3,0.20496408300694016,19,1.0,nan,11,37,0.0,28.23975100000098,1.0,0.9883268482490273,0.8068535825545171,0.0,0.0,0.0,65.0
2000,2000,recovered,1.0,S1,default,class_size_desc,3,0,1.0,636,,0.9481132075471698,0.9481132075471698,0,0,1.0,0.18516305229162372,19,1.0022111663902709,nan,11,36,0.0,60.73803799995403,1.0,0.9922178988326849,0.9034267912772586,0.0,12.0,21.0,0.0
2000,2000,recovered,1.0,S2,default,class_size_desc,3,0,1.0,636,,0.9811320754716981,0.9811320754716981,0,0,1.0,0.19374750910465197,19,1.0144230769230769,nan,11,37,0.0,52.72154399995088,1.0,0.9922178988326849,0.9688473520249221,0.0,12.0,0.0,0.0
2000,2000,recovered,1.0,S2,lambda=0.5xmean,class_size_desc,3,1,1.0,636,,0.9811320754716981,0.9811320754716981,0,0,1.0,0.22200832817975674,5,1.189102564102564,nan,40,136,0.0,61.419054999987566,1.0,0.9922178988326849,0.9688473520249221,0.0,12.0,0.0,0.0
2000,2000,recovered,1.0,S2,lambda=1xmean,class_size_desc,3,2,1.0,636,,0.9811320754716981,0.9811320754716981,0,0,1.0,0.24218892668178382,4,1.2633547008547008,nan,49,156,0.0,60.51457900002788,1.0,0.9922178988326849,0.9688473520249221,0.0,12.0,0.0,0.0
2000,2000,recovered,1.0,S2,lambda=2xmean,class_size_desc,3,4,1.0,636,,0.9811320754716981,0.9811320754716981,0,0,1.0,0.2569131072631073,3,1.313034188034188,nan,47,157,0.0,55.752318000031664,1.0,0.9922178988326849,0.9688473520249221,0.0,12.0,0.0,0.0
2000,2000,recovered,1.0,S2,max_paths=1,class_size_desc,1,0,1.0,636,,0.9575471698113207,0.9575471698113207,0,0,1.0,0.18798623651480795,19,1.0076628352490422,nan,11,36,0.0,86.72288000002482,1.0,0.9922178988326849,0.9221183800623053,0.0,12.0,15.0,0.0
2000,2000,recovered,1.0,S2,max_paths=2,class_size_desc,2,0,1.0,636,,0.9811320754716981,0.9811320754716981,0,0,1.0,0.19374750910465197,19,1.0144230769230769,nan,11,37,0.0,51.574342000094475,1.0,0.9922178988326849,0.9688473520249221,0.0,12.0,0.0,0.0
2000,2000,recovered,1.0,S2,max_paths=4,class_size_desc,4,0,1.0,636,,0.9811320754716981,0.9811320754716981,0,0,1.0,0.19374750910465197,19,1.0144230769230769,nan,11,37,0.0,64.57996300014202,1.0,0.9922178988326849,0.9688473520249221,0.0,12.0,0.0,0.0
2000,2000,recovered,1.0,S2,order=arrival,arrival,3,0,1.0,636,,0.9811320754716981,0.9811320754716981,0,0,1.0,0.19374750910465197,19,1.0144230769230769,nan,11,37,0.0,50.55846699997346,1.0,0.9922178988326849,0.9688473520249221,0.0,12.0,0.0,0.0
2000,2000,recovered,1.0,S2,order=class_size_asc,class_size_asc,3,0,1.0,636,,0.9811320754716981,0.9811320754716981,0,0,1.0,0.19374750910465197,19,1.0144230769230769,nan,11,37,0.0,52.58893600012016,1.0,0.9922178988326849,0.9688473520249221,0.0,12.0,0.0,0.0
2000,2000,recovered,1.0,S2,util_cap=0.9,class_size_desc,3,0,0.9,636,,0.9779874213836478,0.9779874213836478,0,0,0.9,0.19511019033876176,0,1.0305466237942122,nan,11,37,0.0,53.51197699997101,1.0,0.9883268482490273,0.9657320872274143,0.0,14.0,0.0,0.0
2000,2000,recovered,1.25,S0,default,class_size_desc,3,0,1.0,808,,0.7837533753375338,0.7837533753375338,26,180,2.8,0.2602810004810005,33,1.0,nan,11,47,0.0,28.548890999900323,0.6818893644888583,0.8026525409118203,0.7869473975902941,0.0,0.0,0.0,174.72727272727272
2000,2000,recovered,1.25,S0-QoS,default,class_size_desc,3,0,1.0,808,,0.7828854314002829,0.7828854314002829,26,180,2.8,0.2602810004810005,33,1.0,nan,11,47,0.0,28.15655499989589,1.0,0.9598765432098766,0.6047966631908238,0.0,0.0,0.0,175.42857142857142
2000,2000,recovered,1.25,S1,default,class_size_desc,3,0,1.0,808,,0.9158415841584159,0.9158415841584159,0,0,1.0,0.23468752834467121,33,1.0454954954954956,nan,14,52,0.0,71.78746099998534,1.0,0.9660493827160493,0.8613138686131386,0.0,25.0,43.0,0.0
2000,2000,recovered,1.25,S2,default,class_size_desc,3,0,1.0,808,,0.9665841584158416,0.9665841584158416,0,0,1.0,0.2520804095375524,34,1.0657276995305165,nan,19,61,0.0,66.8077010000161,1.0,0.9845679012345679,0.9464720194647201,0.0,27.0,0.0,0.0
2000,2000,recovered,1.5,S0,default,class_size_desc,3,0,1.0,1005,,0.6507673288313791,0.6507673288313791,36,435,3.7,0.3243024805881949,40,1.0,nan,11,58,0.0,35.81059900011496,0.5634133786366491,0.6696044199500836,0.651743454008962,0.0,0.0,0.0,350.978834524464
2000,2000,recovered,1.5,S0-QoS,default,class_size_desc,3,0,1.0,1005,,0.6488056243114122,0.6488056243114122,36,435,3.7,0.3243024805881949,40,1.0,nan,11,58,0.0,30.89187499995205,1.0,0.9061728395061729,0.3787961586449097,0.0,0.0,0.0,352.9503475670308
2000,2000,recovered,1.5,S1,default,class_size_desc,3,0,1.0,1005,,0.8696517412935323,0.8696517412935323,0,0,1.0,0.28832791520648665,44,1.101067887109077,nan,20,94,0.0,80.75995700005478,1.0,0.9160493827160494,0.8086785009861933,0.0,36.0,95.0,0.0
2000,2000,recovered,1.5,S2,default,class_size_desc,3,0,1.0,1005,,0.9432835820895522,0.9432835820895522,0,0,1.0,0.32613679653679656,51,1.1441631504922645,nan,31,120,0.0,65.51772300008452,1.0,0.9703703703703703,0.9112426035502958,0.0,57.0,0.0,0.0
2000,2000,recovered,2.0,S0,default,class_size_desc,3,0,1.0,1272,,0.5144229693009583,0.5144229693009583,42,888,4.6,0.4099281660138803,42,1.0,nan,11,74,0.0,28.359095000041634,0.4393445134918027,0.5322062910123064,0.5137508096658012,0.0,0.0,0.0,617.653983049181
2000,2000,recovered,2.0,S0-QoS,default,class_size_desc,3,0,1.0,1272,,0.5088067817849672,0.5088067817849672,42,888,4.6,0.4099281660138803,42,1.0,nan,11,74,0.0,27.464867999924536,1.0,0.8443579766536965,0.15140533711912507,0.0,0.0,0.0,624.7977735695217
2000,2000,recovered,2.0,S1,default,class_size_desc,3,0,1.0,1272,,0.8081761006289309,0.8081761006289309,0,0,1.0,0.36265765134336564,62,1.1861219195849546,nan,28,146,0.0,87.29291999998168,1.0,0.914396887159533,0.6884735202492211,0.0,138.0,106.0,0.0
2000,2000,recovered,2.0,S2,default,class_size_desc,3,0,1.0,1272,,0.860062893081761,0.860062893081761,0,0,1.0,0.40213938019652307,70,1.2327848872638636,nan,37,198,0.0,94.4725650001601,1.0,0.9571984435797666,0.7570093457943925,0.0,178.0,0.0,0.0
2100,2100,healthy,0.5,S0,default,class_size_desc,3,0,1.0,399,,0.9874686716791979,0.9874686716791979,3,5,1.3,0.1186657021899669,4,1.0,nan,0,0,0.0,35.35113800012368,0.9953379953379954,0.986013986013986,0.987051226285676,0.0,0.0,0.0,5.000000000000002
2100,2100,healthy,0.5,S0-QoS,default,class_size_desc,3,0,1.0,399,,0.9874686716791979,0.9874686716791979,3,5,1.3,0.1186657021899669,4,1.0,nan,0,0,0.0,29.156691000025603,1.0,1.0,0.9760765550239234,0.0,0.0,0.0,5.0
2100,2100,healthy,0.5,S1,default,class_size_desc,3,0,1.0,399,,0.9974937343358395,0.9974937343358395,0,0,1.0,0.117384418767507,4,1.0,nan,0,0,0.0,50.66619000012906,1.0,1.0,0.9952153110047847,0.0,1.0,0.0,0.0
2100,2100,healthy,0.5,S2,default,class_size_desc,3,0,1.0,399,,0.9974937343358395,0.9974937343358395,0,0,1.0,0.117384418767507,4,1.0,nan,0,0,0.0,58.03142300010222,1.0,1.0,0.9952153110047847,0.0,1.0,0.0,0.0
2100,2100,healthy,0.75,S0,default,class_size_desc,3,0,1.0,551,,0.9437386569872959,0.9437386569872959,7,31,1.8,0.16380025464731346,11,1.0,nan,0,0,0.0,83.668882999973,0.9411255411255411,0.938971321217698,0.9476506288790025,0.0,0.0,0.0,31.0
2100,2100,healthy,0.75,S0-QoS,default,class_size_desc,3,0,1.0,551,,0.9437386569872959,0.9437386569872959,7,31,1.8,0.16380025464731346,11,1.0,nan,0,0,0.0,31.781072000057975,1.0,1.0,0.8927335640138409,0.0,0.0,0.0,31.0
2100,2100,healthy,0.75,S1,default,class_size_desc,3,0,1.0,551,,0.9818511796733213,0.9818511796733213,0,0,1.0,0.1566000859434683,11,1.0049291435613061,nan,0,0,0.0,59.18407500007561,1.0,1.0,0.9653979238754326,0.0,7.0,3.0,0.0
2100,2100,healthy,0.75,S2,default,class_size_desc,3,0,1.0,551,,0.9872958257713249,0.9872958257713249,0,0,1.0,0.1573807677616501,11,1.0049019607843137,nan,0,0,0.0,53.97422399983043,1.0,1.0,0.9757785467128027,0.0,7.0,0.0,0.0
2100,2100,healthy,1.0,S0,default,class_size_desc,3,0,1.0,679,,0.8762886597938144,0.8762886597938144,17,84,2.2,0.20204240514387573,23,1.0,nan,0,0,0.0,31.970017000048756,0.8553330970204913,0.8721073163100641,0.8833021436390472,0.0,0.0,0.0,84.0
2100,2100,healthy,1.0,S0-QoS,default,class_size_desc,3,0,1.0,679,,0.8762886597938144,0.8762886597938144,17,84,2.2,0.20204240514387573,23,1.0,nan,0,0,0.0,34.9909320000279,1.0,0.9881422924901185,0.773109243697479,0.0,0.0,0.0,84.0
2100,2100,healthy,1.0,S1,default,class_size_desc,3,0,1.0,679,,0.9337260677466863,0.9337260677466863,0,0,1.0,0.18293276355996943,23,1.0115667718191377,nan,0,0,0.0,76.5357350001068,1.0,0.9881422924901185,0.8823529411764706,0.0,14.0,31.0,0.0
2100,2100,healthy,1.0,S2,default,class_size_desc,3,0,1.0,679,,0.979381443298969,0.979381443298969,0,0,1.0,0.19634912464985996,24,1.0300751879699248,nan,0,0,0.0,59.05360999986442,1.0,1.0,0.9607843137254902,0.0,14.0,0.0,0.0
2100,2100,healthy,1.0,S2,lambda=0.5xmean,class_size_desc,3,1,1.0,679,,0.979381443298969,0.979381443298969,0,0,1.0,0.23440703781512606,9,1.2160401002506265,nan,0,0,0.0,63.651703000005,1.0,1.0,0.9607843137254902,0.0,14.0,0.0,0.0
2100,2100,healthy,1.0,S2,lambda=1xmean,class_size_desc,3,2,1.0,679,,0.979381443298969,0.979381443298969,0,0,1.0,0.25852250127323656,8,1.287719298245614,nan,0,0,0.0,55.483093000020745,1.0,1.0,0.9607843137254902,0.0,14.0,0.0,0.0
2100,2100,healthy,1.0,S2,lambda=2xmean,class_size_desc,3,4,1.0,679,,0.979381443298969,0.979381443298969,0,0,1.0,0.26801306659027246,6,1.32531328320802,nan,0,0,0.0,61.69389100000444,1.0,1.0,0.9607843137254902,0.0,14.0,0.0,0.0
2100,2100,healthy,1.0,S2,max_paths=1,class_size_desc,1,0,1.0,679,,0.9440353460972017,0.9440353460972017,0,0,1.0,0.18668763368983957,23,1.0192407696307852,nan,0,0,0.0,69.37732100004723,1.0,0.9881422924901185,0.9019607843137255,0.0,14.0,24.0,0.0
2100,2100,healthy,1.0,S2,max_paths=2,class_size_desc,2,0,1.0,679,,0.979381443298969,0.979381443298969,0,0,1.0,0.19634912464985996,24,1.0300751879699248,nan,0,0,0.0,55.920293999861315,1.0,1.0,0.9607843137254902,0.0,14.0,0.0,0.0
2100,2100,healthy,1.0,S2,max_paths=4,class_size_desc,4,0,1.0,679,,0.979381443298969,0.979381443298969,0,0,1.0,0.19634912464985996,24,1.0300751879699248,nan,0,0,0.0,57.01173999977982,1.0,1.0,0.9607843137254902,0.0,14.0,0.0,0.0
2100,2100,healthy,1.0,S2,order=arrival,arrival,3,0,1.0,679,,0.979381443298969,0.979381443298969,0,0,1.0,0.19634912464985996,24,1.0300751879699248,nan,0,0,0.0,56.15550399988933,1.0,1.0,0.9607843137254902,0.0,14.0,0.0,0.0
2100,2100,healthy,1.0,S2,order=class_size_asc,class_size_asc,3,0,1.0,679,,0.979381443298969,0.979381443298969,0,0,1.0,0.19634912464985996,24,1.0300751879699248,nan,0,0,0.0,60.17407100011951,1.0,1.0,0.9607843137254902,0.0,14.0,0.0,0.0
2100,2100,healthy,1.0,S2,util_cap=0.9,class_size_desc,3,0,0.9,679,,0.9720176730486009,0.9720176730486009,0,0,0.9,0.19897646740514388,0,1.0494949494949495,nan,0,0,0.0,55.704478000052404,1.0,1.0,0.9467787114845938,0.0,19.0,0.0,0.0
2100,2100,healthy,1.25,S0,default,class_size_desc,3,0,1.0,853,,0.7559709545224421,0.7559709545224421,28,219,2.7,0.2537651801629743,34,1.0,nan,0,0,0.0,30.045898000025772,0.7265986384958263,0.7550502304424296,0.7624887266834574,0.0,0.0,0.0,208.15677579235685
2100,2100,healthy,1.25,S0-QoS,default,class_size_desc,3,0,1.0,853,,0.7558144808030556,0.7558144808030556,28,219,2.7,0.2537651801629743,34,1.0,nan,0,0,0.0,29.274081000039587,1.0,0.9528301886792453,0.5666137940022564,0.0,0.0,0.0,208.29024787499364
2100,2100,healthy,1.25,S1,default,class_size_desc,3,0,1.0,853,,0.9097303634232122,0.9097303634232122,0,0,1.0,0.23512703399541635,34,1.0558419243986255,nan,0,0,0.0,86.83572200015988,1.0,0.9716981132075472,0.8475336322869955,0.0,30.0,47.0,0.0
2100,2100,healthy,1.25,S2,default,class_size_desc,3,0,1.0,853,,0.9613130128956624,0.9613130128956624,0,0,1.0,0.25464495798319325,37,1.076829268292683,nan,0,0,0.0,60.262356000066575,1.0,0.9937106918238994,0.9304932735426009,0.0,33.0,0.0,0.0
2100,2100,healthy,1.5,S0,default,class_size_desc,3,0,1.0,1078,,0.6033740196091048,0.6033740196091048,38,583,3.5,0.32070810733384264,38,1.0,nan,0,0,0.0,32.49009199998909,0.5870310533089725,0.6035614276160476,0.6063586972161885,0.0,0.0,0.0,427.56280686138507
2100,2100,healthy,1.5,S0-QoS,default,class_size_desc,3,0,1.0,1078,,0.6029055182945803,0.6029055182945803,38,583,3.5,0.32070810733384264,38,1.0,nan,0,0,0.0,44.65869299997394,1.0,0.9084158415841584,0.30906740056812293,0.0,0.0,0.0,428.0678512784424
2100,2100,healthy,1.5,S1,default,class_size_desc,3,0,1.0,1078,,0.8358070500927643,0.8358070500927643,0,0,1.0,0.2883277183600713,46,1.1095079541250463,nan,0,0,0.0,101.41593599996668,1.0,0.9282178217821783,0.7385159010600707,0.0,62.0,115.0,0.0
2100,2100,healthy,1.5,S2,default,class_size_desc,3,0,1.0,1078,,0.924860853432282,0.924860853432282,0,0,1.0,0.3360739050165521,51,1.1668338348378469,nan,0,0,0.0,76.80713400009154,1.0,0.9876237623762376,0.8657243816254417,0.0,81.0,0.0,0.0
2100,2100,healthy,2.0,S0,default,class_size_desc,3,0,1.0,1358,,0.47636311984900004,0.47636311984900004,38,1090,4.4,0.40408481028775145,41,1.0,nan,0,0,0.0,31.17165000003297,0.4639782216511484,0.47578091527847505,0.4791694384260157,0.0,0.0,0.0,711.0988832450579
2100,2100,healthy,2.0,S0-QoS,default,class_size_desc,3,0,1.0,1358,,0.4738667528634425,0.4738667528634425,38,1090,4.4,0.40408481028775145,41,1.0,nan,0,0,0.0,31.24471700016329,1.0,0.8221343873517787,0.1253656167906931,0.0,0.0,0.0,714.4889496114452
2100,2100,healthy,2.0,S1,default,class_size_desc,3,0,1.0,1358,,0.792341678939617,0.792341678939617,0,0,1.0,0.37066818181818184,64,1.2026022304832713,nan,0,0,0.0,103.3759409999675,1.0,0.9407114624505929,0.6470588235294118,0.0,158.0,124.0,0.0
2100,2100,healthy,2.0,S2,default,class_size_desc,3,0,1.0,1358,,0.833578792341679,0.833578792341679,0,0,1.0,0.3994426788897377,74,1.234982332155477,nan,0,0,0.0,155.18989399993188,1.0,0.9723320158102767,0.7030812324929971,0.0,226.0,0.0,0.0
2100,2100,uplink,0.5,S0,default,class_size_desc,3,0,1.0,399,L6,0.974937343358396,0.974937343358396,5,10,1.3,0.12750361383085343,7,1.0437017994858613,0.9107142857142857,27,56,0.0,30.673606000164,0.9953379953379954,0.974382130011269,0.9715316581345289,0.0,0.0,0.0,10.000000000000002
2100,2100,uplink,0.5,S0-QoS,default,class_size_desc,3,0,1.0,399,L6,0.974937343358396,0.974937343358396,5,10,1.3,0.12750361383085343,7,1.0437017994858613,0.9107142857142857,27,56,0.0,32.5787090000631,1.0,1.0,0.9521531100478469,0.0,0.0,0.0,10.0
2100,2100,uplink,0.5,S1,default,class_size_desc,3,0,1.0,399,L6,0.9974937343358395,0.9974937343358395,0,0,1.0,0.12544604952072572,7,1.0469011725293131,1.0,27,56,0.0,52.9403639998236,1.0,1.0,0.9952153110047847,0.0,1.0,0.0,0.0
2100,2100,uplink,0.5,S2,default,class_size_desc,3,0,1.0,399,L6,0.9974937343358395,0.9974937343358395,0,0,1.0,0.12544604952072572,7,1.0469011725293131,1.0,27,56,0.0,52.87459199985278,1.0,1.0,0.9952153110047847,0.0,1.0,0.0,0.0
2100,2100,uplink,0.75,S0,default,class_size_desc,3,0,1.0,551,L6,0.9092558983666061,0.9092558983666061,10,50,1.9,0.17617762701410838,13,1.0399201596806387,0.759493670886076,27,79,0.0,33.525163999911456,0.935064935064935,0.9086015158669621,0.9048128539341433,0.0,0.0,0.0,50.0
2100,2100,uplink,0.75,S0-QoS,default,class_size_desc,3,0,1.0,551,L6,0.9092558983666061,0.9092558983666061,10,50,1.9,0.17617762701410838,13,1.0399201596806387,0.759493670886076,27,79,0.0,31.82020500003091,1.0,1.0,0.8269896193771626,0.0,0.0,0.0,50.0
2100,2100,uplink,0.75,S1,default,class_size_desc,3,0,1.0,551,L6,0.9800362976406534,0.9800362976406534,0,0,1.0,0.16577684514172641,13,1.054320987654321,0.9876543209876543,28,80,0.0,54.93415399996593,1.0,1.0,0.9619377162629758,0.0,7.0,4.0,0.0
2100,2100,uplink,0.75,S2,default,class_size_desc,3,0,1.0,551,L6,0.9872958257713249,0.9872958257713249,0,0,1.0,0.16687967388790378,13,1.0545343137254901,1.0,29,81,0.0,54.81598300002588,1.0,1.0,0.9757785467128027,0.0,7.0,0.0,0.0
2100,2100,uplink,1.0,S0,default,class_size_desc,3,0,1.0,679,L6,0.8394698085419735,0.8394698085419735,18,109,2.3,0.21741894097088377,24,1.03859649122807,0.7252747252747253,27,98,0.0,31.04341900007057,0.840840343397303,0.8419761368405103,0.8374287218065462,0.0,0.0,0.0,109.0
2100,2100,uplink,1.0,S0-QoS,default,class_size_desc,3,0,1.0,679,L6,0.8394698085419735,0.8394698085419735,18,109,2.3,0.21741894097088377,24,1.03859649122807,0.7252747252747253,27,98,0.0,30.961515000171858,1.0,0.9881422924901185,0.7030812324929971,0.0,0.0,0.0,109.0
2100,2100,uplink,1.0,S1,default,class_size_desc,3,0,1.0,679,L6,0.9293078055964654,0.9293078055964654,0,0,1.0,0.19310735808084703,25,1.063391442155309,0.9690721649484536,31,94,0.0,67.80030300001272,1.0,0.9881422924901185,0.8739495798319328,0.0,14.0,34.0,0.0
2100,2100,uplink,1.0,S2,default,class_size_desc,3,0,1.0,679,L6,0.979381443298969,0.979381443298969,0,0,1.0,0.2094374405725593,25,1.0882205513784462,1.0,32,105,0.0,59.15133199982847,1.0,1.0,0.9607843137254902,0.0,14.0,0.0,0.0
2100,2100,uplink,1.0,S2,lambda=0.5xmean,class_size_desc,3,1,1.0,679,L6,0.979381443298969,0.979381443298969,0,0,1.0,0.25598165458844085,11,1.2832080200501252,1.0,50,161,0.0,62.86076900005355,1.0,1.0,0.9607843137254902,0.0,14.0,0.0,0.0
2100,2100,uplink,1.0,S2,lambda=1xmean,class_size_desc,3,2,1.0,679,L6,0.979381443298969,0.979381443298969,0,0,1.0,0.27840174877290363,7,1.3468671679197994,1.0,60,216,0.0,60.69996699989133,1.0,1.0,0.9607843137254902,0.0,14.0,0.0,0.0
2100,2100,uplink,1.0,S2,lambda=2xmean,class_size_desc,3,4,1.0,679,L6,0.979381443298969,0.979381443298969,0,0,1.0,0.30015717433762495,6,1.4190476190476191,1.0,67,234,0.0,61.311143000011725,1.0,1.0,0.9607843137254902,0.0,14.0,0.0,0.0
2100,2100,uplink,1.0,S2,max_paths=1,class_size_desc,1,0,1.0,679,L6,0.9410898379970545,0.9410898379970545,0,0,1.0,0.1973869625831984,25,1.0714658320292123,0.979381443298969,31,95,0.0,63.7346080000043,1.0,0.9881422924901185,0.896358543417367,0.0,14.0,26.0,0.0
2100,2100,uplink,1.0,S2,max_paths=2,class_size_desc,2,0,1.0,679,L6,0.979381443298969,0.979381443298969,0,0,1.0,0.2094374405725593,25,1.0882205513784462,1.0,32,105,0.0,55.086007999989306,1.0,1.0,0.9607843137254902,0.0,14.0,0.0,0.0
2100,2100,uplink,1.0,S2,max_paths=4,class_size_desc,4,0,1.0,679,L6,0.979381443298969,0.979381443298969,0,0,1.0,0.2094374405725593,25,1.0882205513784462,1.0,32,105,0.0,56.090421999897444,1.0,1.0,0.9607843137254902,0.0,14.0,0.0,0.0
2100,2100,uplink,1.0,S2,order=arrival,arrival,3,0,1.0,679,L6,0.979381443298969,0.979381443298969,0,0,1.0,0.2084427858299283,26,1.0862155388471177,1.0,32,104,0.0,55.809275000001435,1.0,1.0,0.9607843137254902,0.0,14.0,0.0,0.0
2100,2100,uplink,1.0,S2,order=class_size_asc,class_size_asc,3,0,1.0,679,L6,0.979381443298969,0.979381443298969,0,0,1.0,0.20839819918793206,26,1.0862155388471177,1.0,31,104,0.0,76.92749000011645,1.0,1.0,0.9607843137254902,0.0,14.0,0.0,0.0
2100,2100,uplink,1.0,S2,util_cap=0.9,class_size_desc,3,0,0.9,679,L6,0.9720176730486009,0.9720176730486009,0,0,0.9,0.21626453563076606,0,1.1217171717171717,1.0,38,117,0.0,59.30305699985183,1.0,1.0,0.9467787114845938,0.0,19.0,0.0,0.0
2100,2100,uplink,1.25,S0,default,class_size_desc,3,0,1.0,853,L6,0.7242321846142272,0.7242321846142272,28,244,2.9,0.27298015123480585,34,1.037770256428013,0.7211055276381909,27,123,0.0,30.846348999830298,0.7079938457063254,0.7313347015933653,0.7224084441735038,0.0,0.0,0.0,235.22994652406416
2100,2100,uplink,1.25,S0-QoS,default,class_size_desc,3,0,1.0,853,L6,0.7240822796687442,0.7240822796687442,28,244,2.9,0.27298015123480585,34,1.037778075909845,0.7211471530001392,27,123,0.0,30.264537999983077,1.0,0.949685534591195,0.5081663330884277,0.0,0.0,0.0,235.35781544256122
2100,2100,uplink,1.25,S1,default,class_size_desc,3,0,1.0,853,L6,0.902696365767878,0.902696365767878,0,0,1.0,0.24924913589288927,35,1.1164502164502164,0.9230769230769231,35,124,0.0,106.02978899987647,1.0,0.9685534591194969,0.8363228699551569,0.0,30.0,53.0,0.0
2100,2100,uplink,1.25,S2,default,class_size_desc,3,0,1.0,853,L6,0.9613130128956624,0.9613130128956624,0,0,1.0,0.28472795723794103,38,1.170731707317073,1.0,52,176,0.0,67.60728099993685,1.0,0.9937106918238994,0.9304932735426009,0.0,33.0,0.0,0.0
2100,2100,uplink,1.5,S0,default,class_size_desc,3,0,1.0,1078,L6,0.5765084918159332,0.5765084918159332,37,579,3.6,0.3449225548017372,38,1.0375450179005037,0.7073490813648294,27,154,0.0,34.150336000038806,0.5698593361372554,0.5828054234442018,0.5732826056595316,0.0,0.0,0.0,456.523845822424
2100,2100,uplink,1.5,S0-QoS,default,class_size_desc,3,0,1.0,1078,L6,0.5760845132127057,0.5760845132127057,37,579,3.6,0.3449225548017372,38,1.0375726497563904,0.7076923076923077,27,154,0.0,49.507064999943395,1.0,0.8960396039603961,0.2668182071436338,0.0,0.0,0.0,456.98089475670326
2100,2100,uplink,1.5,S1,default,class_size_desc,3,0,1.0,1078,L6,0.8256029684601113,0.8256029684601113,0,0,1.0,0.32382044560943646,51,1.2142322097378278,0.9916666666666667,49,203,0.0,165.1696900000843,1.0,0.9158415841584159,0.7279151943462897,0.0,63.0,125.0,0.0
2100,2100,uplink,1.5,S2,default,class_size_desc,3,0,1.0,1078,L6,0.9053803339517625,0.9053803339517625,0,0,1.0,0.3939537750880169,66,1.3189890710382515,0.9930555555555556,61,272,0.0,98.5947550000219,1.0,0.9876237623762376,0.8286219081272085,0.0,101.0,1.0,0.0
2100,2100,uplink,2.0,S0,default,class_size_desc,3,0,1.0,1358,L6,0.4557746193530727,0.4557746193530727,38,1058,4.6,0.43483788194176753,41,1.0376987437531753,0.7145833333333333,27,196,0.0,35.81010800007789,0.45203648843612326,0.4601305066358979,0.4534101699152988,0.0,0.0,0.0,739.0580669185273
2100,2100,uplink,2.0,S0-QoS,default,class_size_desc,3,0,1.0,1358,L6,0.453897206421766,0.453897206421766,38,1058,4.6,0.43483788194176753,41,1.0378546735716778,0.7207678883071553,27,196,0.0,34.140898000032394,1.0,0.7984189723320159,0.10419104526716845,0.0,0.0,0.0,741.6075936792417
2100,2100,uplink,2.0,S1,default,class_size_desc,3,0,1.0,1358,L6,0.7584683357879234,0.7584683357879234,0,0,1.0,0.4060035849202066,70,1.3158576051779936,1.0666666666666667,65,288,0.0,126.14409100001467,1.0,0.9407114624505929,0.5826330532212886,0.0,218.0,110.0,0.0
2100,2100,uplink,2.0,S2,default,class_size_desc,3,0,1.0,1358,L6,0.7776141384388807,0.7776141384388807,0,0,1.0,0.42787119985608923,80,1.341540404040404,1.0,62,296,0.0,115.41126299994175,1.0,0.9723320158102767,0.5966386554621849,0.0,302.0,0.0,0.0
2100,2100,multi,0.5,S0,default,class_size_desc,3,0,1.0,399,L17;L37;L60,0.9874686716791979,0.9874686716791979,3,5,1.3,0.12199277795230241,4,1.0,nan,0,0,0.0,30.304483000008986,0.9953379953379954,0.986013986013986,0.987051226285676,0.0,0.0,0.0,5.000000000000002
2100,2100,multi,0.5,S0-QoS,default,class_size_desc,3,0,1.0,399,L17;L37;L60,0.9874686716791979,0.9874686716791979,3,5,1.3,0.12199277795230241,4,1.0,nan,0,0,0.0,29.316891000007672,1.0,1.0,0.9760765550239234,0.0,0.0,0.0,5.0
2100,2100,multi,0.5,S1,default,class_size_desc,3,0,1.0,399,L17;L37;L60,0.9974937343358395,0.9974937343358395,0,0,1.0,0.12067557069556795,4,1.0,nan,0,0,0.0,53.28782600008708,1.0,1.0,0.9952153110047847,0.0,1.0,0.0,0.0
2100,2100,multi,0.5,S2,default,class_size_desc,3,0,1.0,399,L17;L37;L60,0.9974937343358395,0.9974937343358395,0,0,1.0,0.12067557069556795,4,1.0,nan,0,0,0.0,50.053669999897465,1.0,1.0,0.9952153110047847,0.0,1.0,0.0,0.0
2100,2100,multi,0.75,S0,default,class_size_desc,3,0,1.0,551,L17;L37;L60,0.9437386569872959,0.9437386569872959,7,31,1.8,0.16839278515144376,11,1.0,nan,0,0,0.0,30.33909800001311,0.9411255411255411,0.938971321217698,0.9476506288790025,0.0,0.0,0.0,31.0
2100,2100,multi,0.75,S0-QoS,default,class_size_desc,3,0,1.0,551,L17;L37;L60,0.9437386569872959,0.9437386569872959,7,31,1.8,0.16839278515144376,11,1.0,nan,0,0,0.0,28.82969699999194,1.0,1.0,0.8927335640138409,0.0,0.0,0.0,31.0
2100,2100,multi,0.75,S1,default,class_size_desc,3,0,1.0,551,L17;L37;L60,0.9818511796733213,0.9818511796733213,0,0,1.0,0.1609907425587057,11,1.0049291435613061,nan,0,0,0.0,56.18812500006243,1.0,1.0,0.9653979238754326,0.0,7.0,3.0,0.0
2100,2100,multi,0.75,S2,default,class_size_desc,3,0,1.0,551,L17;L37;L60,0.9872958257713249,0.9872958257713249,0,0,1.0,0.16179331265216368,11,1.0049019607843137,nan,0,0,0.0,53.78837500006739,1.0,1.0,0.9757785467128027,0.0,7.0,0.0,0.0
2100,2100,multi,1.0,S0,default,class_size_desc,3,0,1.0,679,L17;L37;L60,0.8762886597938144,0.8762886597938144,17,84,2.2,0.20770714547501243,23,1.0,nan,0,0,0.0,33.48783399997046,0.8553330970204913,0.8721073163100641,0.8833021436390472,0.0,0.0,0.0,84.0
2100,2100,multi,1.0,S0-QoS,default,class_size_desc,3,0,1.0,679,L17;L37;L60,0.8762886597938144,0.8762886597938144,17,84,2.2,0.20770714547501243,23,1.0,nan,0,0,0.0,31.401260999928127,1.0,0.9881422924901185,0.773109243697479,0.0,0.0,0.0,84.0
2100,2100,multi,1.0,S1,default,class_size_desc,3,0,1.0,679,L17;L37;L60,0.9337260677466863,0.9337260677466863,0,0,1.0,0.18806171954763215,23,1.0115667718191377,nan,0,0,0.0,65.4521090000344,1.0,0.9881422924901185,0.8823529411764706,0.0,14.0,31.0,0.0
2100,2100,multi,1.0,S2,default,class_size_desc,3,0,1.0,679,L17;L37;L60,0.979381443298969,0.979381443298969,0,0,1.0,0.20190697727689205,24,1.0315789473684212,1.0,1,3,0.0,56.38061700005892,1.0,1.0,0.9607843137254902,0.0,14.0,0.0,0.0
2100,2100,multi,1.0,S2,lambda=0.5xmean,class_size_desc,3,1,1.0,679,L17;L37;L60,0.979381443298969,0.979381443298969,0,0,1.0,0.23881734796722429,8,1.213032581453634,1.0,11,41,0.0,55.084806999957436,1.0,1.0,0.9607843137254902,0.0,14.0,0.0,0.0
2100,2100,multi,1.0,S2,lambda=1xmean,class_size_desc,3,2,1.0,679,L17;L37;L60,0.979381443298969,0.979381443298969,0,0,1.0,0.26140962459750255,8,1.281203007518797,1.0,11,40,0.0,55.71034900003724,1.0,1.0,0.9607843137254902,0.0,14.0,0.0,0.0
2100,2100,multi,1.0,S2,lambda=2xmean,class_size_desc,3,4,1.0,679,L17;L37;L60,0.979381443298969,0.979381443298969,0,0,1.0,0.2734555878426137,6,1.324812030075188,1.0,16,58,0.0,58.20235300006971,1.0,1.0,0.9607843137254902,0.0,14.0,0.0,0.0
2100,2100,multi,1.0,S2,max_paths=1,class_size_desc,1,0,1.0,679,L17;L37;L60,0.9440353460972017,0.9440353460972017,0,0,1.0,0.19197460339275899,23,1.0208008320332813,1.0,1,3,0.0,62.07598800006053,1.0,0.9881422924901185,0.9019607843137255,0.0,14.0,24.0,0.0
2100,2100,multi,1.0,S2,max_paths=2,class_size_desc,2,0,1.0,679,L17;L37;L60,0.979381443298969,0.979381443298969,0,0,1.0,0.20190697727689205,24,1.0315789473684212,1.0,1,3,0.0,57.9268859999047,1.0,1.0,0.9607843137254902,0.0,14.0,0.0,0.0
2100,2100,multi,1.0,S2,max_paths=4,class_size_desc,4,0,1.0,679,L17;L37;L60,0.979381443298969,0.979381443298969,0,0,1.0,0.20190697727689205,24,1.0315789473684212,1.0,1,3,0.0,54.5756019998862,1.0,1.0,0.9607843137254902,0.0,14.0,0.0,0.0
2100,2100,multi,1.0,S2,order=arrival,arrival,3,0,1.0,679,L17;L37;L60,0.979381443298969,0.979381443298969,0,0,1.0,0.20190697727689205,24,1.0315789473684212,1.0,1,3,0.0,52.504316999829825,1.0,1.0,0.9607843137254902,0.0,14.0,0.0,0.0
2100,2100,multi,1.0,S2,order=class_size_asc,class_size_asc,3,0,1.0,679,L17;L37;L60,0.979381443298969,0.979381443298969,0,0,1.0,0.20190697727689205,24,1.0315789473684212,1.0,1,3,0.0,51.55479599989121,1.0,1.0,0.9607843137254902,0.0,14.0,0.0,0.0
2100,2100,multi,1.0,S2,util_cap=0.9,class_size_desc,3,0,0.9,679,L17;L37;L60,0.9720176730486009,0.9720176730486009,0,0,0.9,0.20464314183617371,0,1.052020202020202,1.0,2,5,0.0,56.70490499983316,1.0,1.0,0.9467787114845938,0.0,19.0,0.0,0.0
2100,2100,multi,1.25,S0,default,class_size_desc,3,0,1.0,853,L17;L37;L60,0.7559709545224421,0.7559709545224421,28,219,2.7,0.2608800917563287,34,1.0,nan,0,0,0.0,30.89564199990491,0.7265986384958263,0.7550502304424296,0.7624887266834574,0.0,0.0,0.0,208.15677579235685
2100,2100,multi,1.25,S0-QoS,default,class_size_desc,3,0,1.0,853,L17;L37;L60,0.7558144808030556,0.7558144808030556,28,219,2.7,0.2608800917563287,34,1.0,nan,0,0,0.0,30.06088600000112,1.0,0.9528301886792453,0.5666137940022564,0.0,0.0,0.0,208.29024787499364
2100,2100,multi,1.25,S1,default,class_size_desc,3,0,1.0,853,L17;L37;L60,0.9097303634232122,0.9097303634232122,0,0,1.0,0.24182485470823845,34,1.0584192439862543,1.0,1,6,0.0,77.57977299979757,1.0,0.9716981132075472,0.8475336322869955,0.0,30.0,47.0,0.0
2100,2100,multi,1.25,S2,default,class_size_desc,3,0,1.0,853,L17;L37;L60,0.9613130128956624,0.9613130128956624,0,0,1.0,0.2619251681981204,37,1.0800813008130081,1.0,2,8,0.0,60.22948500003622,1.0,0.9937106918238994,0.9304932735426009,0.0,33.0,0.0,0.0
2100,2100,multi,1.5,S0,default,class_size_desc,3,0,1.0,1078,L17;L37;L60,0.6033740196091048,0.6033740196091048,38,583,3.5,0.32969992342731486,38,1.0,nan,0,0,0.0,30.068991000007372,0.5870310533089725,0.6035614276160476,0.6063586972161885,0.0,0.0,0.0,427.56280686138507
2100,2100,multi,1.5,S0-QoS,default,class_size_desc,3,0,1.0,1078,L17;L37;L60,0.6029055182945803,0.6029055182945803,38,583,3.5,0.32969992342731486,38,1.0,nan,0,0,0.0,52.06609500010018,1.0,0.9084158415841584,0.30906740056812293,0.0,0.0,0.0,428.0678512784424
2100,2100,multi,1.5,S1,default,class_size_desc,3,0,1.0,1078,L17;L37;L60,0.8385899814471243,0.8385899814471243,0,0,1.0,0.2983322469174586,45,1.1183628318584071,1.0,7,28,0.0,101.22034899995924,1.0,0.9282178217821783,0.7438162544169611,0.0,68.0,106.0,0.0
2100,2100,multi,1.5,S2,default,class_size_desc,3,0,1.0,1078,L17;L37;L60,0.9183673469387755,0.9183673469387755,0,0,1.0,0.3429442851907118,53,1.171043771043771,0.9166666666666666,10,35,0.0,72.34607799978221,1.0,0.9876237623762376,0.8533568904593639,0.0,88.0,0.0,0.0
2100,2100,multi,2.0,S0,default,class_size_desc,3,0,1.0,1358,L17;L37;L60,0.47636311984900004,0.47636311984900004,38,1090,4.4,0.41541429095002486,41,1.0,nan,0,0,0.0,30.423767000002044,0.4639782216511484,0.47578091527847505,0.4791694384260157,0.0,0.0,0.0,711.0988832450579
2100,2100,multi,2.0,S0-QoS,default,class_size_desc,3,0,1.0,1358,L17;L37;L60,0.4738667528634425,0.4738667528634425,38,1090,4.4,0.41541429095002486,41,1.0,nan,0,0,0.0,38.221460999920964,1.0,0.8221343873517787,0.1253656167906931,0.0,0.0,0.0,714.4889496114452
2100,2100,multi,2.0,S1,default,class_size_desc,3,0,1.0,1358,L17;L37;L60,0.7820324005891016,0.7820324005891016,0,0,1.0,0.37507504123144586,63,1.204645323289391,1.0,8,30,0.0,146.9363250000697,1.0,0.9407114624505929,0.6274509803921569,0.0,174.0,122.0,0.0
2100,2100,multi,2.0,S2,default,class_size_desc,3,0,1.0,1358,L17;L37;L60,0.8247422680412371,0.8247422680412371,0,0,1.0,0.40536218225608,73,1.2386904761904762,1.0,6,28,0.0,99.2783970000346,1.0,0.9723320158102767,0.6862745098039216,0.0,238.0,0.0,0.0
2100,2100,recovered,0.5,S0,default,class_size_desc,3,0,1.0,399,,0.9874686716791979,0.9874686716791979,3,5,1.3,0.1186657021899669,4,1.0,nan,11,23,0.0,30.59551899991675,0.9953379953379954,0.986013986013986,0.987051226285676,0.0,0.0,0.0,5.000000000000002
2100,2100,recovered,0.5,S0-QoS,default,class_size_desc,3,0,1.0,399,,0.9874686716791979,0.9874686716791979,3,5,1.3,0.1186657021899669,4,1.0,nan,11,23,0.0,31.342429999995147,1.0,1.0,0.9760765550239234,0.0,0.0,0.0,5.0
2100,2100,recovered,0.5,S1,default,class_size_desc,3,0,1.0,399,,0.9974937343358395,0.9974937343358395,0,0,1.0,0.117384418767507,4,1.0,nan,11,23,0.0,50.31037300000207,1.0,1.0,0.9952153110047847,0.0,1.0,0.0,0.0
2100,2100,recovered,0.5,S2,default,class_size_desc,3,0,1.0,399,,0.9974937343358395,0.9974937343358395,0,0,1.0,0.117384418767507,4,1.0,nan,11,23,0.0,52.98053000001346,1.0,1.0,0.9952153110047847,0.0,1.0,0.0,0.0
2100,2100,recovered,0.75,S0,default,class_size_desc,3,0,1.0,551,,0.9437386569872959,0.9437386569872959,7,31,1.8,0.16380025464731346,11,1.0,nan,11,32,0.0,31.151080999961778,0.9411255411255411,0.938971321217698,0.9476506288790025,0.0,0.0,0.0,31.0
2100,2100,recovered,0.75,S0-QoS,default,class_size_desc,3,0,1.0,551,,0.9437386569872959,0.9437386569872959,7,31,1.8,0.16380025464731346,11,1.0,nan,11,32,0.0,30.002426999999443,1.0,1.0,0.8927335640138409,0.0,0.0,0.0,31.0
2100,2100,recovered,0.75,S1,default,class_size_desc,3,0,1.0,551,,0.9818511796733213,0.9818511796733213,0,0,1.0,0.1566000859434683,11,1.0049291435613061,nan,11,32,0.0,52.79320900012863,1.0,1.0,0.9653979238754326,0.0,7.0,3.0,0.0
2100,2100,recovered,0.75,S2,default,class_size_desc,3,0,1.0,551,,0.9872958257713249,0.9872958257713249,0,0,1.0,0.1573807677616501,11,1.0049019607843137,nan,11,32,0.0,51.612794999982725,1.0,1.0,0.9757785467128027,0.0,7.0,0.0,0.0
2100,2100,recovered,1.0,S0,default,class_size_desc,3,0,1.0,679,,0.8762886597938144,0.8762886597938144,17,84,2.2,0.20204240514387573,23,1.0,nan,11,40,0.0,30.284966999943208,0.8553330970204913,0.8721073163100641,0.8833021436390472,0.0,0.0,0.0,84.0
2100,2100,recovered,1.0,S0-QoS,default,class_size_desc,3,0,1.0,679,,0.8762886597938144,0.8762886597938144,17,84,2.2,0.20204240514387573,23,1.0,nan,11,40,0.0,37.68687799993131,1.0,0.9881422924901185,0.773109243697479,0.0,0.0,0.0,84.0
2100,2100,recovered,1.0,S1,default,class_size_desc,3,0,1.0,679,,0.9337260677466863,0.9337260677466863,0,0,1.0,0.18293276355996943,23,1.0115667718191377,nan,11,35,0.0,68.52698500006227,1.0,0.9881422924901185,0.8823529411764706,0.0,14.0,31.0,0.0
2100,2100,recovered,1.0,S2,default,class_size_desc,3,0,1.0,679,,0.979381443298969,0.979381443298969,0,0,1.0,0.19634912464985996,24,1.0300751879699248,nan,11,40,0.0,55.22367599996869,1.0,1.0,0.9607843137254902,0.0,14.0,0.0,0.0
2100,2100,recovered,1.0,S2,lambda=0.5xmean,class_size_desc,3,1,1.0,679,,0.979381443298969,0.979381443298969,0,0,1.0,0.23440703781512606,9,1.2160401002506265,nan,23,79,0.0,55.39642000007916,1.0,1.0,0.9607843137254902,0.0,14.0,0.0,0.0
2100,2100,recovered,1.0,S2,lambda=1xmean,class_size_desc,3,2,1.0,679,,0.979381443298969,0.979381443298969,0,0,1.0,0.25852250127323656,8,1.287719298245614,nan,36,125,0.0,59.98532600006001,1.0,1.0,0.9607843137254902,0.0,14.0,0.0,0.0
2100,2100,recovered,1.0,S2,lambda=2xmean,class_size_desc,3,4,1.0,679,,0.979381443298969,0.979381443298969,0,0,1.0,0.26801306659027246,6,1.32531328320802,nan,32,106,0.0,65.7176569998228,1.0,1.0,0.9607843137254902,0.0,14.0,0.0,0.0
2100,2100,recovered,1.0,S2,max_paths=1,class_size_desc,1,0,1.0,679,,0.9440353460972017,0.9440353460972017,0,0,1.0,0.18668763368983957,23,1.0192407696307852,nan,11,40,0.0,87.88325699993038,1.0,0.9881422924901185,0.9019607843137255,0.0,14.0,24.0,0.0
2100,2100,recovered,1.0,S2,max_paths=2,class_size_desc,2,0,1.0,679,,0.979381443298969,0.979381443298969,0,0,1.0,0.19634912464985996,24,1.0300751879699248,nan,11,40,0.0,54.84157000000778,1.0,1.0,0.9607843137254902,0.0,14.0,0.0,0.0
2100,2100,recovered,1.0,S2,max_paths=4,class_size_desc,4,0,1.0,679,,0.979381443298969,0.979381443298969,0,0,1.0,0.19634912464985996,24,1.0300751879699248,nan,11,40,0.0,53.61073199992461,1.0,1.0,0.9607843137254902,0.0,14.0,0.0,0.0
2100,2100,recovered,1.0,S2,order=arrival,arrival,3,0,1.0,679,,0.979381443298969,0.979381443298969,0,0,1.0,0.19634912464985996,24,1.0300751879699248,nan,11,40,0.0,53.98805999993783,1.0,1.0,0.9607843137254902,0.0,14.0,0.0,0.0
2100,2100,recovered,1.0,S2,order=class_size_asc,class_size_asc,3,0,1.0,679,,0.979381443298969,0.979381443298969,0,0,1.0,0.19634912464985996,24,1.0300751879699248,nan,11,40,0.0,52.69778000001679,1.0,1.0,0.9607843137254902,0.0,14.0,0.0,0.0
2100,2100,recovered,1.0,S2,util_cap=0.9,class_size_desc,3,0,0.9,679,,0.9720176730486009,0.9720176730486009,0,0,0.9,0.19897646740514388,0,1.0494949494949495,nan,11,40,0.0,55.39583000017956,1.0,1.0,0.9467787114845938,0.0,19.0,0.0,0.0
2100,2100,recovered,1.25,S0,default,class_size_desc,3,0,1.0,853,,0.7559709545224421,0.7559709545224421,28,219,2.7,0.2537651801629743,34,1.0,nan,11,50,0.0,30.251452999891626,0.7265986384958263,0.7550502304424296,0.7624887266834574,0.0,0.0,0.0,208.15677579235685
2100,2100,recovered,1.25,S0-QoS,default,class_size_desc,3,0,1.0,853,,0.7558144808030556,0.7558144808030556,28,219,2.7,0.2537651801629743,34,1.0,nan,11,50,0.0,30.721846000005826,1.0,0.9528301886792453,0.5666137940022564,0.0,0.0,0.0,208.29024787499364
2100,2100,recovered,1.25,S1,default,class_size_desc,3,0,1.0,853,,0.9097303634232122,0.9097303634232122,0,0,1.0,0.23512703399541635,34,1.0558419243986255,nan,11,46,0.0,87.98900499982665,1.0,0.9716981132075472,0.8475336322869955,0.0,30.0,47.0,0.0
2100,2100,recovered,1.25,S2,default,class_size_desc,3,0,1.0,853,,0.9613130128956624,0.9613130128956624,0,0,1.0,0.25464495798319325,37,1.076829268292683,nan,15,54,0.0,68.98223999996844,1.0,0.9937106918238994,0.9304932735426009,0.0,33.0,0.0,0.0
2100,2100,recovered,1.5,S0,default,class_size_desc,3,0,1.0,1078,,0.6033740196091048,0.6033740196091048,38,583,3.5,0.32070810733384264,38,1.0,nan,11,63,0.0,29.57645800006503,0.5870310533089725,0.6035614276160476,0.6063586972161885,0.0,0.0,0.0,427.56280686138507
2100,2100,recovered,1.5,S0-QoS,default,class_size_desc,3,0,1.0,1078,,0.6029055182945803,0.6029055182945803,38,583,3.5,0.32070810733384264,38,1.0,nan,11,63,0.0,29.310839999880045,1.0,0.9084158415841584,0.30906740056812293,0.0,0.0,0.0,428.0678512784424
2100,2100,recovered,1.5,S1,default,class_size_desc,3,0,1.0,1078,,0.8358070500927643,0.8358070500927643,0,0,1.0,0.2883277183600713,46,1.1095079541250463,nan,20,80,0.0,115.07876899986513,1.0,0.9282178217821783,0.7385159010600707,0.0,62.0,115.0,0.0
2100,2100,recovered,1.5,S2,default,class_size_desc,3,0,1.0,1078,,0.924860853432282,0.924860853432282,0,0,1.0,0.3360739050165521,51,1.1668338348378469,nan,29,128,0.0,75.53617099983967,1.0,0.9876237623762376,0.8657243816254417,0.0,81.0,0.0,0.0
2100,2100,recovered,2.0,S0,default,class_size_desc,3,0,1.0,1358,,0.47636311984900004,0.47636311984900004,38,1090,4.4,0.40408481028775145,41,1.0,nan,11,80,0.0,29.44261699985873,0.4639782216511484,0.47578091527847505,0.4791694384260157,0.0,0.0,0.0,711.0988832450579
2100,2100,recovered,2.0,S0-QoS,default,class_size_desc,3,0,1.0,1358,,0.4738667528634425,0.4738667528634425,38,1090,4.4,0.40408481028775145,41,1.0,nan,11,80,0.0,33.351628000218625,1.0,0.8221343873517787,0.1253656167906931,0.0,0.0,0.0,714.4889496114452
2100,2100,recovered,2.0,S1,default,class_size_desc,3,0,1.0,1358,,0.792341678939617,0.792341678939617,0,0,1.0,0.37066818181818184,64,1.2026022304832713,nan,24,126,0.0,127.48352300013721,1.0,0.9407114624505929,0.6470588235294118,0.0,158.0,124.0,0.0
2100,2100,recovered,2.0,S2,default,class_size_desc,3,0,1.0,1358,,0.833578792341679,0.833578792341679,0,0,1.0,0.3994426788897377,74,1.234982332155477,nan,22,138,0.0,109.71392800001922,1.0,0.9723320158102767,0.7030812324929971,0.0,226.0,0.0,0.0
2200,2200,healthy,0.5,S0,default,class_size_desc,3,0,1.0,370,,0.9783783783783784,0.9783783783783784,5,8,1.3,0.11994418434230346,5,1.0,nan,0,0,0.0,31.92291799996383,0.9565850815850816,0.9822445487002449,0.9788591038591039,0.0,0.0,0.0,8.000000000000002
2200,2200,healthy,0.5,S0-QoS,default,class_size_desc,3,0,1.0,370,,0.9783783783783784,0.9783783783783784,5,8,1.3,0.11994418434230346,5,1.0,nan,0,0,0.0,31.29480000006879,1.0,1.0,0.9555555555555556,0.0,0.0,0.0,8.0
2200,2200,healthy,0.5,S1,default,class_size_desc,3,0,1.0,370,,0.9864864864864865,0.9864864864864865,0,0,1.0,0.1170805479786671,5,1.0,nan,0,0,0.0,63.45409200002905,1.0,1.0,0.9722222222222222,0.0,0.0,5.0,0.0
2200,2200,healthy,0.5,S2,default,class_size_desc,3,0,1.0,370,,1.0,1.0,0,0,1.0,0.11840358126721763,5,1.0,nan,0,0,0.0,64.68608299996959,1.0,1.0,1.0,0.0,0.0,0.0,0.0
2200,2200,healthy,0.75,S0,default,class_size_desc,3,0,1.0,538,,0.895910780669145,0.895910780669145,11,56,1.9,0.1759813248924534,11,1.0,nan,0,0,0.0,39.33619099984753,0.8501534585125916,0.9073073106024102,0.8939260709029558,0.0,0.0,0.0,56.0
2200,2200,healthy,0.75,S0-QoS,default,class_size_desc,3,0,1.0,538,,0.895910780669145,0.895910780669145,11,56,1.9,0.1759813248924534,11,1.0,nan,0,0,0.0,34.232530000053885,1.0,0.9955947136563876,0.793233082706767,0.0,0.0,0.0,56.0
2200,2200,healthy,0.75,S1,default,class_size_desc,3,0,1.0,538,,0.9609665427509294,0.9609665427509294,0,0,1.0,0.15924965259400997,11,1.0,nan,0,0,0.0,67.14935300010438,1.0,0.9955947136563876,0.924812030075188,0.0,7.0,14.0,0.0
2200,2200,healthy,0.75,S2,default,class_size_desc,3,0,1.0,538,,0.9869888475836431,0.9869888475836431,0,0,1.0,0.16296909579448765,11,1.0,nan,0,0,0.0,71.64317000001574,1.0,1.0,0.9736842105263158,0.0,7.0,0.0,0.0
2200,2200,healthy,1.0,S0,default,class_size_desc,3,0,1.0,654,,0.8532110091743119,0.8532110091743119,14,96,2.4,0.21336375239180883,22,1.0,nan,0,0,0.0,42.24694999993517,0.7788188730217716,0.8668227361027596,0.8539349696281278,0.0,0.0,0.0,96.0
2200,2200,healthy,1.0,S0-QoS,default,class_size_desc,3,0,1.0,654,,0.8532110091743119,0.8532110091743119,14,96,2.4,0.21336375239180883,22,1.0,nan,0,0,0.0,32.243258999869795,1.0,0.9712230215827338,0.7267080745341615,0.0,0.0,0.0,96.0
2200,2200,healthy,1.0,S1,default,class_size_desc,3,0,1.0,654,,0.9480122324159022,0.9480122324159022,0,0,1.0,0.18642416778623674,22,1.0,nan,0,0,0.0,65.32354800015128,1.0,0.9820143884892086,0.9099378881987578,0.0,13.0,21.0,0.0
2200,2200,healthy,1.0,S2,default,class_size_desc,3,0,1.0,654,,0.9801223241590215,0.9801223241590215,0,0,1.0,0.19331604717121958,22,1.0062402496099845,nan,0,0,0.0,59.68068500010304,1.0,0.9928057553956835,0.9658385093167702,0.0,13.0,0.0,0.0
2200,2200,healthy,1.0,S2,lambda=0.5xmean,class_size_desc,3,1,1.0,654,,0.9801223241590215,0.9801223241590215,0,0,1.0,0.22518927655416685,4,1.1918876755070202,nan,0,0,0.0,59.61826800012204,1.0,0.9928057553956835,0.9658385093167702,0.0,13.0,0.0,0.0
2200,2200,healthy,1.0,S2,lambda=1xmean,class_size_desc,3,2,1.0,654,,0.9801223241590215,0.9801223241590215,0,0,1.0,0.23771267692599982,3,1.2428497139885595,nan,0,0,0.0,57.40078999997422,1.0,0.9928057553956835,0.9658385093167702,0.0,13.0,0.0,0.0
2200,2200,healthy,1.0,S2,lambda=2xmean,class_size_desc,3,4,1.0,654,,0.9801223241590215,0.9801223241590215,0,0,1.0,0.25522847100652746,3,1.296411856474259,nan,0,0,0.0,70.12424100003045,1.0,0.9928057553956835,0.9658385093167702,0.0,13.0,0.0,0.0
2200,2200,healthy,1.0,S2,max_paths=1,class_size_desc,1,0,1.0,654,,0.9495412844036697,0.9495412844036697,0,0,1.0,0.18685452306314376,22,1.0010735373054214,nan,0,0,0.0,72.33314399991286,1.0,0.9820143884892086,0.9130434782608695,0.0,13.0,20.0,0.0
2200,2200,healthy,1.0,S2,max_paths=2,class_size_desc,2,0,1.0,654,,0.9801223241590215,0.9801223241590215,0,0,1.0,0.19331604717121958,22,1.0062402496099845,nan,0,0,0.0,54.16824799999631,1.0,0.9928057553956835,0.9658385093167702,0.0,13.0,0.0,0.0
2200,2200,healthy,1.0,S2,max_paths=4,class_size_desc,4,0,1.0,654,,0.9801223241590215,0.9801223241590215,0,0,1.0,0.19331604717121958,22,1.0062402496099845,nan,0,0,0.0,57.69516200007274,1.0,0.9928057553956835,0.9658385093167702,0.0,13.0,0.0,0.0
2200,2200,healthy,1.0,S2,order=arrival,arrival,3,0,1.0,654,,0.9801223241590215,0.9801223241590215,0,0,1.0,0.19331604717121958,22,1.0062402496099845,nan,0,0,0.0,54.554681999889,1.0,0.9928057553956835,0.9658385093167702,0.0,13.0,0.0,0.0
2200,2200,healthy,1.0,S2,order=class_size_asc,class_size_asc,3,0,1.0,654,,0.9801223241590215,0.9801223241590215,0,0,1.0,0.19331604717121958,22,1.0062402496099845,nan,0,0,0.0,57.45798700013438,1.0,0.9928057553956835,0.9658385093167702,0.0,13.0,0.0,0.0
2200,2200,healthy,1.0,S2,util_cap=0.9,class_size_desc,3,0,0.9,654,,0.9770642201834863,0.9770642201834863,0,0,0.9,0.19372223262630786,0,1.0198226395409493,nan,0,0,0.0,60.910462000038024,1.0,0.9856115107913669,0.9658385093167702,0.0,15.0,0.0,0.0
2200,2200,healthy,1.25,S0,default,class_size_desc,3,0,1.0,843,,0.7259786476868327,0.7259786476868327,30,232,3.1,0.27547189675528233,32,1.0,nan,0,0,0.0,31.970157000159816,0.6360413558231836,0.7356937213234682,0.732543136536504,0.0,0.0,0.0,231.0
2200,2200,healthy,1.25,S0-QoS,default,class_size_desc,3,0,1.0,843,,0.7259786476868327,0.7259786476868327,30,232,3.1,0.27547189675528233,32,1.0,nan,0,0,0.0,31.66233000001739,1.0,0.9187675070028011,0.5155875299760192,0.0,0.0,0.0,231.0
2200,2200,healthy,1.25,S1,default,class_size_desc,3,0,1.0,843,,0.9086595492289442,0.9086595492289442,0,0,1.0,0.23603975627298512,34,1.0382941688424716,nan,0,0,0.0,76.8715050000992,1.0,0.9523809523809523,0.8561151079136691,0.0,22.0,55.0,0.0
2200,2200,healthy,1.25,S2,default,class_size_desc,3,0,1.0,843,,0.9739027283511269,0.9739027283511269,0,0,1.0,0.2570449476855433,36,1.058465286236297,nan,0,0,0.0,62.85979800009045,1.0,0.9747899159663865,0.9688249400479616,0.0,22.0,0.0,0.0
2200,2200,healthy,1.5,S0,default,class_size_desc,3,0,1.0,1024,,0.6195238330696202,0.6195238330696202,36,435,3.7,0.3333079367341123,38,1.0,nan,0,0,0.0,33.28154699988772,0.5361557800243025,0.6297607676416288,0.6249149667120537,0.0,0.0,0.0,389.60759493670884
2200,2200,healthy,1.5,S0-QoS,default,class_size_desc,3,0,1.0,1024,,0.6196457435344828,0.6196457435344828,36,435,3.7,0.3333079367341123,38,1.0,nan,0,0,0.0,40.477611999904184,1.0,0.8784403669724771,0.32971562027751067,0.0,0.0,0.0,389.48275862068965
2200,2200,healthy,1.5,S1,default,class_size_desc,3,0,1.0,1024,,0.876953125,0.876953125,0,0,1.0,0.2855997713362917,45,1.0835189309576838,nan,0,0,0.0,87.02629999993405,1.0,0.9105504587155964,0.8266932270916335,0.0,34.0,92.0,0.0
2200,2200,healthy,1.5,S2,default,class_size_desc,3,0,1.0,1024,,0.95703125,0.95703125,0,0,1.0,0.3255382004098305,53,1.132312925170068,nan,0,0,0.0,65.96990000002734,1.0,0.9701834862385321,0.9382470119521913,0.0,44.0,0.0,0.0
2200,2200,healthy,2.0,S0,default,class_size_desc,3,0,1.0,1308,,0.48598442629508076,0.48598442629508076,41,854,4.8,0.42672750478361765,41,1.0,nan,0,0,0.0,31.17208000003302,0.4174635579471345,0.49167592400639454,0.49256172606850895,0.0,0.0,0.0,672.3323704060343
2200,2200,healthy,2.0,S0-QoS,default,class_size_desc,3,0,1.0,1308,,0.48642135354341176,0.48642135354341176,41,854,4.8,0.42672750478361765,41,1.0,nan,0,0,0.0,31.063247000020056,0.9814814814814815,0.7697841726618705,0.15875641371860655,0.0,0.0,0.0,671.7608695652174
2200,2200,healthy,2.0,S1,default,class_size_desc,3,0,1.0,1308,,0.8103975535168195,0.8103975535168195,0,0,1.0,0.36077810799440896,66,1.1735849056603773,nan,0,0,2.0,142.4968890000855,0.9814814814814815,0.8489208633093526,0.7484472049689441,0.0,112.0,136.0,0.0
2200,2200,healthy,2.0,S2,default,class_size_desc,3,0,1.0,1308,,0.8761467889908257,0.8761467889908257,0,0,1.0,0.4171277856939299,77,1.244909831297266,nan,0,0,0.0,115.33681300011267,1.0,0.9568345323741008,0.7857142857142857,0.0,162.0,0.0,0.0
2200,2200,uplink,0.5,S0,default,class_size_desc,3,0,1.0,370,L6,0.9729729729729729,0.9729729729729729,7,10,1.3,0.12594978848000044,7,1.0314814814814814,0.9444444444444444,21,36,0.0,31.213999000101467,0.9480623543123543,0.9770661827623853,0.9738085988085988,0.0,0.0,0.0,10.000000000000002
2200,2200,uplink,0.5,S0-QoS,default,class_size_desc,3,0,1.0,370,L6,0.972972972972973,0.972972972972973,7,10,1.3,0.12594978848000044,7,1.0314814814814814,0.9444444444444444,21,36,0.0,30.629402000158734,1.0,1.0,0.9444444444444444,0.0,0.0,0.0,10.0
2200,2200,uplink,0.5,S1,default,class_size_desc,3,0,1.0,370,L6,0.9837837837837838,0.9837837837837838,0,0,1.0,0.12256752548305855,7,1.034798534798535,0.9743589743589743,23,38,0.0,56.29242100008014,1.0,1.0,0.9666666666666667,0.0,0.0,6.0,0.0
2200,2200,uplink,0.5,S2,default,class_size_desc,3,0,1.0,370,L6,1.0,1.0,0,0,1.0,0.12426049485682514,7,1.0360360360360361,1.0,24,40,0.0,51.755132000153026,1.0,1.0,1.0,0.0,0.0,0.0,0.0
2200,2200,uplink,0.75,S0,default,class_size_desc,3,0,1.0,538,L6,0.8754646840148699,0.8754646840148699,13,67,1.9,0.1846050067722007,13,1.029723991507431,0.7924528301886793,21,53,0.0,31.464197999866883,0.8103386436977769,0.8871164148608537,0.876538852857843,0.0,0.0,0.0,67.0
2200,2200,uplink,0.75,S0-QoS,default,class_size_desc,3,0,1.0,538,L6,0.8754646840148699,0.8754646840148699,13,67,1.9,0.1846050067722007,13,1.029723991507431,0.7924528301886793,21,53,0.0,39.24881800003277,1.0,0.9955947136563876,0.7518796992481203,0.0,0.0,0.0,67.0
2200,2200,uplink,0.75,S1,default,class_size_desc,3,0,1.0,538,L6,0.9516728624535316,0.9516728624535316,0,0,1.0,0.16493390017132503,13,1.0384114583333333,0.921875,25,59,0.0,61.63135399992825,1.0,0.9955947136563876,0.9060150375939849,0.0,7.0,19.0,0.0
2200,2200,uplink,0.75,S2,default,class_size_desc,3,0,1.0,538,L6,0.9869888475836431,0.9869888475836431,0,0,1.0,0.17047645752960527,13,1.0433145009416196,1.0,28,69,0.0,53.7846280001304,1.0,1.0,0.9736842105263158,0.0,7.0,0.0,0.0
2200,2200,uplink,1.0,S0,default,class_size_desc,3,0,1.0,654,L6,0.8256880733944955,0.8256880733944955,16,114,2.4,0.22382886327002113,22,1.0277777777777777,0.7142857142857143,21,63,0.0,30.64206599992758,0.7261872940744032,0.8395603354969285,0.830397865999491,0.0,0.0,0.0,114.0
2200,2200,uplink,1.0,S0-QoS,default,class_size_desc,3,0,1.0,654,L6,0.8256880733944955,0.8256880733944955,16,114,2.4,0.22382886327002113,22,1.0277777777777777,0.7142857142857143,21,63,0.0,31.41793100007817,1.0,0.9640287769784173,0.6770186335403726,0.0,0.0,0.0,114.0
2200,2200,uplink,1.0,S1,default,class_size_desc,3,0,1.0,654,L6,0.9418960244648318,0.9418960244648318,0,0,1.0,0.19399464249764786,23,1.0454545454545454,0.9534883720930233,27,82,0.0,69.7204650000458,1.0,0.9748201438848921,0.9037267080745341,0.0,13.0,25.0,0.0
2200,2200,uplink,1.0,S2,default,class_size_desc,3,0,1.0,654,L6,0.9801223241590215,0.9801223241590215,0,0,1.0,0.2040553560643722,23,1.0592823712948518,1.0,30,91,0.0,58.358054999871456,1.0,0.9928057553956835,0.9658385093167702,0.0,13.0,0.0,0.0
2200,2200,uplink,1.0,S2,lambda=0.5xmean,class_size_desc,3,1,1.0,654,L6,0.9801223241590215,0.9801223241590215,0,0,1.0,0.24393722395921066,5,1.2527301092043681,1.0,53,147,0.0,67.89147400013462,1.0,0.9928057553956835,0.9658385093167702,0.0,13.0,0.0,0.0
2200,2200,uplink,1.0,S2,lambda=1xmean,class_size_desc,3,2,1.0,654,L6,0.9801223241590215,0.9801223241590215,0,0,1.0,0.2526128355457682,4,1.2865314612584504,1.0,60,198,0.0,61.9811500000651,1.0,0.9928057553956835,0.9658385093167702,0.0,13.0,0.0,0.0
2200,2200,uplink,1.0,S2,lambda=2xmean,class_size_desc,3,4,1.0,654,L6,0.9801223241590215,0.9801223241590215,0,0,1.0,0.2957285621159395,6,1.4305772230889235,1.0,69,232,0.0,68.03883999987193,1.0,0.9928057553956835,0.9658385093167702,0.0,13.0,0.0,0.0
2200,2200,uplink,1.0,S2,max_paths=1,class_size_desc,1,0,1.0,654,L6,0.9480122324159022,0.9480122324159022,0,0,1.0,0.1954693566477812,23,1.0473118279569893,0.9880952380952381,27,83,0.0,66.76744699984738,1.0,0.9784172661870504,0.9130434782608695,0.0,13.0,21.0,0.0
2200,2200,uplink,1.0,S2,max_paths=2,class_size_desc,2,0,1.0,654,L6,0.9801223241590215,0.9801223241590215,0,0,1.0,0.2040553560643722,23,1.0592823712948518,1.0,30,91,0.0,55.46945800006142,1.0,0.9928057553956835,0.9658385093167702,0.0,13.0,0.0,0.0
2200,2200,uplink,1.0,S2,max_paths=4,class_size_desc,4,0,1.0,654,L6,0.9801223241590215,0.9801223241590215,0,0,1.0,0.2040553560643722,23,1.0592823712948518,1.0,30,91,0.0,54.54949199997827,1.0,0.9928057553956835,0.9658385093167702,0.0,13.0,0.0,0.0
2200,2200,uplink,1.0,S2,order=arrival,arrival,3,0,1.0,654,L6,0.9801223241590215,0.9801223241590215,0,0,1.0,0.20409818732359067,23,1.0592823712948518,1.0,30,91,0.0,61.47150399988277,1.0,0.9928057553956835,0.9658385093167702,0.0,13.0,0.0,0.0
2200,2200,uplink,1.0,S2,order=class_size_asc,class_size_asc,3,0,1.0,654,L6,0.9801223241590215,0.9801223241590215,0,0,1.0,0.204133931396032,23,1.0592823712948518,1.0,29,91,0.0,61.163405999877796,1.0,0.9928057553956835,0.9658385093167702,0.0,13.0,0.0,0.0
2200,2200,uplink,1.0,S2,util_cap=0.9,class_size_desc,3,0,0.9,654,L6,0.9770642201834863,0.9770642201834863,0,0,0.9,0.20787934732145424,0,1.0845070422535212,1.0,31,95,0.0,57.85422999997536,1.0,0.9856115107913669,0.9658385093167702,0.0,15.0,0.0,0.0
2200,2200,uplink,1.25,S0,default,class_size_desc,3,0,1.0,843,L6,0.7022538552787663,0.7022538552787663,30,252,3.1,0.28880650131267027,32,1.0298423423423424,0.726027397260274,21,81,0.0,34.65553300020474,0.5877321770792222,0.7123510509219743,0.7125591237467359,0.0,0.0,0.0,251.0
2200,2200,uplink,1.25,S0-QoS,default,class_size_desc,3,0,1.0,843,L6,0.7022538552787663,0.7022538552787663,30,252,3.1,0.28880650131267027,32,1.0298423423423424,0.726027397260274,21,81,0.0,31.30048100001659,1.0,0.896358543417367,0.486810551558753,0.0,0.0,0.0,251.0
2200,2200,uplink,1.25,S1,default,class_size_desc,3,0,1.0,843,L6,0.8956109134045077,0.8956109134045077,0,0,1.0,0.25115877968914985,35,1.1068432671081678,0.9051724137931034,30,113,0.0,90.4180710001583,1.0,0.9299719887955182,0.8489208633093526,0.0,22.0,66.0,0.0
2200,2200,uplink,1.25,S2,default,class_size_desc,3,0,1.0,843,L6,0.9739027283511269,0.9739027283511269,0,0,1.0,0.29025789964543525,40,1.164433617539586,1.0,45,163,0.0,62.42552399999113,1.0,0.9747899159663865,0.9688249400479616,0.0,22.0,0.0,0.0
2200,2200,uplink,1.5,S0,default,class_size_desc,3,0,1.0,1024,L6,0.5999925830696202,0.5999925830696202,36,455,3.7,0.3497786517500216,38,1.0309248614459072,0.7402597402597403,21,99,0.0,32.37914400006048,0.50127205909407,0.610647617794534,0.6076506904836341,0.0,0.0,0.0,409.60759493670884
2200,2200,uplink,1.5,S0-QoS,default,class_size_desc,3,0,1.0,1024,L6,0.6001144935344828,0.6001144935344828,36,455,3.7,0.3497786517500216,38,1.0309185792043096,0.7402597402597403,21,99,0.0,34.57948100003705,1.0,0.8463302752293578,0.31776342904245086,0.0,0.0,0.0,409.48275862068965
2200,2200,uplink,1.5,S1,default,class_size_desc,3,0,1.0,1024,L6,0.8603515625,0.8603515625,0,0,1.0,0.3074722059022913,48,1.1672342035565646,0.9333333333333333,39,171,0.0,154.97730600009163,1.0,0.8784403669724771,0.8207171314741036,0.0,34.0,109.0,0.0
2200,2200,uplink,1.5,S2,default,class_size_desc,3,0,1.0,1024,L6,0.935546875,0.935546875,0,0,1.0,0.3648468510293882,58,1.2491301322199027,1.0,60,212,0.0,88.30355500003861,1.0,0.9701834862385321,0.8944223107569721,0.0,66.0,0.0,0.0
2200,2200,uplink,2.0,S0,default,class_size_desc,3,0,1.0,1308,L6,0.47069390641740494,0.47069390641740494,40,868,4.8,0.44765772654004227,40,1.0324850601828621,0.75,21,126,0.0,31.538778000140155,0.3882237918652632,0.47653014589204395,0.4794855573859329,0.0,0.0,0.0,692.3323704060343
2200,2200,uplink,2.0,S0-QoS,default,class_size_desc,3,0,1.0,1308,L6,0.47113083366573594,0.47113083366573594,40,868,4.8,0.44765772654004227,40,1.0324549335026634,0.75,21,126,0.0,38.86964599996645,0.9814814814814815,0.7338129496402878,0.15875641371860655,0.0,0.0,0.0,691.7608695652174
2200,2200,uplink,2.0,S1,default,class_size_desc,3,0,1.0,1308,L6,0.7584097859327217,0.7584097859327217,0,0,1.0,0.39315026890224614,69,1.288978494623656,1.0,60,268,2.0,108.0270439999822,0.9814814814814815,0.8525179856115108,0.639751552795031,0.0,166.0,150.0,0.0
2200,2200,uplink,2.0,S2,default,class_size_desc,3,0,1.0,1308,L6,0.790519877675841,0.790519877675841,0,0,1.0,0.4296578511649692,74,1.3372018052869117,0.9733333333333334,61,246,0.0,116.23144100008176,1.0,0.9568345323741008,0.6118012422360248,0.0,274.0,0.0,0.0
2200,2200,multi,0.5,S0,default,class_size_desc,3,0,1.0,370,L24;L52;L98,0.9783783783783784,0.9783783783783784,5,8,1.3,0.1256991837252875,6,1.01841620626151,1.0,5,10,0.0,33.237052999993466,0.9565850815850816,0.9822445487002449,0.9788591038591039,0.0,0.0,0.0,8.000000000000002
2200,2200,multi,0.5,S0-QoS,default,class_size_desc,3,0,1.0,370,L24;L52;L98,0.9783783783783784,0.9783783783783784,5,8,1.3,0.1256991837252875,6,1.01841620626151,1.0,5,10,0.0,28.494028000068283,1.0,1.0,0.9555555555555556,0.0,0.0,0.0,8.0
2200,2200,multi,0.5,S1,default,class_size_desc,3,0,1.0,370,L24;L52;L98,0.9864864864864865,0.9864864864864865,0,0,1.0,0.12275525849164264,6,1.0182648401826484,1.0,5,10,0.0,54.029617999958646,1.0,1.0,0.9722222222222222,0.0,0.0,5.0,0.0
2200,2200,multi,0.5,S2,default,class_size_desc,3,0,1.0,370,L24;L52;L98,1.0,1.0,0,0,1.0,0.12411538617146094,6,1.018018018018018,1.0,5,10,0.0,51.26667599984103,1.0,1.0,1.0,0.0,0.0,0.0,0.0
2200,2200,multi,0.75,S0,default,class_size_desc,3,0,1.0,538,L24;L52;L98,0.8884758364312267,0.8884758364312267,12,60,1.9,0.18426429038788047,12,1.0139470013947,0.7142857142857143,5,14,0.0,30.95600500000728,0.8501534585125916,0.8984967379151856,0.8864072739104747,0.0,0.0,0.0,60.0
2200,2200,multi,0.75,S0-QoS,default,class_size_desc,3,0,1.0,538,L24;L52;L98,0.8884758364312267,0.8884758364312267,12,60,1.9,0.18426429038788047,12,1.0139470013947,0.7142857142857143,5,14,0.0,29.439320000165026,1.0,0.9955947136563876,0.7781954887218046,0.0,0.0,0.0,60.0
2200,2200,multi,0.75,S1,default,class_size_desc,3,0,1.0,538,L24;L52;L98,0.9535315985130112,0.9535315985130112,0,0,1.0,0.16501989207483891,12,1.0129954515919428,0.7142857142857143,5,10,0.0,62.87277199999153,1.0,0.9955947136563876,0.9097744360902256,0.0,11.0,14.0,0.0
2200,2200,multi,0.75,S2,default,class_size_desc,3,0,1.0,538,L24;L52;L98,0.9795539033457249,0.9795539033457249,0,0,1.0,0.16884361872953557,12,1.0126502213788742,0.7142857142857143,5,10,0.0,56.1518370000158,1.0,1.0,0.9586466165413534,0.0,11.0,0.0,0.0
2200,2200,multi,1.0,S0,default,class_size_desc,3,0,1.0,654,L24;L52;L98,0.8409785932721713,0.8409785932721713,15,104,2.4,0.22365165466180612,23,1.0121212121212122,0.5555555555555556,5,18,0.0,40.41083699985393,0.7788188730217716,0.8524342468941265,0.8415126093796806,0.0,0.0,0.0,104.0
2200,2200,multi,1.0,S0-QoS,default,class_size_desc,3,0,1.0,654,L24;L52;L98,0.8409785932721713,0.8409785932721713,15,104,2.4,0.22365165466180612,23,1.0121212121212122,0.5555555555555556,5,18,0.0,29.76817699982348,1.0,0.9712230215827338,0.7018633540372671,0.0,0.0,0.0,104.0
2200,2200,multi,1.0,S1,default,class_size_desc,3,0,1.0,654,L24;L52;L98,0.9357798165137615,0.9357798165137615,0,0,1.0,0.19186952718567285,23,1.0108932461873639,0.5555555555555556,5,10,0.0,62.10816800012253,1.0,0.9820143884892086,0.8850931677018633,0.0,21.0,21.0,0.0
2200,2200,multi,1.0,S2,default,class_size_desc,3,0,1.0,654,L24;L52;L98,0.9678899082568807,0.9678899082568807,0,0,1.0,0.19895463683378603,23,1.0168509741969458,0.5555555555555556,5,10,0.0,55.62683299990567,1.0,0.9928057553956835,0.9409937888198758,0.0,21.0,0.0,0.0
2200,2200,multi,1.0,S2,lambda=0.5xmean,class_size_desc,3,1,1.0,654,L24;L52;L98,0.9678899082568807,0.9678899082568807,0,0,1.0,0.2312372686396212,5,1.2085308056872037,0.782608695652174,26,77,0.0,58.64190700003746,1.0,0.9928057553956835,0.9409937888198758,0.0,21.0,0.0,0.0
2200,2200,multi,1.0,S2,lambda=1xmean,class_size_desc,3,2,1.0,654,L24;L52;L98,0.9678899082568807,0.9678899082568807,0,0,1.0,0.24203667097753465,4,1.2506582411795681,0.782608695652174,24,70,0.0,61.096160000033706,1.0,0.9928057553956835,0.9409937888198758,0.0,21.0,0.0,0.0
2200,2200,multi,1.0,S2,lambda=2xmean,class_size_desc,3,4,1.0,654,L24;L52;L98,0.9678899082568807,0.9678899082568807,0,0,1.0,0.2606710786796188,5,1.3117430226434965,0.782608695652174,23,64,0.0,67.05427399992914,1.0,0.9928057553956835,0.9409937888198758,0.0,21.0,0.0,0.0
2200,2200,multi,1.0,S2,max_paths=1,class_size_desc,1,0,1.0,654,L24;L52;L98,0.9373088685015291,0.9373088685015291,0,0,1.0,0.19231194849838099,23,1.011963023382273,0.5555555555555556,5,10,0.0,74.89252400000623,1.0,0.9820143884892086,0.8881987577639752,0.0,21.0,20.0,0.0
2200,2200,multi,1.0,S2,max_paths=2,class_size_desc,2,0,1.0,654,L24;L52;L98,0.9678899082568807,0.9678899082568807,0,0,1.0,0.19895463683378603,23,1.0168509741969458,0.5555555555555556,5,10,0.0,58.71092600000338,1.0,0.9928057553956835,0.9409937888198758,0.0,21.0,0.0,0.0
2200,2200,multi,1.0,S2,max_paths=4,class_size_desc,4,0,1.0,654,L24;L52;L98,0.9678899082568807,0.9678899082568807,0,0,1.0,0.19895463683378603,23,1.0168509741969458,0.5555555555555556,5,10,0.0,60.01614499996322,1.0,0.9928057553956835,0.9409937888198758,0.0,21.0,0.0,0.0
2200,2200,multi,1.0,S2,order=arrival,arrival,3,0,1.0,654,L24;L52;L98,0.9678899082568807,0.9678899082568807,0,0,1.0,0.19895463683378603,23,1.0168509741969458,0.5555555555555556,5,10,0.0,78.15011299999242,1.0,0.9928057553956835,0.9409937888198758,0.0,21.0,0.0,0.0
2200,2200,multi,1.0,S2,order=class_size_asc,class_size_asc,3,0,1.0,654,L24;L52;L98,0.9678899082568807,0.9678899082568807,0,0,1.0,0.19895463683378603,23,1.0168509741969458,0.5555555555555556,5,10,0.0,54.83922500002336,1.0,0.9928057553956835,0.9409937888198758,0.0,21.0,0.0,0.0
2200,2200,multi,1.0,S2,util_cap=0.9,class_size_desc,3,0,0.9,654,L24;L52;L98,0.963302752293578,0.963302752293578,0,0,0.9,0.1988900121792484,0,1.03015873015873,0.5263157894736842,6,10,0.0,56.36124099987683,1.0,0.9856115107913669,0.937888198757764,0.0,24.0,0.0,0.0
2200,2200,multi,1.25,S0,default,class_size_desc,3,0,1.0,843,L24;L52;L98,0.7141162514827996,0.7141162514827996,30,242,3.1,0.2886971880305751,32,1.0110741971207087,0.5,5,23,0.0,30.330912999943394,0.6360413558231836,0.7222970583104369,0.7200314067898665,0.0,0.0,0.0,241.0
2200,2200,multi,1.25,S0-QoS,default,class_size_desc,3,0,1.0,843,L24;L52;L98,0.7141162514827996,0.7141162514827996,30,242,3.1,0.2886971880305751,32,1.0110741971207087,0.5,5,23,0.0,30.41291599993201,1.0,0.9159663865546218,0.4940047961630695,0.0,0.0,0.0,241.0
2200,2200,multi,1.25,S1,default,class_size_desc,3,0,1.0,843,L24;L52;L98,0.8908659549228944,0.8908659549228944,0,0,1.0,0.24040402180266826,34,1.0474922325787839,0.5833333333333334,8,21,0.0,96.00214300007792,1.0,0.9495798319327731,0.8225419664268585,0.0,35.0,57.0,0.0
2200,2200,multi,1.25,S2,default,class_size_desc,3,0,1.0,843,L24;L52;L98,0.9584816132858838,0.9584816132858838,0,0,1.0,0.2628143431925256,35,1.0697194719471947,0.6,10,26,0.0,59.59855100013556,1.0,0.9719887955182073,0.9400479616306955,0.0,35.0,0.0,0.0
2200,2200,multi,1.5,S0,default,class_size_desc,3,0,1.0,1024,L24;L52;L98,0.6088431613176517,0.6088431613176517,37,452,3.7,0.34935083838709363,39,1.01069309319756,0.5,5,28,0.0,29.294068999888623,0.5361557800243025,0.6176607893132318,0.6136372429613871,0.0,0.0,0.0,400.5446028107246
2200,2200,multi,1.5,S0-QoS,default,class_size_desc,3,0,1.0,1024,L24;L52;L98,0.6085780352011494,0.6085780352011494,37,452,3.7,0.34935083838709363,39,1.0106977516277182,0.5,5,28,0.0,30.46129699987432,1.0,0.8692660550458715,0.3151073865457709,0.0,0.0,0.0,400.81609195402297
2200,2200,multi,1.5,S1,default,class_size_desc,3,0,1.0,1024,L24;L52;L98,0.8603515625,0.8603515625,0,0,1.0,0.2893141841507939,45,1.0858872493378737,0.6296296296296297,11,37,0.0,96.7429219999758,1.0,0.9013761467889908,0.8007968127490039,0.0,52.0,91.0,0.0
2200,2200,multi,1.5,S2,default,class_size_desc,3,0,1.0,1024,L24;L52;L98,0.9375,0.9375,0,0,1.0,0.32913806984722227,53,1.1350694444444445,0.6363636363636364,17,53,0.0,65.54130699987581,1.0,0.9610091743119266,0.9063745019920318,0.0,64.0,0.0,0.0
2200,2200,multi,2.0,S0,default,class_size_desc,3,0,1.0,1308,L24;L52;L98,0.4755075886011177,0.4755075886011177,40,896,4.8,0.44730330932361223,40,1.0107187352660754,0.5,5,36,0.0,29.33895199998915,0.4174635579471345,0.4808663898155654,0.48061513803496436,0.0,0.0,0.0,686.036074109738
2200,2200,multi,2.0,S0-QoS,default,class_size_desc,3,0,1.0,1308,L24;L52;L98,0.4738831272437176,0.4738831272437176,40,896,4.8,0.44730330932361223,40,1.010755478864315,0.5,5,36,0.0,29.294910000089658,0.9814814814814815,0.7553956834532374,0.14571293545773698,0.0,0.0,0.0,688.1608695652174
2200,2200,multi,2.0,S1,default,class_size_desc,3,0,1.0,1308,L24;L52;L98,0.77217125382263,0.77217125382263,0,0,1.0,0.3503548862781863,64,1.1564356435643564,0.5,19,64,2.0,162.0990910000728,0.9814814814814815,0.8345323741007195,0.6832298136645962,0.0,158.0,140.0,0.0
2200,2200,multi,2.0,S2,default,class_size_desc,3,0,1.0,1308,L24;L52;L98,0.8470948012232415,0.8470948012232415,0,0,1.0,0.40632313931637165,73,1.2250300842358604,0.5,22,80,0.0,96.70030300003418,1.0,0.9424460431654677,0.7391304347826086,0.0,200.0,0.0,0.0
2200,2200,recovered,0.5,S0,default,class_size_desc,3,0,1.0,370,,0.9783783783783784,0.9783783783783784,5,8,1.3,0.11994418434230346,5,1.0,nan,0,0,0.0,31.40460599979633,0.9565850815850816,0.9822445487002449,0.9788591038591039,0.0,0.0,0.0,8.000000000000002
2200,2200,recovered,0.5,S0-QoS,default,class_size_desc,3,0,1.0,370,,0.9783783783783784,0.9783783783783784,5,8,1.3,0.11994418434230346,5,1.0,nan,0,0,0.0,31.113690999973187,1.0,1.0,0.9555555555555556,0.0,0.0,0.0,8.0
2200,2200,recovered,0.5,S1,default,class_size_desc,3,0,1.0,370,,0.9864864864864865,0.9864864864864865,0,0,1.0,0.1170805479786671,5,1.0,nan,0,0,0.0,52.24767599997904,1.0,1.0,0.9722222222222222,0.0,0.0,5.0,0.0
2200,2200,recovered,0.5,S2,default,class_size_desc,3,0,1.0,370,,1.0,1.0,0,0,1.0,0.11840358126721763,5,1.0,nan,0,0,0.0,50.74056900002688,1.0,1.0,1.0,0.0,0.0,0.0,0.0
2200,2200,recovered,0.75,S0,default,class_size_desc,3,0,1.0,538,,0.895910780669145,0.895910780669145,11,56,1.9,0.1759813248924534,11,1.0,nan,0,0,0.0,30.644911999843316,0.8501534585125916,0.9073073106024102,0.8939260709029558,0.0,0.0,0.0,56.0
2200,2200,recovered,0.75,S0-QoS,default,class_size_desc,3,0,1.0,538,,0.895910780669145,0.895910780669145,11,56,1.9,0.1759813248924534,11,1.0,nan,0,0,0.0,32.1230839999771,1.0,0.9955947136563876,0.793233082706767,0.0,0.0,0.0,56.0
2200,2200,recovered,0.75,S1,default,class_size_desc,3,0,1.0,538,,0.9609665427509294,0.9609665427509294,0,0,1.0,0.15924965259400997,11,1.0,nan,0,0,0.0,62.65127599999687,1.0,0.9955947136563876,0.924812030075188,0.0,7.0,14.0,0.0
2200,2200,recovered,0.75,S2,default,class_size_desc,3,0,1.0,538,,0.9869888475836431,0.9869888475836431,0,0,1.0,0.16296909579448765,11,1.0,nan,0,0,0.0,55.94837600006031,1.0,1.0,0.9736842105263158,0.0,7.0,0.0,0.0
2200,2200,recovered,1.0,S0,default,class_size_desc,3,0,1.0,654,,0.8532110091743119,0.8532110091743119,14,96,2.4,0.21336375239180883,22,1.0,nan,0,0,0.0,31.41646800008857,0.7788188730217716,0.8668227361027596,0.8539349696281278,0.0,0.0,0.0,96.0
2200,2200,recovered,1.0,S0-QoS,default,class_size_desc,3,0,1.0,654,,0.8532110091743119,0.8532110091743119,14,96,2.4,0.21336375239180883,22,1.0,nan,0,0,0.0,30.630113999905006,1.0,0.9712230215827338,0.7267080745341615,0.0,0.0,0.0,96.0
2200,2200,recovered,1.0,S1,default,class_size_desc,3,0,1.0,654,,0.9480122324159022,0.9480122324159022,0,0,1.0,0.18642416778623674,22,1.0,nan,0,0,0.0,61.15831700003582,1.0,0.9820143884892086,0.9099378881987578,0.0,13.0,21.0,0.0
2200,2200,recovered,1.0,S2,default,class_size_desc,3,0,1.0,654,,0.9801223241590215,0.9801223241590215,0,0,1.0,0.19331604717121958,22,1.0062402496099845,nan,0,0,0.0,52.900659999977506,1.0,0.9928057553956835,0.9658385093167702,0.0,13.0,0.0,0.0
2200,2200,recovered,1.0,S2,lambda=0.5xmean,class_size_desc,3,1,1.0,654,,0.9801223241590215,0.9801223241590215,0,0,1.0,0.22518927655416685,4,1.1918876755070202,nan,1,3,0.0,56.64510299993708,1.0,0.9928057553956835,0.9658385093167702,0.0,13.0,0.0,0.0
2200,2200,recovered,1.0,S2,lambda=1xmean,class_size_desc,3,2,1.0,654,,0.9801223241590215,0.9801223241590215,0,0,1.0,0.23771267692599982,3,1.2428497139885595,nan,3,10,0.0,66.84466999990946,1.0,0.9928057553956835,0.9658385093167702,0.0,13.0,0.0,0.0
2200,2200,recovered,1.0,S2,lambda=2xmean,class_size_desc,3,4,1.0,654,,0.9801223241590215,0.9801223241590215,0,0,1.0,0.25522847100652746,3,1.296411856474259,nan,4,16,0.0,57.53367900001649,1.0,0.9928057553956835,0.9658385093167702,0.0,13.0,0.0,0.0
2200,2200,recovered,1.0,S2,max_paths=1,class_size_desc,1,0,1.0,654,,0.9495412844036697,0.9495412844036697,0,0,1.0,0.18685452306314376,22,1.0010735373054214,nan,0,0,0.0,62.08339099998739,1.0,0.9820143884892086,0.9130434782608695,0.0,13.0,20.0,0.0
2200,2200,recovered,1.0,S2,max_paths=2,class_size_desc,2,0,1.0,654,,0.9801223241590215,0.9801223241590215,0,0,1.0,0.19331604717121958,22,1.0062402496099845,nan,0,0,0.0,66.3898180000615,1.0,0.9928057553956835,0.9658385093167702,0.0,13.0,0.0,0.0
2200,2200,recovered,1.0,S2,max_paths=4,class_size_desc,4,0,1.0,654,,0.9801223241590215,0.9801223241590215,0,0,1.0,0.19331604717121958,22,1.0062402496099845,nan,0,0,0.0,53.16884300009406,1.0,0.9928057553956835,0.9658385093167702,0.0,13.0,0.0,0.0
2200,2200,recovered,1.0,S2,order=arrival,arrival,3,0,1.0,654,,0.9801223241590215,0.9801223241590215,0,0,1.0,0.19331604717121958,22,1.0062402496099845,nan,0,0,0.0,52.78051399977812,1.0,0.9928057553956835,0.9658385093167702,0.0,13.0,0.0,0.0
2200,2200,recovered,1.0,S2,order=class_size_asc,class_size_asc,3,0,1.0,654,,0.9801223241590215,0.9801223241590215,0,0,1.0,0.19331604717121958,22,1.0062402496099845,nan,0,0,0.0,53.95538800007671,1.0,0.9928057553956835,0.9658385093167702,0.0,13.0,0.0,0.0
2200,2200,recovered,1.0,S2,util_cap=0.9,class_size_desc,3,0,0.9,654,,0.9770642201834863,0.9770642201834863,0,0,0.9,0.19372223262630786,0,1.0198226395409493,nan,0,0,0.0,65.99159100005636,1.0,0.9856115107913669,0.9658385093167702,0.0,15.0,0.0,0.0
2200,2200,recovered,1.25,S0,default,class_size_desc,3,0,1.0,843,,0.7259786476868327,0.7259786476868327,30,232,3.1,0.27547189675528233,32,1.0,nan,0,0,0.0,29.915433000041958,0.6360413558231836,0.7356937213234682,0.732543136536504,0.0,0.0,0.0,231.0
2200,2200,recovered,1.25,S0-QoS,default,class_size_desc,3,0,1.0,843,,0.7259786476868327,0.7259786476868327,30,232,3.1,0.27547189675528233,32,1.0,nan,0,0,0.0,28.821751999885237,1.0,0.9187675070028011,0.5155875299760192,0.0,0.0,0.0,231.0
2200,2200,recovered,1.25,S1,default,class_size_desc,3,0,1.0,843,,0.9086595492289442,0.9086595492289442,0,0,1.0,0.23603975627298512,34,1.0382941688424716,nan,0,0,0.0,74.20899199996711,1.0,0.9523809523809523,0.8561151079136691,0.0,22.0,55.0,0.0
2200,2200,recovered,1.25,S2,default,class_size_desc,3,0,1.0,843,,0.9739027283511269,0.9739027283511269,0,0,1.0,0.2570449476855433,36,1.058465286236297,nan,3,8,0.0,58.78418400016017,1.0,0.9747899159663865,0.9688249400479616,0.0,22.0,0.0,0.0
2200,2200,recovered,1.5,S0,default,class_size_desc,3,0,1.0,1024,,0.6195238330696202,0.6195238330696202,36,435,3.7,0.3333079367341123,38,1.0,nan,0,0,0.0,30.037010999876657,0.5361557800243025,0.6297607676416288,0.6249149667120537,0.0,0.0,0.0,389.60759493670884
2200,2200,recovered,1.5,S0-QoS,default,class_size_desc,3,0,1.0,1024,,0.6196457435344828,0.6196457435344828,36,435,3.7,0.3333079367341123,38,1.0,nan,0,0,0.0,29.65156800019031,1.0,0.8784403669724771,0.32971562027751067,0.0,0.0,0.0,389.48275862068965
2200,2200,recovered,1.5,S1,default,class_size_desc,3,0,1.0,1024,,0.876953125,0.876953125,0,0,1.0,0.2855997713362917,45,1.0835189309576838,nan,3,13,0.0,94.45621400004711,1.0,0.9105504587155964,0.8266932270916335,0.0,34.0,92.0,0.0
2200,2200,recovered,1.5,S2,default,class_size_desc,3,0,1.0,1024,,0.95703125,0.95703125,0,0,1.0,0.3255382004098305,53,1.132312925170068,nan,5,21,0.0,61.71089300005406,1.0,0.9701834862385321,0.9382470119521913,0.0,44.0,0.0,0.0
2200,2200,recovered,2.0,S0,default,class_size_desc,3,0,1.0,1308,,0.48598442629508076,0.48598442629508076,41,854,4.8,0.42672750478361765,41,1.0,nan,0,0,0.0,31.16413499992632,0.4174635579471345,0.49167592400639454,0.49256172606850895,0.0,0.0,0.0,672.3323704060343
2200,2200,recovered,2.0,S0-QoS,default,class_size_desc,3,0,1.0,1308,,0.48642135354341176,0.48642135354341176,41,854,4.8,0.42672750478361765,41,1.0,nan,0,0,0.0,29.137705000039205,0.9814814814814815,0.7697841726618705,0.15875641371860655,0.0,0.0,0.0,671.7608695652174
2200,2200,recovered,2.0,S1,default,class_size_desc,3,0,1.0,1308,,0.8103975535168195,0.8103975535168195,0,0,1.0,0.36077810799440896,66,1.1735849056603773,nan,3,14,2.0,104.54252999988967,0.9814814814814815,0.8489208633093526,0.7484472049689441,0.0,112.0,136.0,0.0
2200,2200,recovered,2.0,S2,default,class_size_desc,3,0,1.0,1308,,0.8761467889908257,0.8761467889908257,0,0,1.0,0.4171277856939299,77,1.244909831297266,nan,11,40,0.0,90.46921700019084,1.0,0.9568345323741008,0.7857142857142857,0.0,162.0,0.0,0.0
2300,2300,healthy,0.5,S0,default,class_size_desc,3,0,1.0,381,,0.9763779527559056,0.9763779527559056,3,9,1.5,0.1205482020777258,4,1.0,nan,0,0,0.0,31.31188299994392,0.9718614718614719,0.9776698884979139,0.9763057455365147,0.0,0.0,0.0,9.000000000000002
2300,2300,healthy,0.5,S0-QoS,default,class_size_desc,3,0,1.0,381,,0.9763779527559056,0.9763779527559056,3,9,1.5,0.1205482020777258,4,1.0,nan,0,0,0.0,31.091177999996944,1.0,1.0,0.9505494505494505,0.0,0.0,0.0,9.0
2300,2300,healthy,0.5,S1,default,class_size_desc,3,0,1.0,381,,0.989501312335958,0.989501312335958,0,0,1.0,0.11761026728747916,4,1.0,nan,0,0,0.0,77.22851499988792,1.0,1.0,0.978021978021978,0.0,3.0,1.0,0.0
2300,2300,healthy,0.5,S2,default,class_size_desc,3,0,1.0,381,,0.9921259842519685,0.9921259842519685,0,0,1.0,0.11788196288160466,4,1.0,nan,0,0,0.0,58.72069499991994,1.0,1.0,0.9835164835164835,0.0,3.0,0.0,0.0
2300,2300,healthy,0.75,S0,default,class_size_desc,3,0,1.0,512,,0.931640625,0.931640625,10,35,2.0,0.16187886238350854,11,1.0,nan,0,0,0.0,33.57980500004487,0.919256338899196,0.9368393435379081,0.9300494826810616,0.0,0.0,0.0,35.0
2300,2300,healthy,0.75,S0-QoS,default,class_size_desc,3,0,1.0,512,,0.931640625,0.931640625,10,35,2.0,0.16187886238350854,11,1.0,nan,0,0,0.0,33.502290999877005,1.0,1.0,0.8582995951417004,0.0,0.0,0.0,35.0
2300,2300,healthy,0.75,S1,default,class_size_desc,3,0,1.0,512,,0.970703125,0.970703125,0,0,1.0,0.1515633832651519,11,1.0,nan,0,0,0.0,58.854536999888296,1.0,1.0,0.9392712550607287,0.0,8.0,7.0,0.0
2300,2300,healthy,0.75,S2,default,class_size_desc,3,0,1.0,512,,0.984375,0.984375,0,0,1.0,0.1544040655784117,11,1.0046296296296295,nan,0,0,0.0,62.197234999985085,1.0,1.0,0.9676113360323887,0.0,8.0,0.0,0.0
2300,2300,healthy,1.0,S0,default,class_size_desc,3,0,1.0,642,,0.8629283489096573,0.8629283489096573,17,88,2.5,0.20250349512546095,20,1.0,nan,0,0,0.0,32.54762999995364,0.8383560166232427,0.872231530889911,0.860683799503889,0.0,0.0,0.0,88.0
2300,2300,healthy,1.0,S0-QoS,default,class_size_desc,3,0,1.0,642,,0.8629283489096573,0.8629283489096573,17,88,2.5,0.20250349512546095,20,1.0,nan,0,0,0.0,43.9934160001485,1.0,0.9772727272727273,0.7320261437908496,0.0,0.0,0.0,88.0
2300,2300,healthy,1.0,S1,default,class_size_desc,3,0,1.0,642,,0.9376947040498442,0.9376947040498442,0,0,1.0,0.18441854662051307,19,1.0171650055370987,nan,0,0,0.0,67.11212200002592,1.0,0.9886363636363636,0.8790849673202614,0.0,14.0,26.0,0.0
2300,2300,healthy,1.0,S2,default,class_size_desc,3,0,1.0,642,,0.9781931464174455,0.9781931464174455,0,0,1.0,0.19464397584778687,20,1.0286624203821657,nan,0,0,0.0,52.90642099998877,1.0,1.0,0.954248366013072,0.0,14.0,0.0,0.0
2300,2300,healthy,1.0,S2,lambda=0.5xmean,class_size_desc,3,1,1.0,642,,0.9781931464174455,0.9781931464174455,0,0,1.0,0.2219734840962626,7,1.1894904458598725,nan,0,0,0.0,53.9538350001294,1.0,1.0,0.954248366013072,0.0,14.0,0.0,0.0
2300,2300,healthy,1.0,S2,lambda=1xmean,class_size_desc,3,2,1.0,642,,0.9781931464174455,0.9781931464174455,0,0,1.0,0.24119448942347743,7,1.2696390658174097,nan,0,0,0.0,56.37201100012135,1.0,1.0,0.954248366013072,0.0,14.0,0.0,0.0
2300,2300,healthy,1.0,S2,lambda=2xmean,class_size_desc,3,4,1.0,642,,0.9781931464174455,0.9781931464174455,0,0,1.0,0.26229739576491,6,1.3386411889596603,nan,0,0,0.0,58.35791499998777,1.0,1.0,0.954248366013072,0.0,14.0,0.0,0.0
2300,2300,healthy,1.0,S2,max_paths=1,class_size_desc,1,0,1.0,642,,0.9392523364485982,0.9392523364485982,0,0,1.0,0.18424799758437133,19,1.015478164731896,nan,0,0,0.0,62.89495399983025,1.0,0.9886363636363636,0.8823529411764706,0.0,14.0,25.0,0.0
2300,2300,healthy,1.0,S2,max_paths=2,class_size_desc,2,0,1.0,642,,0.9781931464174455,0.9781931464174455,0,0,1.0,0.19464397584778687,20,1.0286624203821657,nan,0,0,0.0,52.187723000088226,1.0,1.0,0.954248366013072,0.0,14.0,0.0,0.0
2300,2300,healthy,1.0,S2,max_paths=4,class_size_desc,4,0,1.0,642,,0.9781931464174455,0.9781931464174455,0,0,1.0,0.19464397584778687,20,1.0286624203821657,nan,0,0,0.0,66.22041000014178,1.0,1.0,0.954248366013072,0.0,14.0,0.0,0.0
2300,2300,healthy,1.0,S2,order=arrival,arrival,3,0,1.0,642,,0.9781931464174455,0.9781931464174455,0,0,1.0,0.19464397584778687,20,1.0286624203821657,nan,0,0,0.0,55.51061500000287,1.0,1.0,0.954248366013072,0.0,14.0,0.0,0.0
2300,2300,healthy,1.0,S2,order=class_size_asc,class_size_asc,3,0,1.0,642,,0.9781931464174455,0.9781931464174455,0,0,1.0,0.19464397584778687,20,1.0286624203821657,nan,0,0,0.0,52.57985799994458,1.0,1.0,0.954248366013072,0.0,14.0,0.0,0.0
2300,2300,healthy,1.0,S2,util_cap=0.9,class_size_desc,3,0,0.9,642,,0.9735202492211839,0.9735202492211839,0,0,0.9,0.1967731758286411,0,1.048,nan,0,0,0.0,59.50310200000786,1.0,0.9962121212121212,0.9477124183006536,0.0,17.0,0.0,0.0
2300,2300,healthy,1.25,S0,default,class_size_desc,3,0,1.0,809,,0.7623946756198012,0.7623946756198012,25,224,3.1,0.25493086535925347,27,1.0,nan,0,0,0.0,30.94098699989445,0.7134891767406326,0.7768826488816112,0.7614230010790782,0.0,0.0,0.0,192.2227074235808
2300,2300,healthy,1.25,S0-QoS,default,class_size_desc,3,0,1.0,809,,0.7625326191457218,0.7625326191457218,25,224,3.1,0.25493086535925347,27,1.0,nan,0,0,0.0,29.22245399986423,1.0,0.9459459459459459,0.5477633477633478,0.0,0.0,0.0,192.11111111111111
2300,2300,healthy,1.25,S1,default,class_size_desc,3,0,1.0,809,,0.9332509270704573,0.9332509270704573,0,0,1.0,0.2389794638465322,30,1.0618101545253864,nan,0,0,0.0,73.14416500003063,1.0,0.975975975975976,0.8805194805194805,0.0,25.0,29.0,0.0
2300,2300,healthy,1.25,S2,default,class_size_desc,3,0,1.0,809,,0.9629171817058096,0.9629171817058096,0,0,1.0,0.2505361926759198,30,1.0761660248181428,nan,0,0,0.0,61.61142600012681,1.0,0.990990990990991,0.9298701298701298,0.0,30.0,0.0,0.0
2300,2300,healthy,1.5,S0,default,class_size_desc,3,0,1.0,1023,,0.6277000097912222,0.6277000097912222,34,500,4.0,0.32305169720318677,36,1.0,nan,0,0,0.0,33.73785199983104,0.5555692908413277,0.6477722511714065,0.6272337973716124,0.0,0.0,0.0,380.86288998357963
2300,2300,healthy,1.5,S0-QoS,default,class_size_desc,3,0,1.0,1023,,0.6294539139507505,0.6294539139507505,34,500,4.0,0.32305169720318677,36,1.0,nan,0,0,0.0,31.608028000164268,1.0,0.8931116389548693,0.3154331024008559,0.0,0.0,0.0,379.0686460283823
2300,2300,healthy,1.5,S1,default,class_size_desc,3,0,1.0,1023,,0.8543499511241447,0.8543499511241447,0,0,1.0,0.2861037269117532,44,1.1003051106025934,nan,0,0,0.0,95.1202490000469,1.0,0.9358669833729216,0.75,0.0,67.0,82.0,0.0
2300,2300,healthy,1.5,S2,default,class_size_desc,3,0,1.0,1023,,0.9188660801564027,0.9188660801564027,0,0,1.0,0.31927326595643923,52,1.1429078014184397,nan,0,0,0.0,67.66707300016606,1.0,0.9857482185273159,0.8422131147540983,0.0,83.0,0.0,0.0
2300,2300,healthy,2.0,S0,default,class_size_desc,3,0,1.0,1284,,0.5057617657037025,0.5057617657037025,41,924,5.0,0.4050069902509219,42,1.0,nan,0,0,0.0,29.554256999972495,0.4460217869584778,0.5239608079154323,0.5041170968336356,0.0,0.0,0.0,634.601892836446
2300,2300,healthy,2.0,S0-QoS,default,class_size_desc,3,0,1.0,1284,,0.5063946222793985,0.5063946222793985,41,924,5.0,0.4050069902509219,42,1.0,nan,0,0,0.0,29.320198000050368,1.0,0.7894736842105263,0.14602710742416625,0.0,0.0,0.0,633.7893049932524
2300,2300,healthy,2.0,S1,default,class_size_desc,3,0,1.0,1284,,0.780373831775701,0.780373831775701,0,0,1.0,0.3434785653691319,64,1.1636726546906189,nan,0,0,0.0,118.53459100007058,1.0,0.8939393939393939,0.630718954248366,0.0,166.0,116.0,0.0
2300,2300,healthy,2.0,S2,default,class_size_desc,3,0,1.0,1284,,0.8333333333333334,0.8333333333333334,0,0,1.0,0.3834471744171481,64,1.2130841121495326,nan,0,0,0.0,133.82569800000965,1.0,0.9810606060606061,0.6666666666666666,0.0,214.0,0.0,0.0
2300,2300,uplink,0.5,S0,default,class_size_desc,3,0,1.0,381,L6,0.9763779527559056,0.9763779527559056,3,9,1.5,0.12364771341808171,4,1.014336917562724,1.0,10,16,0.0,29.176356999869313,0.9718614718614719,0.9776698884979139,0.9763057455365147,0.0,0.0,0.0,9.000000000000002
2300,2300,uplink,0.5,S0-QoS,default,class_size_desc,3,0,1.0,381,L6,0.9763779527559056,0.9763779527559056,3,9,1.5,0.12364771341808171,4,1.014336917562724,1.0,10,16,0.0,28.943100000105915,1.0,1.0,0.9505494505494505,0.0,0.0,0.0,9.0
2300,2300,uplink,0.5,S1,default,class_size_desc,3,0,1.0,381,L6,0.989501312335958,0.989501312335958,0,0,1.0,0.12074574150717236,4,1.0150309460654288,1.0,11,17,0.0,53.65218000019922,1.0,1.0,0.978021978021978,0.0,3.0,1.0,0.0
2300,2300,uplink,0.5,S2,default,class_size_desc,3,0,1.0,381,L6,0.9921259842519685,0.9921259842519685,0,0,1.0,0.12102000026728017,4,1.0149911816578483,1.0,11,17,0.0,51.459346999990885,1.0,1.0,0.9835164835164835,0.0,3.0,0.0,0.0
2300,2300,uplink,0.75,S0,default,class_size_desc,3,0,1.0,512,L6,0.9296875,0.9296875,11,36,2.0,0.16616781391542845,12,1.015406162464986,0.9565217391304348,10,23,0.0,30.932240000083766,0.919256338899196,0.9355344283573949,0.9271050586840061,0.0,0.0,0.0,36.0
2300,2300,uplink,0.75,S0-QoS,default,class_size_desc,3,0,1.0,512,L6,0.9296875,0.9296875,11,36,2.0,0.16616781391542845,12,1.015406162464986,0.9565217391304348,10,23,0.0,29.02761800010012,1.0,1.0,0.854251012145749,0.0,0.0,0.0,36.0
2300,2300,uplink,0.75,S1,default,class_size_desc,3,0,1.0,512,L6,0.96875,0.96875,0,0,1.0,0.155592283107276,12,1.0181451612903225,0.9642857142857143,12,27,0.0,66.49516500010577,1.0,1.0,0.9352226720647774,0.0,8.0,8.0,0.0
2300,2300,uplink,0.75,S2,default,class_size_desc,3,0,1.0,512,L6,0.984375,0.984375,0,0,1.0,0.15888665110273634,12,1.0238095238095237,1.0,13,29,0.0,50.87151499992615,1.0,1.0,0.9676113360323887,0.0,8.0,0.0,0.0
2300,2300,uplink,1.0,S0,default,class_size_desc,3,0,1.0,642,L6,0.8566978193146417,0.8566978193146417,18,92,2.5,0.20784786772098415,21,1.0145454545454546,0.8571428571428571,10,28,0.0,29.310508999969898,0.8383560166232427,0.8679025265609067,0.8513467313432914,0.0,0.0,0.0,92.0
2300,2300,uplink,1.0,S0-QoS,default,class_size_desc,3,0,1.0,642,L6,0.8566978193146417,0.8566978193146417,18,92,2.5,0.20784786772098415,21,1.0145454545454546,0.8571428571428571,10,28,0.0,28.877978000082294,1.0,0.9772727272727273,0.7189542483660131,0.0,0.0,0.0,92.0
2300,2300,uplink,1.0,S1,default,class_size_desc,3,0,1.0,642,L6,0.9376947040498442,0.9376947040498442,0,0,1.0,0.18969372158863113,20,1.0376522702104098,1.0,13,37,0.0,65.31371000005493,1.0,0.9886363636363636,0.8790849673202614,0.0,14.0,26.0,0.0
2300,2300,uplink,1.0,S2,default,class_size_desc,3,0,1.0,642,L6,0.9781931464174455,0.9781931464174455,0,0,1.0,0.2004613718463509,21,1.0520169851380043,1.0,16,44,0.0,77.75020299982316,1.0,1.0,0.954248366013072,0.0,14.0,0.0,0.0
2300,2300,uplink,1.0,S2,lambda=0.5xmean,class_size_desc,3,1,1.0,642,L6,0.9781931464174455,0.9781931464174455,0,0,1.0,0.2291540088942619,8,1.2107218683651804,1.0,28,73,0.0,56.72521199994662,1.0,1.0,0.954248366013072,0.0,14.0,0.0,0.0
2300,2300,uplink,1.0,S2,lambda=1xmean,class_size_desc,3,2,1.0,642,L6,0.9781931464174455,0.9781931464174455,0,0,1.0,0.2501253497772323,7,1.2908704883227176,1.0,36,99,0.0,73.7649089999195,1.0,1.0,0.954248366013072,0.0,14.0,0.0,0.0
2300,2300,uplink,1.0,S2,lambda=2xmean,class_size_desc,3,4,1.0,642,L6,0.9781931464174455,0.9781931464174455,0,0,1.0,0.2714655357631158,7,1.3614649681528663,1.0,41,128,0.0,55.99211799994919,1.0,1.0,0.954248366013072,0.0,14.0,0.0,0.0
2300,2300,uplink,1.0,S2,max_paths=1,class_size_desc,1,0,1.0,642,L6,0.9361370716510904,0.9361370716510904,0,0,1.0,0.18885882775026164,20,1.0354963948973932,0.9473684210526315,14,36,0.0,63.62946099989131,1.0,0.9886363636363636,0.8758169934640523,0.0,14.0,27.0,0.0
2300,2300,uplink,1.0,S2,max_paths=2,class_size_desc,2,0,1.0,642,L6,0.9781931464174455,0.9781931464174455,0,0,1.0,0.2004613718463509,21,1.0520169851380043,1.0,16,44,0.0,54.478328999948644,1.0,1.0,0.954248366013072,0.0,14.0,0.0,0.0
2300,2300,uplink,1.0,S2,max_paths=4,class_size_desc,4,0,1.0,642,L6,0.9781931464174455,0.9781931464174455,0,0,1.0,0.2004613718463509,21,1.0520169851380043,1.0,16,44,0.0,56.247416000132944,1.0,1.0,0.954248366013072,0.0,14.0,0.0,0.0
2300,2300,uplink,1.0,S2,order=arrival,arrival,3,0,1.0,642,L6,0.9781931464174455,0.9781931464174455,0,0,1.0,0.2004613718463509,21,1.0520169851380043,1.0,15,44,0.0,54.002275999891935,1.0,1.0,0.954248366013072,0.0,14.0,0.0,0.0
2300,2300,uplink,1.0,S2,order=class_size_asc,class_size_asc,3,0,1.0,642,L6,0.9781931464174455,0.9781931464174455,0,0,1.0,0.2004613718463509,21,1.0520169851380043,1.0,15,44,0.0,53.298326000003726,1.0,1.0,0.954248366013072,0.0,14.0,0.0,0.0
2300,2300,uplink,1.0,S2,util_cap=0.9,class_size_desc,3,0,0.9,642,L6,0.9735202492211839,0.9735202492211839,0,0,0.9,0.203152917157537,0,1.0752,1.0,17,48,0.0,55.122578000009526,1.0,0.9962121212121212,0.9477124183006536,0.0,17.0,0.0,0.0
2300,2300,uplink,1.25,S0,default,class_size_desc,3,0,1.0,809,L6,0.7525059240746839,0.7525059240746839,26,232,3.1,0.2617509678626427,28,1.015331277048514,0.7777777777777778,10,36,0.0,29.61983899990628,0.7134891767406326,0.7702093088749379,0.7464157860718632,0.0,0.0,0.0,200.2227074235808
2300,2300,uplink,1.25,S0-QoS,default,class_size_desc,3,0,1.0,809,L6,0.7526438676006043,0.7526438676006043,26,232,3.1,0.2617509678626427,28,1.0153284671532847,0.7777777777777778,10,36,0.0,28.750929999887376,1.0,0.9459459459459459,0.526984126984127,0.0,0.0,0.0,200.11111111111111
2300,2300,uplink,1.25,S1,default,class_size_desc,3,0,1.0,809,L6,0.9332509270704573,0.9332509270704573,0,0,1.0,0.2485969841543975,32,1.0971302428256071,1.0,17,65,0.0,76.64705499996671,1.0,0.975975975975976,0.8805194805194805,0.0,25.0,29.0,0.0
2300,2300,uplink,1.25,S2,default,class_size_desc,3,0,1.0,809,L6,0.9629171817058096,0.9629171817058096,0,0,1.0,0.2651663598084629,33,1.1215233204963628,1.0,21,69,0.0,65.49642200002381,1.0,0.990990990990991,0.9298701298701298,0.0,30.0,0.0,0.0
2300,2300,uplink,1.5,S0,default,class_size_desc,3,0,1.0,1023,L6,0.6179248387257286,0.6179248387257286,34,510,4.0,0.33149558113906585,36,1.0158193528611859,0.75,10,44,0.0,33.637704000057056,0.5555692908413277,0.6402144882692256,0.6132621133179612,0.0,0.0,0.0,390.86288998357963
2300,2300,uplink,1.5,S0-QoS,default,class_size_desc,3,0,1.0,1023,L6,0.6196787428852568,0.6196787428852568,34,510,4.0,0.33149558113906585,36,1.0157745786469614,0.75,10,44,0.0,32.68975700007104,1.0,0.8931116389548693,0.2949412991221674,0.0,0.0,0.0,389.0686460283823
2300,2300,uplink,1.5,S1,default,class_size_desc,3,0,1.0,1023,L6,0.8504398826979472,0.8504398826979472,0,0,1.0,0.30130647630150026,47,1.1521072796934866,0.925,22,90,0.0,151.97979399999895,1.0,0.9358669833729216,0.7418032786885246,0.0,67.0,86.0,0.0
2300,2300,uplink,1.5,S2,default,class_size_desc,3,0,1.0,1023,L6,0.916911045943304,0.916911045943304,0,0,1.0,0.35690053476595507,56,1.2352523098791754,0.9782608695652174,37,138,0.0,173.89618599986534,1.0,0.9857482185273159,0.8381147540983607,0.0,83.0,2.0,0.0
2300,2300,uplink,2.0,S0,default,class_size_desc,3,0,1.0,1284,L6,0.49797360370993304,0.49797360370993304,41,934,5.0,0.4156957354419683,42,1.0156397084820303,0.75,10,56,0.0,47.023117999970054,0.4460217869584778,0.5185495525041769,0.4924457616328886,0.0,0.0,0.0,644.601892836446
2300,2300,uplink,2.0,S0-QoS,default,class_size_desc,3,0,1.0,1284,L6,0.498606460285629,0.498606460285629,41,934,5.0,0.4156957354419683,42,1.0156198577718147,0.75,10,56,0.0,34.24296899993351,1.0,0.7894736842105263,0.1296872381431205,0.0,0.0,0.0,643.7893049932524
2300,2300,uplink,2.0,S1,default,class_size_desc,3,0,1.0,1284,L6,0.7741433021806854,0.7741433021806854,0,0,1.0,0.36382168814160093,65,1.2253521126760563,0.95,23,106,0.0,110.0966060000701,1.0,0.8939393939393939,0.6176470588235294,0.0,166.0,124.0,0.0
2300,2300,uplink,2.0,S2,default,class_size_desc,3,0,1.0,1284,L6,0.8068535825545171,0.8068535825545171,0,0,1.0,0.39206054204419993,67,1.2619047619047619,1.0,36,144,0.0,104.81539200009138,1.0,0.9810606060606061,0.6111111111111112,0.0,248.0,0.0,0.0
2300,2300,multi,0.5,S0,default,class_size_desc,3,0,1.0,381,L25;L67;L88,0.9763779527559056,0.9763779527559056,3,9,1.5,0.12402555406073713,4,1.0,nan,0,0,0.0,28.615364999950543,0.9718614718614719,0.9776698884979139,0.9763057455365147,0.0,0.0,0.0,9.000000000000002
2300,2300,multi,0.5,S0-QoS,default,class_size_desc,3,0,1.0,381,L25;L67;L88,0.9763779527559056,0.9763779527559056,3,9,1.5,0.12402555406073713,4,1.0,nan,0,0,0.0,29.064006999988123,1.0,1.0,0.9505494505494505,0.0,0.0,0.0,9.0
2300,2300,multi,0.5,S1,default,class_size_desc,3,0,1.0,381,L25;L67;L88,0.989501312335958,0.989501312335958,0,0,1.0,0.12120406262311297,4,1.0017683465959328,1.0,1,1,0.0,49.326957999937804,1.0,1.0,0.978021978021978,0.0,3.0,1.0,0.0
2300,2300,multi,0.5,S2,default,class_size_desc,3,0,1.0,381,L25;L67;L88,0.9921259842519685,0.9921259842519685,0,0,1.0,0.12148359559014593,4,1.001763668430335,1.0,1,1,0.0,48.7844799999948,1.0,1.0,0.9835164835164835,0.0,3.0,0.0,0.0
2300,2300,multi,0.75,S0,default,class_size_desc,3,0,1.0,512,L25;L67;L88,0.931640625,0.931640625,10,35,2.0,0.1665484449522636,11,1.0,nan,0,0,0.0,29.449118999991697,0.919256338899196,0.9368393435379081,0.9300494826810616,0.0,0.0,0.0,35.0
2300,2300,multi,0.75,S0-QoS,default,class_size_desc,3,0,1.0,512,L25;L67;L88,0.931640625,0.931640625,10,35,2.0,0.1665484449522636,11,1.0,nan,0,0,0.0,30.383611999923232,1.0,1.0,0.8582995951417004,0.0,0.0,0.0,35.0
2300,2300,multi,0.75,S1,default,class_size_desc,3,0,1.0,512,L25;L67;L88,0.970703125,0.970703125,0,0,1.0,0.1569413612941216,11,1.0067069081153588,1.0,2,5,0.0,57.12080400007835,1.0,1.0,0.9392712550607287,0.0,10.0,5.0,0.0
2300,2300,multi,0.75,S2,default,class_size_desc,3,0,1.0,512,L25;L67;L88,0.98046875,0.98046875,0,0,1.0,0.15881270431513567,11,1.0086321381142098,0.75,3,5,0.0,51.83225700011462,1.0,1.0,0.9595141700404858,0.0,10.0,0.0,0.0
2300,2300,multi,1.0,S0,default,class_size_desc,3,0,1.0,642,L25;L67;L88,0.8629283489096573,0.8629283489096573,17,88,2.5,0.20834494210023385,20,1.0,nan,0,0,0.0,29.58494300014536,0.8383560166232427,0.872231530889911,0.860683799503889,0.0,0.0,0.0,88.0
2300,2300,multi,1.0,S0-QoS,default,class_size_desc,3,0,1.0,642,L25;L67;L88,0.8629283489096573,0.8629283489096573,17,88,2.5,0.20834494210023385,20,1.0,nan,0,0,0.0,28.820910999911575,1.0,0.9772727272727273,0.7320261437908496,0.0,0.0,0.0,88.0
2300,2300,multi,1.0,S1,default,class_size_desc,3,0,1.0,642,L25;L67;L88,0.9299065420560748,0.9299065420560748,0,0,1.0,0.1883172560896388,19,1.018425460636516,0.5454545454545454,3,6,0.0,74.30514300017421,1.0,0.9886363636363636,0.8627450980392157,0.0,22.0,23.0,0.0
2300,2300,multi,1.0,S2,default,class_size_desc,3,0,1.0,642,L25;L67;L88,0.9657320872274143,0.9657320872274143,0,0,1.0,0.19786430095933816,19,1.0301075268817204,0.5789473684210527,5,9,0.0,51.598397999896406,1.0,1.0,0.9281045751633987,0.0,22.0,0.0,0.0
2300,2300,multi,1.0,S2,lambda=0.5xmean,class_size_desc,3,1,1.0,642,L25;L67;L88,0.9657320872274143,0.9657320872274143,0,0,1.0,0.22530213598377213,8,1.1930107526881721,0.8333333333333334,19,52,0.0,56.04848299981313,1.0,1.0,0.9281045751633987,0.0,22.0,0.0,0.0
2300,2300,multi,1.0,S2,lambda=1xmean,class_size_desc,3,2,1.0,642,L25;L67;L88,0.9657320872274143,0.9657320872274143,0,0,1.0,0.2416501396677312,8,1.2559139784946236,0.8260869565217391,20,51,0.0,58.289276000095924,1.0,1.0,0.9281045751633987,0.0,22.0,0.0,0.0
2300,2300,multi,1.0,S2,lambda=2xmean,class_size_desc,3,4,1.0,642,L25;L67;L88,0.9657320872274143,0.9657320872274143,0,0,1.0,0.2610477911438295,7,1.3177419354838709,0.8260869565217391,28,80,0.0,57.47194299988223,1.0,1.0,0.9281045751633987,0.0,22.0,0.0,0.0
2300,2300,multi,1.0,S2,max_paths=1,class_size_desc,1,0,1.0,642,L25;L67;L88,0.9330218068535826,0.9330218068535826,0,0,1.0,0.18866742839540324,19,1.0178074568725655,0.6,3,6,0.0,80.18063099984829,1.0,0.9886363636363636,0.869281045751634,0.0,22.0,21.0,0.0
2300,2300,multi,1.0,S2,max_paths=2,class_size_desc,2,0,1.0,642,L25;L67;L88,0.9657320872274143,0.9657320872274143,0,0,1.0,0.19786430095933816,19,1.0301075268817204,0.5789473684210527,5,9,0.0,58.78775099995437,1.0,1.0,0.9281045751633987,0.0,22.0,0.0,0.0
2300,2300,multi,1.0,S2,max_paths=4,class_size_desc,4,0,1.0,642,L25;L67;L88,0.9657320872274143,0.9657320872274143,0,0,1.0,0.19786430095933816,19,1.0301075268817204,0.5789473684210527,5,9,0.0,70.75831099996321,1.0,1.0,0.9281045751633987,0.0,22.0,0.0,0.0
2300,2300,multi,1.0,S2,order=arrival,arrival,3,0,1.0,642,L25;L67;L88,0.9657320872274143,0.9657320872274143,0,0,1.0,0.19786430095933816,19,1.0301075268817204,0.6,5,9,0.0,53.73042700011865,1.0,1.0,0.9281045751633987,0.0,22.0,0.0,0.0
2300,2300,multi,1.0,S2,order=class_size_asc,class_size_asc,3,0,1.0,642,L25;L67;L88,0.9657320872274143,0.9657320872274143,0,0,1.0,0.19786430095933816,19,1.0301075268817204,0.6190476190476191,5,9,0.0,52.6184310001554,1.0,1.0,0.9281045751633987,0.0,22.0,0.0,0.0
2300,2300,multi,1.0,S2,util_cap=0.9,class_size_desc,3,0,0.9,642,L25;L67;L88,0.9579439252336449,0.9579439252336449,0,0,0.9,0.19847399068322982,0,1.0455284552845527,0.5833333333333334,12,15,0.0,56.58287599999312,1.0,0.9962121212121212,0.9150326797385621,0.0,27.0,0.0,0.0
2300,2300,multi,1.25,S0,default,class_size_desc,3,0,1.0,809,L25;L67;L88,0.7623946756198012,0.7623946756198012,25,224,3.1,0.26228464032153964,27,1.0,nan,0,0,0.0,29.13988899990727,0.7134891767406326,0.7768826488816112,0.7614230010790782,0.0,0.0,0.0,192.2227074235808
2300,2300,multi,1.25,S0-QoS,default,class_size_desc,3,0,1.0,809,L25;L67;L88,0.7625326191457218,0.7625326191457218,25,224,3.1,0.26228464032153964,27,1.0,nan,0,0,0.0,29.072543000211226,1.0,0.9459459459459459,0.5477633477633478,0.0,0.0,0.0,192.11111111111111
2300,2300,multi,1.25,S1,default,class_size_desc,3,0,1.0,809,L25;L67;L88,0.9110012360939431,0.9110012360939431,0,0,1.0,0.2382512028398756,30,1.0520126639529626,0.4583333333333333,8,16,0.0,79.7867320000023,1.0,0.975975975975976,0.8337662337662337,0.0,41.0,31.0,0.0
2300,2300,multi,1.25,S2,default,class_size_desc,3,0,1.0,809,L25;L67;L88,0.9468479604449939,0.9468479604449939,0,0,1.0,0.25219258089831603,30,1.073107049608355,0.6578947368421053,12,23,0.0,62.94192199993631,1.0,0.990990990990991,0.8961038961038961,0.0,43.0,0.0,0.0
2300,2300,multi,1.5,S0,default,class_size_desc,3,0,1.0,1023,L25;L67;L88,0.6277000097912222,0.6277000097912222,34,500,4.0,0.332370496160971,36,1.0,nan,0,0,0.0,32.898798000132956,0.5555692908413277,0.6477722511714065,0.6272337973716124,0.0,0.0,0.0,380.86288998357963
2300,2300,multi,1.5,S0-QoS,default,class_size_desc,3,0,1.0,1023,L25;L67;L88,0.6294539139507505,0.6294539139507505,34,500,4.0,0.332370496160971,36,1.0,nan,0,0,0.0,28.67694099995788,1.0,0.8931116389548693,0.3154331024008559,0.0,0.0,0.0,379.0686460283823
2300,2300,multi,1.5,S1,default,class_size_desc,3,0,1.0,1023,L25;L67;L88,0.841642228739003,0.841642228739003,0,0,1.0,0.2884655888781318,44,1.0979481223383663,0.5,11,37,0.0,108.1760239999312,1.0,0.9358669833729216,0.7233606557377049,0.0,86.0,76.0,0.0
2300,2300,multi,1.5,S2,default,class_size_desc,3,0,1.0,1023,L25;L67;L88,0.8993157380254154,0.8993157380254154,0,0,1.0,0.3194365625078583,50,1.1380434782608695,0.5833333333333334,22,61,0.0,73.84167300006084,1.0,0.9809976247030879,0.805327868852459,0.0,103.0,0.0,0.0
2300,2300,multi,2.0,S0,default,class_size_desc,3,0,1.0,1284,L25;L67;L88,0.5057617657037025,0.5057617657037025,41,924,5.0,0.4166898842004677,42,1.0,nan,0,0,0.0,30.396275000157402,0.4460217869584778,0.5239608079154323,0.5041170968336356,0.0,0.0,0.0,634.601892836446
2300,2300,multi,2.0,S0-QoS,default,class_size_desc,3,0,1.0,1284,L25;L67;L88,0.5063946222793985,0.5063946222793985,41,924,5.0,0.4166898842004677,42,1.0,nan,0,0,0.0,29.27841900009298,1.0,0.7894736842105263,0.14602710742416625,0.0,0.0,0.0,633.7893049932524
2300,2300,multi,2.0,S1,default,class_size_desc,3,0,1.0,1284,L25;L67;L88,0.7679127725856698,0.7679127725856698,0,0,1.0,0.3459472893144232,63,1.162947937795808,0.5,15,58,0.0,116.43787799994243,1.0,0.8787878787878788,0.6176470588235294,0.0,186.0,112.0,0.0
2300,2300,multi,2.0,S2,default,class_size_desc,3,0,1.0,1284,L25;L67;L88,0.8115264797507789,0.8115264797507789,0,0,1.0,0.3804533847159705,62,1.2034548944337813,0.48,18,70,0.0,119.92286400004559,1.0,0.9545454545454546,0.6437908496732027,0.0,242.0,0.0,0.0
2300,2300,recovered,0.5,S0,default,class_size_desc,3,0,1.0,381,,0.9763779527559056,0.9763779527559056,3,9,1.5,0.1205482020777258,4,1.0,nan,4,4,0.0,36.62186099995779,0.9718614718614719,0.9776698884979139,0.9763057455365147,0.0,0.0,0.0,9.000000000000002
2300,2300,recovered,0.5,S0-QoS,default,class_size_desc,3,0,1.0,381,,0.9763779527559056,0.9763779527559056,3,9,1.5,0.1205482020777258,4,1.0,nan,4,4,0.0,28.665489999866622,1.0,1.0,0.9505494505494505,0.0,0.0,0.0,9.0
2300,2300,recovered,0.5,S1,default,class_size_desc,3,0,1.0,381,,0.989501312335958,0.989501312335958,0,0,1.0,0.11761026728747916,4,1.0,nan,4,4,0.0,50.137939000023835,1.0,1.0,0.978021978021978,0.0,3.0,1.0,0.0
2300,2300,recovered,0.5,S2,default,class_size_desc,3,0,1.0,381,,0.9921259842519685,0.9921259842519685,0,0,1.0,0.11788196288160466,4,1.0,nan,4,4,0.0,51.051262000100905,1.0,1.0,0.9835164835164835,0.0,3.0,0.0,0.0
2300,2300,recovered,0.75,S0,default,class_size_desc,3,0,1.0,512,,0.931640625,0.931640625,10,35,2.0,0.16187886238350854,11,1.0,nan,4,6,0.0,29.73552599996765,0.919256338899196,0.9368393435379081,0.9300494826810616,0.0,0.0,0.0,35.0
2300,2300,recovered,0.75,S0-QoS,default,class_size_desc,3,0,1.0,512,,0.931640625,0.931640625,10,35,2.0,0.16187886238350854,11,1.0,nan,4,6,0.0,30.468210000208273,1.0,1.0,0.8582995951417004,0.0,0.0,0.0,35.0
2300,2300,recovered,0.75,S1,default,class_size_desc,3,0,1.0,512,,0.970703125,0.970703125,0,0,1.0,0.1515633832651519,11,1.0,nan,4,6,0.0,56.63453299985122,1.0,1.0,0.9392712550607287,0.0,8.0,7.0,0.0
2300,2300,recovered,0.75,S2,default,class_size_desc,3,0,1.0,512,,0.984375,0.984375,0,0,1.0,0.1544040655784117,11,1.0046296296296295,nan,4,6,0.0,50.41154200011988,1.0,1.0,0.9676113360323887,0.0,8.0,0.0,0.0
2300,2300,recovered,1.0,S0,default,class_size_desc,3,0,1.0,642,,0.8629283489096573,0.8629283489096573,17,88,2.5,0.20250349512546095,20,1.0,nan,4,6,0.0,29.175555999927383,0.8383560166232427,0.872231530889911,0.860683799503889,0.0,0.0,0.0,88.0
2300,2300,recovered,1.0,S0-QoS,default,class_size_desc,3,0,1.0,642,,0.8629283489096573,0.8629283489096573,17,88,2.5,0.20250349512546095,20,1.0,nan,4,6,0.0,28.63402100001622,1.0,0.9772727272727273,0.7320261437908496,0.0,0.0,0.0,88.0
2300,2300,recovered,1.0,S1,default,class_size_desc,3,0,1.0,642,,0.9376947040498442,0.9376947040498442,0,0,1.0,0.18441854662051307,19,1.0171650055370987,nan,4,6,0.0,66.2251489998198,1.0,0.9886363636363636,0.8790849673202614,0.0,14.0,26.0,0.0
2300,2300,recovered,1.0,S2,default,class_size_desc,3,0,1.0,642,,0.9781931464174455,0.9781931464174455,0,0,1.0,0.19464397584778687,20,1.0286624203821657,nan,4,6,0.0,52.82903600004829,1.0,1.0,0.954248366013072,0.0,14.0,0.0,0.0
2300,2300,recovered,1.0,S2,lambda=0.5xmean,class_size_desc,3,1,1.0,642,,0.9781931464174455,0.9781931464174455,0,0,1.0,0.2219734840962626,7,1.1894904458598725,nan,15,34,0.0,54.56777700010207,1.0,1.0,0.954248366013072,0.0,14.0,0.0,0.0
2300,2300,recovered,1.0,S2,lambda=1xmean,class_size_desc,3,2,1.0,642,,0.9781931464174455,0.9781931464174455,0,0,1.0,0.24119448942347743,7,1.2696390658174097,nan,18,40,0.0,53.4969089999322,1.0,1.0,0.954248366013072,0.0,14.0,0.0,0.0
2300,2300,recovered,1.0,S2,lambda=2xmean,class_size_desc,3,4,1.0,642,,0.9781931464174455,0.9781931464174455,0,0,1.0,0.26229739576491,6,1.3386411889596603,nan,22,59,0.0,56.33305800006383,1.0,1.0,0.954248366013072,0.0,14.0,0.0,0.0
2300,2300,recovered,1.0,S2,max_paths=1,class_size_desc,1,0,1.0,642,,0.9392523364485982,0.9392523364485982,0,0,1.0,0.18424799758437133,19,1.015478164731896,nan,4,6,0.0,58.780867999985276,1.0,0.9886363636363636,0.8823529411764706,0.0,14.0,25.0,0.0
2300,2300,recovered,1.0,S2,max_paths=2,class_size_desc,2,0,1.0,642,,0.9781931464174455,0.9781931464174455,0,0,1.0,0.19464397584778687,20,1.0286624203821657,nan,4,6,0.0,51.898970999900484,1.0,1.0,0.954248366013072,0.0,14.0,0.0,0.0
2300,2300,recovered,1.0,S2,max_paths=4,class_size_desc,4,0,1.0,642,,0.9781931464174455,0.9781931464174455,0,0,1.0,0.19464397584778687,20,1.0286624203821657,nan,4,6,0.0,53.3290930000021,1.0,1.0,0.954248366013072,0.0,14.0,0.0,0.0
2300,2300,recovered,1.0,S2,order=arrival,arrival,3,0,1.0,642,,0.9781931464174455,0.9781931464174455,0,0,1.0,0.19464397584778687,20,1.0286624203821657,nan,4,6,0.0,54.28370399999949,1.0,1.0,0.954248366013072,0.0,14.0,0.0,0.0
2300,2300,recovered,1.0,S2,order=class_size_asc,class_size_asc,3,0,1.0,642,,0.9781931464174455,0.9781931464174455,0,0,1.0,0.19464397584778687,20,1.0286624203821657,nan,4,6,0.0,52.19603899990943,1.0,1.0,0.954248366013072,0.0,14.0,0.0,0.0
2300,2300,recovered,1.0,S2,util_cap=0.9,class_size_desc,3,0,0.9,642,,0.9735202492211839,0.9735202492211839,0,0,0.9,0.1967731758286411,0,1.048,nan,4,6,0.0,55.12250700007826,1.0,0.9962121212121212,0.9477124183006536,0.0,17.0,0.0,0.0
2300,2300,recovered,1.25,S0,default,class_size_desc,3,0,1.0,809,,0.7623946756198012,0.7623946756198012,25,224,3.1,0.25493086535925347,27,1.0,nan,4,8,0.0,30.671892000100343,0.7134891767406326,0.7768826488816112,0.7614230010790782,0.0,0.0,0.0,192.2227074235808
2300,2300,recovered,1.25,S0-QoS,default,class_size_desc,3,0,1.0,809,,0.7625326191457218,0.7625326191457218,25,224,3.1,0.25493086535925347,27,1.0,nan,4,8,0.0,30.27745200006393,1.0,0.9459459459459459,0.5477633477633478,0.0,0.0,0.0,192.11111111111111
2300,2300,recovered,1.25,S1,default,class_size_desc,3,0,1.0,809,,0.9332509270704573,0.9332509270704573,0,0,1.0,0.2389794638465322,30,1.0618101545253864,nan,4,8,0.0,79.8110580001321,1.0,0.975975975975976,0.8805194805194805,0.0,25.0,29.0,0.0
2300,2300,recovered,1.25,S2,default,class_size_desc,3,0,1.0,809,,0.9629171817058096,0.9629171817058096,0,0,1.0,0.2505361926759198,30,1.0761660248181428,nan,4,8,0.0,56.61026799998581,1.0,0.990990990990991,0.9298701298701298,0.0,30.0,0.0,0.0
2300,2300,recovered,1.5,S0,default,class_size_desc,3,0,1.0,1023,,0.6277000097912222,0.6277000097912222,34,500,4.0,0.32305169720318677,36,1.0,nan,4,10,0.0,29.15046899988738,0.5555692908413277,0.6477722511714065,0.6272337973716124,0.0,0.0,0.0,380.86288998357963
2300,2300,recovered,1.5,S0-QoS,default,class_size_desc,3,0,1.0,1023,,0.6294539139507505,0.6294539139507505,34,500,4.0,0.32305169720318677,36,1.0,nan,4,10,0.0,28.557125999896016,1.0,0.8931116389548693,0.3154331024008559,0.0,0.0,0.0,379.0686460283823
2300,2300,recovered,1.5,S1,default,class_size_desc,3,0,1.0,1023,,0.8543499511241447,0.8543499511241447,0,0,1.0,0.2861037269117532,44,1.1003051106025934,nan,4,10,0.0,81.09401399997296,1.0,0.9358669833729216,0.75,0.0,67.0,82.0,0.0
2300,2300,recovered,1.5,S2,default,class_size_desc,3,0,1.0,1023,,0.9188660801564027,0.9188660801564027,0,0,1.0,0.31927326595643923,52,1.1429078014184397,nan,9,18,0.0,68.2790710000063,1.0,0.9857482185273159,0.8422131147540983,0.0,83.0,0.0,0.0
2300,2300,recovered,2.0,S0,default,class_size_desc,3,0,1.0,1284,,0.5057617657037025,0.5057617657037025,41,924,5.0,0.4050069902509219,42,1.0,nan,4,12,0.0,29.252890999941883,0.4460217869584778,0.5239608079154323,0.5041170968336356,0.0,0.0,0.0,634.601892836446
2300,2300,recovered,2.0,S0-QoS,default,class_size_desc,3,0,1.0,1284,,0.5063946222793985,0.5063946222793985,41,924,5.0,0.4050069902509219,42,1.0,nan,4,12,0.0,28.243377000080727,1.0,0.7894736842105263,0.14602710742416625,0.0,0.0,0.0,633.7893049932524
2300,2300,recovered,2.0,S1,default,class_size_desc,3,0,1.0,1284,,0.780373831775701,0.780373831775701,0,0,1.0,0.3434785653691319,64,1.1636726546906189,nan,9,38,0.0,89.12725000004684,1.0,0.8939393939393939,0.630718954248366,0.0,166.0,116.0,0.0
2300,2300,recovered,2.0,S2,default,class_size_desc,3,0,1.0,1284,,0.8333333333333334,0.8333333333333334,0,0,1.0,0.3834471744171481,64,1.2130841121495326,nan,14,48,0.0,116.0007979999591,1.0,0.9810606060606061,0.6666666666666666,0.0,214.0,0.0,0.0
2400,2400,healthy,0.5,S0,default,class_size_desc,3,0,1.0,365,,0.9780821917808219,0.9780821917808219,4,8,1.3,0.11900102256234332,4,1.0,nan,0,0,0.0,35.297356000000946,0.9615384615384616,0.9803392010288562,0.9790641457308124,0.0,0.0,0.0,8.0
2400,2400,healthy,0.5,S0-QoS,default,class_size_desc,3,0,1.0,365,,0.9780821917808219,0.9780821917808219,4,8,1.3,0.11900102256234332,4,1.0,nan,0,0,0.0,35.16272499996376,1.0,1.0,0.9576719576719577,0.0,0.0,0.0,8.0
2400,2400,healthy,0.5,S1,default,class_size_desc,3,0,1.0,365,,0.989041095890411,0.989041095890411,0,0,1.0,0.11629710383955667,4,1.0,nan,0,0,0.0,52.542689000119935,1.0,1.0,0.9788359788359788,0.0,0.0,4.0,0.0
2400,2400,healthy,0.5,S2,default,class_size_desc,3,0,1.0,365,,1.0,1.0,0,0,1.0,0.11734941944847606,4,1.0,nan,0,0,0.0,48.21113499997409,1.0,1.0,1.0,0.0,0.0,0.0,0.0
2400,2400,healthy,0.75,S0,default,class_size_desc,3,0,1.0,533,,0.9230769230769231,0.9230769230769231,9,41,1.8,0.17448390288956328,12,1.0,nan,0,0,0.0,28.893286000084117,0.8639836887135807,0.9350904903958661,0.924475951855631,0.0,0.0,0.0,41.0
2400,2400,healthy,0.75,S0-QoS,default,class_size_desc,3,0,1.0,533,,0.9230769230769231,0.9230769230769231,9,41,1.8,0.17448390288956328,12,1.0,nan,0,0,0.0,42.506357000092976,1.0,0.9904306220095693,0.8581818181818182,0.0,0.0,0.0,41.0
2400,2400,healthy,0.75,S1,default,class_size_desc,3,0,1.0,533,,0.9774859287054409,0.9774859287054409,0,0,1.0,0.16279400316664466,12,1.0,nan,0,0,0.0,59.249758000078145,1.0,0.9904306220095693,0.9636363636363636,0.0,4.0,8.0,0.0
2400,2400,healthy,0.75,S2,default,class_size_desc,3,0,1.0,533,,0.9924953095684803,0.9924953095684803,0,0,1.0,0.16516845889959098,12,1.0012602394454946,nan,0,0,0.0,52.05632699994567,1.0,1.0,0.9854545454545455,0.0,4.0,0.0,0.0
2400,2400,healthy,1.0,S0,default,class_size_desc,3,0,1.0,640,,0.8734375,0.8734375,15,81,2.3,0.20927497031270617,22,1.0,nan,0,0,0.0,34.87877199995637,0.7787189098994427,0.8874990393734639,0.8787672137023776,0.0,0.0,0.0,81.0
2400,2400,healthy,1.0,S0-QoS,default,class_size_desc,3,0,1.0,640,,0.8734375,0.8734375,15,81,2.3,0.20927497031270617,22,1.0,nan,0,0,0.0,29.093773000113288,1.0,0.9641434262948207,0.7837837837837838,0.0,0.0,0.0,81.0
2400,2400,healthy,1.0,S1,default,class_size_desc,3,0,1.0,640,,0.95625,0.95625,0,0,1.0,0.18946450719092228,22,1.008714596949891,nan,0,0,0.0,63.29922099985197,1.0,0.9641434262948207,0.9429429429429429,0.0,8.0,20.0,0.0
2400,2400,healthy,1.0,S2,default,class_size_desc,3,0,1.0,640,,0.9875,0.9875,0,0,1.0,0.19651072041166381,22,1.015295358649789,nan,0,0,0.0,53.48625900001025,1.0,1.0,0.975975975975976,0.0,8.0,0.0,0.0
2400,2400,healthy,1.0,S2,lambda=0.5xmean,class_size_desc,3,1,1.0,640,,0.9875,0.9875,0,0,1.0,0.22802790605620793,5,1.2009493670886076,nan,0,0,0.0,65.19955499993557,1.0,1.0,0.975975975975976,0.0,8.0,0.0,0.0
2400,2400,healthy,1.0,S2,lambda=1xmean,class_size_desc,3,2,1.0,640,,0.9875,0.9875,0,0,1.0,0.24211043673307825,3,1.2579113924050633,nan,0,0,0.0,61.39137400009531,1.0,1.0,0.975975975975976,0.0,8.0,0.0,0.0
2400,2400,healthy,1.0,S2,lambda=2xmean,class_size_desc,3,4,1.0,640,,0.9875,0.9875,0,0,1.0,0.2583143884417469,2,1.3059071729957805,nan,0,0,0.0,58.3468739998807,1.0,1.0,0.975975975975976,0.0,8.0,0.0,0.0
2400,2400,healthy,1.0,S2,max_paths=1,class_size_desc,1,0,1.0,640,,0.959375,0.959375,0,0,1.0,0.1902497690988257,22,1.009771986970684,nan,0,0,0.0,65.12207000014314,1.0,0.9840637450199203,0.933933933933934,0.0,8.0,18.0,0.0
2400,2400,healthy,1.0,S2,max_paths=2,class_size_desc,2,0,1.0,640,,0.9875,0.9875,0,0,1.0,0.19651072041166381,22,1.015295358649789,nan,0,0,0.0,52.719720999903075,1.0,1.0,0.975975975975976,0.0,8.0,0.0,0.0
2400,2400,healthy,1.0,S2,max_paths=4,class_size_desc,4,0,1.0,640,,0.9875,0.9875,0,0,1.0,0.19651072041166381,22,1.015295358649789,nan,0,0,0.0,55.87379600001441,1.0,1.0,0.975975975975976,0.0,8.0,0.0,0.0
2400,2400,healthy,1.0,S2,order=arrival,arrival,3,0,1.0,640,,0.9875,0.9875,0,0,1.0,0.19651072041166381,22,1.015295358649789,nan,0,0,0.0,63.88956899991172,1.0,1.0,0.975975975975976,0.0,8.0,0.0,0.0
2400,2400,healthy,1.0,S2,order=class_size_asc,class_size_asc,3,0,1.0,640,,0.9875,0.9875,0,0,1.0,0.19651072041166381,22,1.015295358649789,nan,0,0,0.0,52.418325999951776,1.0,1.0,0.975975975975976,0.0,8.0,0.0,0.0
2400,2400,healthy,1.0,S2,util_cap=0.9,class_size_desc,3,0,0.9,640,,0.984375,0.984375,0,0,0.9,0.1989003826362317,0,1.0375661375661376,nan,0,0,0.0,51.02426200005539,1.0,1.0,0.96996996996997,0.0,10.0,0.0,0.0
2400,2400,healthy,1.25,S0,default,class_size_desc,3,0,1.0,825,,0.735763234586764,0.735763234586764,29,230,3.0,0.2706075999472226,31,1.0,nan,0,0,0.0,28.778921999901286,0.6346184928397617,0.756027527499201,0.7378731305791024,0.0,0.0,0.0,217.9953314659197
2400,2400,healthy,1.25,S0-QoS,default,class_size_desc,3,0,1.0,825,,0.7349358520267611,0.7349358520267611,29,230,3.0,0.2706075999472226,31,1.0,nan,0,0,0.0,29.227582999965307,1.0,0.9323076923076923,0.5383147369062862,0.0,0.0,0.0,218.67792207792206
2400,2400,healthy,1.25,S1,default,class_size_desc,3,0,1.0,825,,0.9139393939393939,0.9139393939393939,0,0,1.0,0.2390057395434754,32,1.046419098143236,nan,0,0,0.0,71.22967399982372,1.0,0.9723076923076923,0.8544600938967136,0.0,19.0,52.0,0.0
2400,2400,healthy,1.25,S2,default,class_size_desc,3,0,1.0,825,,0.9757575757575757,0.9757575757575757,0,0,1.0,0.26139827153978096,36,1.0774327122153209,nan,0,0,0.0,58.74763600013466,1.0,1.0,0.9530516431924883,0.0,20.0,0.0,0.0
2400,2400,healthy,1.5,S0,default,class_size_desc,3,0,1.0,1005,,0.6251924768855533,0.6251924768855533,34,443,3.6,0.3282759928750495,35,1.0,nan,0,0,0.0,30.296628000087367,0.5247861244076895,0.6503113100360256,0.6228712024372528,0.0,0.0,0.0,376.6815607300189
2400,2400,healthy,1.5,S0-QoS,default,class_size_desc,3,0,1.0,1005,,0.6235857313197883,0.6235857313197883,34,443,3.6,0.3282759928750495,35,1.0,nan,0,0,0.0,50.42809299993678,1.0,0.898989898989899,0.35192272026127824,0.0,0.0,0.0,378.29634002361274
2400,2400,healthy,1.5,S1,default,class_size_desc,3,0,1.0,1005,,0.8597014925373134,0.8597014925373134,0,0,1.0,0.28333104631217837,41,1.1003086419753085,nan,0,0,0.0,98.03777100000843,1.0,0.9570707070707071,0.7624521072796935,0.0,35.0,106.0,0.0
2400,2400,healthy,1.5,S2,default,class_size_desc,3,0,1.0,1005,,0.9442786069651742,0.9442786069651742,0,0,1.0,0.32560027708140915,51,1.1520899192132068,nan,0,0,0.0,69.55751899999996,1.0,1.0,0.89272030651341,0.0,56.0,0.0,0.0
2400,2400,healthy,2.0,S0,default,class_size_desc,3,0,1.0,1280,,0.4941391726224903,0.4941391726224903,39,864,4.6,0.41854994062541234,41,1.0,nan,0,0,0.0,30.761118999862447,0.40763430875089096,0.5170579640972343,0.4914114120118261,0.0,0.0,0.0,647.5018590432124
2400,2400,healthy,2.0,S0-QoS,default,class_size_desc,3,0,1.0,1280,,0.49336667077496715,0.49336667077496715,39,864,4.6,0.41854994062541234,41,1.0,nan,0,0,0.0,29.212185000005775,0.9642857142857143,0.8207171314741036,0.16743143932726415,0.0,0.0,0.0,648.4906614080421
2400,2400,healthy,2.0,S1,default,class_size_desc,3,0,1.0,1280,,0.790625,0.790625,0,0,1.0,0.3509926111624225,63,1.1673254281949934,nan,0,0,4.0,122.71803599992381,0.9642857142857143,0.952191235059761,0.6396396396396397,0.0,132.0,136.0,0.0
2400,2400,healthy,2.0,S2,default,class_size_desc,3,0,1.0,1280,,0.846875,0.846875,0,0,1.0,0.3901683599419448,71,1.2177121771217712,nan,0,0,0.0,111.43885299998146,1.0,0.9920318725099602,0.7117117117117117,0.0,196.0,0.0,0.0
2400,2400,uplink,0.5,S0,default,class_size_desc,3,0,1.0,365,L6,0.9780821917808219,0.9780821917808219,4,8,1.3,0.12313176823176823,4,1.0784313725490196,1.0,47,84,0.0,31.1969469998985,0.9615384615384616,0.9803392010288562,0.9790641457308124,0.0,0.0,0.0,8.0
2400,2400,uplink,0.5,S0-QoS,default,class_size_desc,3,0,1.0,365,L6,0.9780821917808219,0.9780821917808219,4,8,1.3,0.12313176823176823,4,1.0784313725490196,1.0,47,84,0.0,29.371353999977146,1.0,1.0,0.9576719576719577,0.0,0.0,0.0,8.0
2400,2400,uplink,0.5,S1,default,class_size_desc,3,0,1.0,365,L6,0.989041095890411,0.989041095890411,0,0,1.0,0.1204020979020979,4,1.077562326869806,1.0,47,84,0.0,49.02104499979032,1.0,1.0,0.9788359788359788,0.0,0.0,4.0,0.0
2400,2400,uplink,0.5,S2,default,class_size_desc,3,0,1.0,365,L6,1.0,1.0,0,0,1.0,0.12151724941724942,4,1.078538812785388,1.0,49,86,0.0,48.41376500007755,1.0,1.0,1.0,0.0,0.0,0.0,0.0
2400,2400,uplink,0.75,S0,default,class_size_desc,3,0,1.0,533,L6,0.9212007504690432,0.9212007504690432,10,42,1.8,0.18018288378288377,13,1.078071961982349,0.9913793103448275,47,116,0.0,29.982720000134577,0.8626966874265793,0.9331076463077589,0.9225758699555491,0.0,0.0,0.0,42.0
2400,2400,uplink,0.75,S0-QoS,default,class_size_desc,3,0,1.0,533,L6,0.9212007504690432,0.9212007504690432,10,42,1.8,0.18018288378288377,13,1.078071961982349,0.9913793103448275,47,116,0.0,30.909858000086388,1.0,0.9904306220095693,0.8545454545454545,0.0,0.0,0.0,42.0
2400,2400,uplink,0.75,S1,default,class_size_desc,3,0,1.0,533,L6,0.975609756097561,0.975609756097561,0,0,1.0,0.17033716283716283,12,1.0852564102564102,0.992,51,124,0.0,60.39281099992877,1.0,0.9904306220095693,0.96,0.0,4.0,9.0,0.0
2400,2400,uplink,0.75,S2,default,class_size_desc,3,0,1.0,533,L6,0.9924953095684803,0.9924953095684803,0,0,1.0,0.17328228438228438,12,1.0863264020163832,1.0,52,125,0.0,50.46208699991439,1.0,1.0,0.9854545454545455,0.0,4.0,0.0,0.0
2400,2400,uplink,1.0,S0,default,class_size_desc,3,0,1.0,640,L6,0.8359375,0.8359375,16,109,2.3,0.21601828171828172,23,1.071651090342679,0.8273381294964028,47,143,0.0,30.862659999911557,0.7556857836054469,0.8487265929273642,0.839793457337317,0.0,0.0,0.0,105.0
2400,2400,uplink,1.0,S0-QoS,default,class_size_desc,3,0,1.0,640,L6,0.8359375,0.8359375,16,109,2.3,0.21601828171828172,23,1.071651090342679,0.8273381294964028,47,143,0.0,30.181522000020777,1.0,0.9641434262948207,0.7117117117117117,0.0,0.0,0.0,105.0
2400,2400,uplink,1.0,S1,default,class_size_desc,3,0,1.0,640,L6,0.953125,0.953125,0,0,1.0,0.20280852480852482,20,1.1076502732240436,0.9866666666666667,51,148,0.0,68.64131099996484,1.0,0.9641434262948207,0.9369369369369369,0.0,8.0,22.0,0.0
2400,2400,uplink,1.0,S2,default,class_size_desc,3,0,1.0,640,L6,0.9875,0.9875,0,0,1.0,0.21251438561438563,20,1.1176160337552743,1.0,53,156,0.0,62.53838399993583,1.0,1.0,0.975975975975976,0.0,8.0,0.0,0.0
2400,2400,uplink,1.0,S2,lambda=0.5xmean,class_size_desc,3,1,1.0,640,L6,0.9875,0.9875,0,0,1.0,0.25232061272061274,8,1.2895569620253164,1.0,76,219,0.0,54.9889470000835,1.0,1.0,0.975975975975976,0.0,8.0,0.0,0.0
2400,2400,uplink,1.0,S2,lambda=1xmean,class_size_desc,3,2,1.0,640,L6,0.9875,0.9875,0,0,1.0,0.27026949716949716,7,1.3412447257383966,1.0,85,245,0.0,56.89907900000435,1.0,1.0,0.975975975975976,0.0,8.0,0.0,0.0
2400,2400,uplink,1.0,S2,lambda=2xmean,class_size_desc,3,4,1.0,640,L6,0.9875,0.9875,0,0,1.0,0.2917514485514486,5,1.410337552742616,1.0,94,288,0.0,57.27121600011742,1.0,1.0,0.975975975975976,0.0,8.0,0.0,0.0
2400,2400,uplink,1.0,S2,max_paths=1,class_size_desc,1,0,1.0,640,L6,0.959375,0.959375,0,0,1.0,0.2052817848817849,20,1.1123778501628665,1.0,52,152,0.0,62.71554699992521,1.0,0.9840637450199203,0.933933933933934,0.0,8.0,18.0,0.0
2400,2400,uplink,1.0,S2,max_paths=2,class_size_desc,2,0,1.0,640,L6,0.9875,0.9875,0,0,1.0,0.21251438561438563,20,1.1176160337552743,1.0,53,156,0.0,53.27060399986294,1.0,1.0,0.975975975975976,0.0,8.0,0.0,0.0
2400,2400,uplink,1.0,S2,max_paths=4,class_size_desc,4,0,1.0,640,L6,0.9875,0.9875,0,0,1.0,0.21251438561438563,20,1.1176160337552743,1.0,53,156,0.0,76.67855299996518,1.0,1.0,0.975975975975976,0.0,8.0,0.0,0.0
2400,2400,uplink,1.0,S2,order=arrival,arrival,3,0,1.0,640,L6,0.9875,0.9875,0,0,1.0,0.21202427572427573,20,1.1170886075949367,1.0,53,156,0.0,56.54963300003146,1.0,1.0,0.975975975975976,0.0,8.0,0.0,0.0
2400,2400,uplink,1.0,S2,order=class_size_asc,class_size_asc,3,0,1.0,640,L6,0.9875,0.9875,0,0,1.0,0.21208987678987679,21,1.1170886075949367,1.0,54,158,0.0,51.33534399988093,1.0,1.0,0.975975975975976,0.0,8.0,0.0,0.0
2400,2400,uplink,1.0,S2,util_cap=0.9,class_size_desc,3,0,0.9,640,L6,0.984375,0.984375,0,0,0.9,0.21675441225441225,0,1.1407407407407408,1.0,53,153,0.0,53.60456099992916,1.0,1.0,0.96996996996997,0.0,10.0,0.0,0.0
2400,2400,uplink,1.25,S0,default,class_size_desc,3,0,1.0,825,L6,0.695763234586764,0.695763234586764,30,297,3.0,0.27918611388611386,32,1.067362982892483,0.7785234899328859,47,183,0.0,31.944949000035194,0.6115452944747669,0.7114728119517431,0.6984076358183827,0.0,0.0,0.0,250.9953314659197
2400,2400,uplink,1.25,S0-QoS,default,class_size_desc,3,0,1.0,825,L6,0.6939608849648375,0.6939608849648375,30,297,3.0,0.27918611388611386,32,1.0670696272029856,0.7731251823752553,47,183,0.0,30.930226999998922,1.0,0.9323076923076923,0.458961807737068,0.0,0.0,0.0,252.48226990400903
2400,2400,uplink,1.25,S1,default,class_size_desc,3,0,1.0,825,L6,0.9103030303030303,0.9103030303030303,0,0,1.0,0.25956476856476857,35,1.1531291611185086,1.0833333333333333,60,206,0.0,86.01029400006155,1.0,0.9723076923076923,0.8474178403755869,0.0,19.0,55.0,0.0
2400,2400,uplink,1.25,S2,default,class_size_desc,3,0,1.0,825,L6,0.9757575757575757,0.9757575757575757,0,0,1.0,0.29413106893106894,37,1.204968944099379,1.0,70,237,0.0,60.97519399986595,1.0,1.0,0.9530516431924883,0.0,20.0,0.0,0.0
2400,2400,uplink,1.5,S0,default,class_size_desc,3,0,1.0,1005,L6,0.5894811656005686,0.5894811656005686,34,544,3.6,0.33915004995004994,35,1.0669560324732739,0.768287827076223,47,227,0.0,32.98772500011182,0.5042889639259105,0.6095507342958639,0.5884546758349715,0.0,0.0,0.0,412.57142857142856
2400,2400,uplink,1.5,S0-QoS,default,class_size_desc,3,0,1.0,1005,L6,0.5864666813714677,0.5864666813714677,34,544,3.6,0.33915004995004994,35,1.0666371355977533,0.7595300160372107,47,227,0.0,32.54947400000674,1.0,0.898989898989899,0.28045788271709793,0.0,0.0,0.0,415.6009852216749
2400,2400,uplink,1.5,S1,default,class_size_desc,3,0,1.0,1005,L6,0.845771144278607,0.845771144278607,0,0,1.0,0.3143852813852814,44,1.223529411764706,0.9543147208121827,60,253,0.0,129.15017899990744,1.0,0.9419191919191919,0.7471264367816092,0.0,37.0,118.0,0.0
2400,2400,uplink,1.5,S2,default,class_size_desc,3,0,1.0,1005,L6,0.9333333333333333,0.9333333333333333,0,0,1.0,0.39503023643023644,63,1.3411513859275053,0.9737991266375546,73,304,0.0,99.49270900006013,1.0,1.0,0.8716475095785441,0.0,67.0,0.0,0.0
2400,2400,uplink,2.0,S0,default,class_size_desc,3,0,1.0,1280,L6,0.4676968649301826,0.4676968649301826,39,964,4.6,0.43203656343656344,42,1.0668167831415012,0.78,47,286,0.0,48.77655599989339,0.391679566823609,0.4860806782241996,0.4666236864231852,0.0,0.0,0.0,681.3480128893663
2400,2400,uplink,2.0,S0-QoS,default,class_size_desc,3,0,1.0,1280,L6,0.4634256071784759,0.4634256071784759,39,964,4.6,0.43203656343656344,42,1.0662298683621163,0.7546194889076102,47,286,0.0,45.01449000008506,0.9642857142857143,0.7885650380932411,0.1341218139123756,0.0,0.0,0.0,686.8152228115508
2400,2400,uplink,2.0,S1,default,class_size_desc,3,0,1.0,1280,L6,0.7515625,0.7515625,0,0,1.0,0.40294745254745257,68,1.343035343035343,0.9636363636363636,70,316,4.0,105.42131800002608,0.9642857142857143,0.952191235059761,0.5645645645645646,0.0,164.0,154.0,0.0
2400,2400,uplink,2.0,S2,default,class_size_desc,3,0,1.0,1280,L6,0.7921875,0.7921875,0,0,1.0,0.4479941391941392,75,1.405654174884944,0.9020979020979021,81,376,0.0,127.27167599996392,1.0,0.9920318725099602,0.6066066066066066,0.0,266.0,0.0,0.0
2400,2400,multi,0.5,S0,default,class_size_desc,3,0,1.0,365,L23;L32;L64,0.9753424657534246,0.9753424657534246,5,9,1.3,0.12419597392898364,5,1.0187265917602997,0.9411764705882353,11,17,0.0,29.113990000041667,0.9556733588991654,0.9784583232859095,0.9761781428448095,0.0,0.0,0.0,9.000000000000002
2400,2400,multi,0.5,S0-QoS,default,class_size_desc,3,0,1.0,365,L23;L32;L64,0.9753424657534246,0.9753424657534246,5,9,1.3,0.12419597392898364,5,1.0187265917602997,0.9411764705882353,11,17,0.0,29.394787000001088,1.0,1.0,0.9523809523809523,0.0,0.0,0.0,9.0
2400,2400,multi,0.5,S1,default,class_size_desc,3,0,1.0,365,L23;L32;L64,0.9863013698630136,0.9863013698630136,0,0,1.0,0.12087446534048475,5,1.0185185185185186,0.9411764705882353,11,16,0.0,50.61840000007578,1.0,1.0,0.9735449735449735,0.0,1.0,4.0,0.0
2400,2400,multi,0.5,S2,default,class_size_desc,3,0,1.0,365,L23;L32;L64,0.9972602739726028,0.9972602739726028,0,0,1.0,0.12195743091859597,5,1.0183150183150182,0.9411764705882353,11,16,0.0,48.13378999983797,1.0,1.0,0.9947089947089947,0.0,1.0,0.0,0.0
2400,2400,multi,0.75,S0,default,class_size_desc,3,0,1.0,533,L23;L32;L64,0.9155722326454033,0.9155722326454033,10,45,1.8,0.18128094235861225,12,1.0136612021857923,0.8333333333333334,11,24,0.0,29.502088999834086,0.8464909773433182,0.9296222744013344,0.9172032245829037,0.0,0.0,0.0,45.0
2400,2400,multi,0.75,S0-QoS,default,class_size_desc,3,0,1.0,533,L23;L32;L64,0.9155722326454033,0.9155722326454033,10,45,1.8,0.18128094235861225,12,1.0136612021857923,0.8333333333333334,11,24,0.0,28.36783199995807,1.0,0.9904306220095693,0.8436363636363636,0.0,0.0,0.0,45.0
2400,2400,multi,0.75,S1,default,class_size_desc,3,0,1.0,533,L23;L32;L64,0.9699812382739212,0.9699812382739212,0,0,1.0,0.16709522031366691,12,1.0128949065119277,0.8333333333333334,11,20,0.0,53.722811999932674,1.0,0.9904306220095693,0.9490909090909091,0.0,8.0,8.0,0.0
2400,2400,multi,0.75,S2,default,class_size_desc,3,0,1.0,533,L23;L32;L64,0.9849906191369606,0.9849906191369606,0,0,1.0,0.1695388349514563,12,1.013968253968254,0.8333333333333334,11,20,0.0,56.32645499986211,1.0,1.0,0.9709090909090909,0.0,8.0,0.0,0.0
2400,2400,multi,1.0,S0,default,class_size_desc,3,0,1.0,640,L23;L32;L64,0.8625,0.8625,15,88,2.3,0.2179567519858782,23,1.0120772946859904,0.75,11,29,0.0,29.67298899989146,0.7485962547767876,0.8808186900636324,0.8678472027823668,0.0,0.0,0.0,88.0
2400,2400,multi,1.0,S0-QoS,default,class_size_desc,3,0,1.0,640,L23;L32;L64,0.8625,0.8625,15,88,2.3,0.2179567519858782,23,1.0120772946859904,0.75,11,29,0.0,29.181397000002107,1.0,0.9641434262948207,0.7627627627627628,0.0,0.0,0.0,88.0
2400,2400,multi,1.0,S1,default,class_size_desc,3,0,1.0,640,L23;L32;L64,0.9453125,0.9453125,0,0,1.0,0.19374889673433363,22,1.0198347107438017,0.75,11,21,0.0,60.512536000032924,1.0,0.9641434262948207,0.9219219219219219,0.0,16.0,19.0,0.0
2400,2400,multi,1.0,S2,default,class_size_desc,3,0,1.0,640,L23;L32;L64,0.975,0.975,0,0,1.0,0.20071542535134768,22,1.0261752136752136,0.7241379310344828,11,21,0.0,52.5929030000043,1.0,1.0,0.9519519519519519,0.0,16.0,0.0,0.0
2400,2400,multi,1.0,S2,lambda=0.5xmean,class_size_desc,3,1,1.0,640,L23;L32;L64,0.975,0.975,0,0,1.0,0.23401065924366896,6,1.2174145299145298,0.8095238095238095,28,70,0.0,61.830797999846254,1.0,1.0,0.9519519519519519,0.0,16.0,0.0,0.0
2400,2400,multi,1.0,S2,lambda=1xmean,class_size_desc,3,2,1.0,640,L23;L32;L64,0.975,0.975,0,0,1.0,0.2480461334781723,4,1.2697649572649572,0.8260869565217391,28,75,0.0,58.56840000001284,1.0,1.0,0.9519519519519519,0.0,16.0,0.0,0.0
2400,2400,multi,1.0,S2,lambda=2xmean,class_size_desc,3,4,1.0,640,L23;L32;L64,0.975,0.975,0,0,1.0,0.26411348360377485,3,1.3173076923076923,0.8260869565217391,31,89,0.0,57.58191900008569,1.0,1.0,0.9519519519519519,0.0,16.0,0.0,0.0
2400,2400,multi,1.0,S2,max_paths=1,class_size_desc,1,0,1.0,640,L23;L32;L64,0.9484375,0.9484375,0,0,1.0,0.1945570303482925,22,1.0208676551345415,0.75,11,21,0.0,73.53566899996622,1.0,0.9840637450199203,0.9129129129129129,0.0,16.0,17.0,0.0
2400,2400,multi,1.0,S2,max_paths=2,class_size_desc,2,0,1.0,640,L23;L32;L64,0.975,0.975,0,0,1.0,0.20071542535134768,22,1.0261752136752136,0.7241379310344828,11,21,0.0,53.66684700015867,1.0,1.0,0.9519519519519519,0.0,16.0,0.0,0.0
2400,2400,multi,1.0,S2,max_paths=4,class_size_desc,4,0,1.0,640,L23;L32;L64,0.975,0.975,0,0,1.0,0.20071542535134768,22,1.0261752136752136,0.7241379310344828,11,21,0.0,60.16851100002896,1.0,1.0,0.9519519519519519,0.0,16.0,0.0,0.0
2400,2400,multi,1.0,S2,order=arrival,arrival,3,0,1.0,640,L23;L32;L64,0.975,0.975,0,0,1.0,0.20071542535134768,22,1.0261752136752136,0.7241379310344828,11,21,0.0,52.53870100000313,1.0,1.0,0.9519519519519519,0.0,16.0,0.0,0.0
2400,2400,multi,1.0,S2,order=class_size_asc,class_size_asc,3,0,1.0,640,L23;L32;L64,0.975,0.975,0,0,1.0,0.20071542535134768,22,1.0261752136752136,0.7241379310344828,11,21,0.0,69.60253300007935,1.0,1.0,0.9519519519519519,0.0,16.0,0.0,0.0
2400,2400,multi,1.0,S2,util_cap=0.9,class_size_desc,3,0,0.9,640,L23;L32;L64,0.9703125,0.9703125,0,0,0.9,0.20284123158395004,0,1.0477724100912507,0.6666666666666666,10,18,0.0,56.835098999954425,1.0,1.0,0.9429429429429429,0.0,19.0,0.0,0.0
2400,2400,multi,1.25,S0,default,class_size_desc,3,0,1.0,825,L23;L32;L64,0.7243597883597883,0.7243597883597883,28,258,3.0,0.2816002444157784,30,1.0111557933097113,0.8333333333333334,11,38,0.0,30.100339999989956,0.6010812471541784,0.7502647889589688,0.726011165952468,0.0,0.0,0.0,227.4031746031746
2400,2400,multi,1.25,S0-QoS,default,class_size_desc,3,0,1.0,825,L23;L32;L64,0.7216943460579824,0.7216943460579824,28,258,3.0,0.2816002444157784,30,1.0111969951336697,0.8333333333333334,11,38,0.0,28.502292999974088,1.0,0.9261538461538461,0.5173658110277829,0.0,0.0,0.0,229.6021645021645
2400,2400,multi,1.25,S1,default,class_size_desc,3,0,1.0,825,L23;L32;L64,0.9042424242424243,0.9042424242424243,0,0,1.0,0.24447871545929797,33,1.0558534405719393,0.7333333333333333,10,22,0.0,71.30077700003312,1.0,0.9661538461538461,0.8403755868544601,0.0,32.0,47.0,0.0
2400,2400,multi,1.25,S2,default,class_size_desc,3,0,1.0,825,L23;L32;L64,0.96,0.96,0,0,1.0,0.2658427252359291,36,1.087962962962963,0.6470588235294118,14,31,0.0,59.63987899986023,1.0,0.9938461538461538,0.9272300469483568,0.0,33.0,0.0,0.0
2400,2400,multi,1.5,S0,default,class_size_desc,3,0,1.0,1005,L23;L32;L64,0.6194603021757572,0.6194603021757572,32,468,3.6,0.34215272591486184,34,1.0107085137619207,0.9,11,46,0.0,28.7426540000979,0.5054509442785688,0.6506625479230819,0.6147911926376629,0.0,0.0,0.0,382.44239631336404
2400,2400,multi,1.5,S0-QoS,default,class_size_desc,3,0,1.0,1005,L23;L32;L64,0.6129578587896753,0.6129578587896753,32,468,3.6,0.34215272591486184,34,1.0108221129327077,0.9,11,46,0.0,33.1648880001012,1.0,0.8914141414141414,0.3372081380912331,0.0,0.0,0.0,388.97735191637634
2400,2400,multi,1.5,S1,default,class_size_desc,3,0,1.0,1005,L23;L32;L64,0.8517412935323383,0.8517412935323383,0,0,1.0,0.2899158123429968,41,1.1105919003115265,0.7,13,41,0.0,90.65931300006014,1.0,0.9494949494949495,0.7528735632183908,0.0,54.0,95.0,0.0
2400,2400,multi,1.5,S2,default,class_size_desc,3,0,1.0,1005,L23;L32;L64,0.9253731343283582,0.9253731343283582,0,0,1.0,0.32910214542738814,48,1.1594982078853047,0.6363636363636364,13,36,0.0,68.18570499990528,1.0,0.98989898989899,0.8639846743295019,0.0,75.0,0.0,0.0
2400,2400,multi,2.0,S0,default,class_size_desc,3,0,1.0,1280,L23;L32;L64,0.49329656731113497,0.49329656731113497,39,886,4.6,0.4359135039717564,41,1.010558219291334,0.9444444444444445,11,58,0.0,28.56856800008245,0.38988183580910546,0.52318701838643,0.48815759357003774,0.0,0.0,0.0,648.5803938417472
2400,2400,multi,2.0,S0-QoS,default,class_size_desc,3,0,1.0,1280,L23;L32;L64,0.4861901345423292,0.4861901345423292,39,886,4.6,0.4359135039717564,41,1.0107125442564484,0.9841269841269842,11,58,0.0,28.380213999980697,0.9642857142857143,0.8127490039840638,0.15964470302429629,0.0,0.0,0.0,657.6766277858187
2400,2400,multi,2.0,S1,default,class_size_desc,3,0,1.0,1280,L23;L32;L64,0.775,0.775,0,0,1.0,0.3545616131441374,63,1.174731182795699,0.6666666666666666,12,42,4.0,116.13128299995878,0.9642857142857143,0.9362549800796812,0.6216216216216216,0.0,160.0,128.0,0.0
2400,2400,multi,2.0,S2,default,class_size_desc,3,0,1.0,1280,L23;L32;L64,0.83125,0.83125,0,0,1.0,0.3945286849073257,70,1.2224310776942355,0.5263157894736842,18,56,0.0,99.77060999995047,1.0,0.9760956175298805,0.6936936936936937,0.0,216.0,0.0,0.0
2400,2400,recovered,0.5,S0,default,class_size_desc,3,0,1.0,365,,0.9780821917808219,0.9780821917808219,4,8,1.3,0.11900102256234332,4,1.0,nan,6,14,0.0,29.58646599995518,0.9615384615384616,0.9803392010288562,0.9790641457308124,0.0,0.0,0.0,8.0
2400,2400,recovered,0.5,S0-QoS,default,class_size_desc,3,0,1.0,365,,0.9780821917808219,0.9780821917808219,4,8,1.3,0.11900102256234332,4,1.0,nan,6,14,0.0,30.019108000033157,1.0,1.0,0.9576719576719577,0.0,0.0,0.0,8.0
2400,2400,recovered,0.5,S1,default,class_size_desc,3,0,1.0,365,,0.989041095890411,0.989041095890411,0,0,1.0,0.11629710383955667,4,1.0,nan,6,14,0.0,59.96331599999394,1.0,1.0,0.9788359788359788,0.0,0.0,4.0,0.0
2400,2400,recovered,0.5,S2,default,class_size_desc,3,0,1.0,365,,1.0,1.0,0,0,1.0,0.11734941944847606,4,1.0,nan,6,14,0.0,46.198441000115054,1.0,1.0,1.0,0.0,0.0,0.0,0.0
2400,2400,recovered,0.75,S0,default,class_size_desc,3,0,1.0,533,,0.9230769230769231,0.9230769230769231,9,41,1.8,0.17448390288956328,12,1.0,nan,6,21,0.0,28.786667000076704,0.8639836887135807,0.9350904903958661,0.924475951855631,0.0,0.0,0.0,41.0
2400,2400,recovered,0.75,S0-QoS,default,class_size_desc,3,0,1.0,533,,0.9230769230769231,0.9230769230769231,9,41,1.8,0.17448390288956328,12,1.0,nan,6,21,0.0,27.849650000007387,1.0,0.9904306220095693,0.8581818181818182,0.0,0.0,0.0,41.0
2400,2400,recovered,0.75,S1,default,class_size_desc,3,0,1.0,533,,0.9774859287054409,0.9774859287054409,0,0,1.0,0.16279400316664466,12,1.0,nan,6,20,0.0,64.40568700008953,1.0,0.9904306220095693,0.9636363636363636,0.0,4.0,8.0,0.0
2400,2400,recovered,0.75,S2,default,class_size_desc,3,0,1.0,533,,0.9924953095684803,0.9924953095684803,0,0,1.0,0.16516845889959098,12,1.0012602394454946,nan,6,21,0.0,56.693052000127864,1.0,1.0,0.9854545454545455,0.0,4.0,0.0,0.0
2400,2400,recovered,1.0,S0,default,class_size_desc,3,0,1.0,640,,0.8734375,0.8734375,15,81,2.3,0.20927497031270617,22,1.0,nan,6,25,0.0,29.335514999957013,0.7787189098994427,0.8874990393734639,0.8787672137023776,0.0,0.0,0.0,81.0
2400,2400,recovered,1.0,S0-QoS,default,class_size_desc,3,0,1.0,640,,0.8734375,0.8734375,15,81,2.3,0.20927497031270617,22,1.0,nan,6,25,0.0,29.286614000056943,1.0,0.9641434262948207,0.7837837837837838,0.0,0.0,0.0,81.0
2400,2400,recovered,1.0,S1,default,class_size_desc,3,0,1.0,640,,0.95625,0.95625,0,0,1.0,0.18946450719092228,22,1.008714596949891,nan,6,25,0.0,70.68555399996512,1.0,0.9641434262948207,0.9429429429429429,0.0,8.0,20.0,0.0
2400,2400,recovered,1.0,S2,default,class_size_desc,3,0,1.0,640,,0.9875,0.9875,0,0,1.0,0.19651072041166381,22,1.015295358649789,nan,6,25,0.0,50.79434999993282,1.0,1.0,0.975975975975976,0.0,8.0,0.0,0.0
2400,2400,recovered,1.0,S2,lambda=0.5xmean,class_size_desc,3,1,1.0,640,,0.9875,0.9875,0,0,1.0,0.22802790605620793,5,1.2009493670886076,nan,21,65,0.0,55.292966000024535,1.0,1.0,0.975975975975976,0.0,8.0,0.0,0.0
2400,2400,recovered,1.0,S2,lambda=1xmean,class_size_desc,3,2,1.0,640,,0.9875,0.9875,0,0,1.0,0.24211043673307825,3,1.2579113924050633,nan,22,72,0.0,66.57420400006231,1.0,1.0,0.975975975975976,0.0,8.0,0.0,0.0
2400,2400,recovered,1.0,S2,lambda=2xmean,class_size_desc,3,4,1.0,640,,0.9875,0.9875,0,0,1.0,0.2583143884417469,2,1.3059071729957805,nan,25,91,0.0,52.75118999998085,1.0,1.0,0.975975975975976,0.0,8.0,0.0,0.0
2400,2400,recovered,1.0,S2,max_paths=1,class_size_desc,1,0,1.0,640,,0.959375,0.959375,0,0,1.0,0.1902497690988257,22,1.009771986970684,nan,6,24,0.0,69.75678200001312,1.0,0.9840637450199203,0.933933933933934,0.0,8.0,18.0,0.0
2400,2400,recovered,1.0,S2,max_paths=2,class_size_desc,2,0,1.0,640,,0.9875,0.9875,0,0,1.0,0.19651072041166381,22,1.015295358649789,nan,6,25,0.0,51.782313000103386,1.0,1.0,0.975975975975976,0.0,8.0,0.0,0.0
2400,2400,recovered,1.0,S2,max_paths=4,class_size_desc,4,0,1.0,640,,0.9875,0.9875,0,0,1.0,0.19651072041166381,22,1.015295358649789,nan,6,25,0.0,52.221255999938876,1.0,1.0,0.975975975975976,0.0,8.0,0.0,0.0
2400,2400,recovered,1.0,S2,order=arrival,arrival,3,0,1.0,640,,0.9875,0.9875,0,0,1.0,0.19651072041166381,22,1.015295358649789,nan,6,25,0.0,51.64476499999182,1.0,1.0,0.975975975975976,0.0,8.0,0.0,0.0
2400,2400,recovered,1.0,S2,order=class_size_asc,class_size_asc,3,0,1.0,640,,0.9875,0.9875,0,0,1.0,0.19651072041166381,22,1.015295358649789,nan,6,25,0.0,49.62347400010003,1.0,1.0,0.975975975975976,0.0,8.0,0.0,0.0
2400,2400,recovered,1.0,S2,util_cap=0.9,class_size_desc,3,0,0.9,640,,0.984375,0.984375,0,0,0.9,0.1989003826362317,0,1.0375661375661376,nan,6,25,0.0,51.666835999867544,1.0,1.0,0.96996996996997,0.0,10.0,0.0,0.0
2400,2400,recovered,1.25,S0,default,class_size_desc,3,0,1.0,825,,0.735763234586764,0.735763234586764,29,230,3.0,0.2706075999472226,31,1.0,nan,6,32,0.0,30.370617000016864,0.6346184928397617,0.756027527499201,0.7378731305791024,0.0,0.0,0.0,217.9953314659197
2400,2400,recovered,1.25,S0-QoS,default,class_size_desc,3,0,1.0,825,,0.7349358520267611,0.7349358520267611,29,230,3.0,0.2706075999472226,31,1.0,nan,6,32,0.0,28.26710199997251,1.0,0.9323076923076923,0.5383147369062862,0.0,0.0,0.0,218.67792207792206
2400,2400,recovered,1.25,S1,default,class_size_desc,3,0,1.0,825,,0.9139393939393939,0.9139393939393939,0,0,1.0,0.2390057395434754,32,1.046419098143236,nan,6,30,0.0,91.55172600003425,1.0,0.9723076923076923,0.8544600938967136,0.0,19.0,52.0,0.0
2400,2400,recovered,1.25,S2,default,class_size_desc,3,0,1.0,825,,0.9757575757575757,0.9757575757575757,0,0,1.0,0.26139827153978096,36,1.0774327122153209,nan,8,36,0.0,58.06869299999562,1.0,1.0,0.9530516431924883,0.0,20.0,0.0,0.0
2400,2400,recovered,1.5,S0,default,class_size_desc,3,0,1.0,1005,,0.6251924768855533,0.6251924768855533,34,443,3.6,0.3282759928750495,35,1.0,nan,6,39,0.0,29.8051760000817,0.5247861244076895,0.6503113100360256,0.6228712024372528,0.0,0.0,0.0,376.6815607300189
2400,2400,recovered,1.5,S0-QoS,default,class_size_desc,3,0,1.0,1005,,0.6235857313197883,0.6235857313197883,34,443,3.6,0.3282759928750495,35,1.0,nan,6,39,0.0,29.770171000109258,1.0,0.898989898989899,0.35192272026127824,0.0,0.0,0.0,378.29634002361274
2400,2400,recovered,1.5,S1,default,class_size_desc,3,0,1.0,1005,,0.8597014925373134,0.8597014925373134,0,0,1.0,0.28333104631217837,41,1.1003086419753085,nan,6,30,0.0,117.75421700008337,1.0,0.9570707070707071,0.7624521072796935,0.0,35.0,106.0,0.0
2400,2400,recovered,1.5,S2,default,class_size_desc,3,0,1.0,1005,,0.9442786069651742,0.9442786069651742,0,0,1.0,0.32560027708140915,51,1.1520899192132068,nan,5,31,0.0,76.91594900006749,1.0,1.0,0.89272030651341,0.0,56.0,0.0,0.0
2400,2400,recovered,2.0,S0,default,class_size_desc,3,0,1.0,1280,,0.4941391726224903,0.4941391726224903,39,864,4.6,0.41854994062541234,41,1.0,nan,6,50,0.0,29.237391999913598,0.40763430875089096,0.5170579640972343,0.4914114120118261,0.0,0.0,0.0,647.5018590432124
2400,2400,recovered,2.0,S0-QoS,default,class_size_desc,3,0,1.0,1280,,0.49336667077496715,0.49336667077496715,39,864,4.6,0.41854994062541234,41,1.0,nan,6,50,0.0,30.583617000047525,0.9642857142857143,0.8207171314741036,0.16743143932726415,0.0,0.0,0.0,648.4906614080421
2400,2400,recovered,2.0,S1,default,class_size_desc,3,0,1.0,1280,,0.790625,0.790625,0,0,1.0,0.3509926111624225,63,1.1673254281949934,nan,4,34,4.0,130.69267199989554,0.9642857142857143,0.952191235059761,0.6396396396396397,0.0,132.0,136.0,0.0
2400,2400,recovered,2.0,S2,default,class_size_desc,3,0,1.0,1280,,0.846875,0.846875,0,0,1.0,0.3901683599419448,71,1.2177121771217712,nan,15,66,0.0,154.22908200002894,1.0,0.9920318725099602,0.7117117117117117,0.0,196.0,0.0,0.0
2500,2500,healthy,0.5,S0,default,class_size_desc,3,0,1.0,365,,0.9917808219178083,0.9917808219178083,2,3,1.2,0.12205188679245282,8,1.0,nan,0,0,0.0,29.90579499987689,0.9928451178451179,0.9892634958860125,0.9937010554988083,0.0,0.0,0.0,3.0000000000000004
2500,2500,healthy,0.5,S0-QoS,default,class_size_desc,3,0,1.0,365,,0.9917808219178083,0.9917808219178083,2,3,1.2,0.12205188679245282,8,1.0,nan,0,0,0.0,29.28286700011995,1.0,1.0,0.9831460674157303,0.0,0.0,0.0,3.0
2500,2500,healthy,0.5,S1,default,class_size_desc,3,0,1.0,365,,0.9945205479452055,0.9945205479452055,0,0,1.0,0.12088207547169812,8,1.0,nan,0,0,0.0,49.869936000050075,1.0,1.0,0.9887640449438202,0.0,0.0,2.0,0.0
2500,2500,healthy,0.5,S2,default,class_size_desc,3,0,1.0,365,,1.0,1.0,0,0,1.0,0.12140094339622641,8,1.0,nan,0,0,0.0,48.2211839998854,1.0,1.0,1.0,0.0,0.0,0.0,0.0
2500,2500,healthy,0.75,S0,default,class_size_desc,3,0,1.0,522,,0.9137931034482759,0.9137931034482759,9,45,1.8,0.1749198113207547,11,1.0,nan,0,0,0.0,30.00613400013208,0.9212017400648622,0.9201963562396415,0.9070383023016402,0.0,0.0,0.0,45.0
2500,2500,healthy,0.75,S0-QoS,default,class_size_desc,3,0,1.0,522,,0.9137931034482759,0.9137931034482759,9,45,1.8,0.1749198113207547,11,1.0,nan,0,0,0.0,29.3355960000099,1.0,0.9952830188679245,0.8294573643410853,0.0,0.0,0.0,45.0
2500,2500,healthy,0.75,S1,default,class_size_desc,3,0,1.0,522,,0.9540229885057471,0.9540229885057471,0,0,1.0,0.15883176100628932,11,1.0,nan,0,0,0.0,65.29541500003688,1.0,0.9952830188679245,0.9108527131782945,0.0,5.0,19.0,0.0
2500,2500,healthy,0.75,S2,default,class_size_desc,3,0,1.0,522,,0.9904214559386973,0.9904214559386973,0,0,1.0,0.16386006289308175,11,1.0,nan,0,0,0.0,50.058268999919164,1.0,1.0,0.9806201550387597,0.0,5.0,0.0,0.0
2500,2500,healthy,1.0,S0,default,class_size_desc,3,0,1.0,637,,0.8712715855572999,0.8712715855572999,12,82,2.1,0.21305188679245282,20,1.0,nan,0,0,0.0,29.337871000052473,0.8885188832715899,0.8826450673120217,0.8583161271100708,0.0,0.0,0.0,82.0
2500,2500,healthy,1.0,S0-QoS,default,class_size_desc,3,0,1.0,637,,0.8712715855572999,0.8712715855572999,12,82,2.1,0.21305188679245282,20,1.0,nan,0,0,0.0,27.771702999871195,1.0,0.9846743295019157,0.7507987220447284,0.0,0.0,0.0,82.0
2500,2500,healthy,1.0,S1,default,class_size_desc,3,0,1.0,637,,0.9529042386185244,0.9529042386185244,0,0,1.0,0.18986163522012578,20,1.0043931905546404,nan,0,0,0.0,56.25802700001259,1.0,0.9885057471264368,0.9137380191693291,0.0,10.0,20.0,0.0
2500,2500,healthy,1.0,S2,default,class_size_desc,3,0,1.0,637,,0.9843014128728415,0.9843014128728415,0,0,1.0,0.1958317610062893,20,1.0074428495481127,nan,0,0,0.0,51.02496299991799,1.0,1.0,0.9680511182108626,0.0,10.0,0.0,0.0
2500,2500,healthy,1.0,S2,lambda=0.5xmean,class_size_desc,3,1,1.0,637,,0.9843014128728415,0.9843014128728415,0,0,1.0,0.22511320754716982,3,1.1935140882509303,nan,0,0,0.0,56.287823000047865,1.0,1.0,0.9680511182108626,0.0,10.0,0.0,0.0
2500,2500,healthy,1.0,S2,lambda=1xmean,class_size_desc,3,2,1.0,637,,0.9843014128728415,0.9843014128728415,0,0,1.0,0.2426556603773585,4,1.2610313662945243,nan,0,0,0.0,62.936440999919796,1.0,1.0,0.9680511182108626,0.0,10.0,0.0,0.0
2500,2500,healthy,1.0,S2,lambda=2xmean,class_size_desc,3,4,1.0,637,,0.9843014128728415,0.9843014128728415,0,0,1.0,0.2750959119496855,4,1.3593833067517278,nan,0,0,0.0,59.49364399998558,1.0,1.0,0.9680511182108626,0.0,10.0,0.0,0.0
2500,2500,healthy,1.0,S2,max_paths=1,class_size_desc,1,0,1.0,637,,0.9529042386185244,0.9529042386185244,0,0,1.0,0.1891367924528302,20,1.00109829763866,nan,0,0,0.0,57.82695900006729,1.0,0.9923371647509579,0.9105431309904153,0.0,10.0,20.0,0.0
2500,2500,healthy,1.0,S2,max_paths=2,class_size_desc,2,0,1.0,637,,0.9843014128728415,0.9843014128728415,0,0,1.0,0.1958317610062893,20,1.0074428495481127,nan,0,0,0.0,69.579800999918,1.0,1.0,0.9680511182108626,0.0,10.0,0.0,0.0
2500,2500,healthy,1.0,S2,max_paths=4,class_size_desc,4,0,1.0,637,,0.9843014128728415,0.9843014128728415,0,0,1.0,0.1958317610062893,20,1.0074428495481127,nan,0,0,0.0,53.71598900001118,1.0,1.0,0.9680511182108626,0.0,10.0,0.0,0.0
2500,2500,healthy,1.0,S2,order=arrival,arrival,3,0,1.0,637,,0.9843014128728415,0.9843014128728415,0,0,1.0,0.1958317610062893,20,1.0074428495481127,nan,0,0,0.0,51.303595000035784,1.0,1.0,0.9680511182108626,0.0,10.0,0.0,0.0
2500,2500,healthy,1.0,S2,order=class_size_asc,class_size_asc,3,0,1.0,637,,0.9843014128728415,0.9843014128728415,0,0,1.0,0.1958317610062893,20,1.0074428495481127,nan,0,0,0.0,50.40986900007738,1.0,1.0,0.9680511182108626,0.0,10.0,0.0,0.0
2500,2500,healthy,1.0,S2,util_cap=0.9,class_size_desc,3,0,0.9,637,,0.9811616954474097,0.9811616954474097,0,0,0.9,0.1966619496855346,0,1.0245333333333333,nan,0,0,0.0,52.663105000192445,1.0,1.0,0.9616613418530351,0.0,12.0,0.0,0.0
2500,2500,healthy,1.25,S0,default,class_size_desc,3,0,1.0,820,,0.7510017421602787,0.7510017421602787,27,213,2.7,0.2743694968553459,29,1.0,nan,0,0,0.0,33.181739000156085,0.7631002023613663,0.7694109740405648,0.7334001156805167,0.0,0.0,0.0,204.17857142857142
2500,2500,healthy,1.25,S0-QoS,default,class_size_desc,3,0,1.0,820,,0.7519163763066202,0.7519163763066202,27,213,2.7,0.2743694968553459,29,1.0,nan,0,0,0.0,29.29388799998378,1.0,0.9431137724550899,0.544620811287478,0.0,0.0,0.0,203.42857142857142
2500,2500,healthy,1.25,S1,default,class_size_desc,3,0,1.0,820,,0.9097560975609756,0.9097560975609756,0,0,1.0,0.23488050314465408,29,1.0326184092940125,nan,0,0,0.0,79.8181709999426,1.0,0.9461077844311377,0.8617283950617284,0.0,18.0,56.0,0.0
2500,2500,healthy,1.25,S2,default,class_size_desc,3,0,1.0,820,,0.9768292682926829,0.9768292682926829,0,0,1.0,0.2595503144654088,31,1.0711610486891385,nan,0,0,0.0,63.846768000075826,1.0,1.0,0.9530864197530864,0.0,19.0,0.0,0.0
2500,2500,healthy,1.5,S0,default,class_size_desc,3,0,1.0,1002,,0.6439911278253728,0.6439911278253728,37,411,3.3,0.3351037735849057,39,1.0,nan,0,0,0.0,29.49296199994933,0.645363244522421,0.6612458246879642,0.6292359859508405,0.0,0.0,0.0,356.72088991897635
2500,2500,healthy,1.5,S0-QoS,default,class_size_desc,3,0,1.0,1002,,0.6425871540977925,0.6425871540977925,37,411,3.3,0.3351037735849057,39,1.0,nan,0,0,0.0,28.51393600008123,1.0,0.9029126213592233,0.3520821352464117,0.0,0.0,0.0,358.1276715940119
2500,2500,healthy,1.5,S1,default,class_size_desc,3,0,1.0,1002,,0.8882235528942116,0.8882235528942116,0,0,1.0,0.2948238993710692,42,1.1059925093632959,nan,0,0,0.0,75.06592899994757,1.0,0.9296116504854369,0.8309572301425662,0.0,34.0,78.0,0.0
2500,2500,healthy,1.5,S2,default,class_size_desc,3,0,1.0,1002,,0.9580838323353293,0.9580838323353293,0,0,1.0,0.3264764150943396,52,1.1427083333333334,nan,0,0,0.0,64.62826400002086,1.0,1.0,0.9144602851323829,0.0,42.0,0.0,0.0
2500,2500,healthy,2.0,S0,default,class_size_desc,3,0,1.0,1274,,0.5096387057481064,0.5096387057481064,42,812,4.2,0.42610377358490564,43,1.0,nan,0,0,0.0,38.87001699990833,0.5062709988765844,0.524704213811012,0.4977539387464692,0.0,0.0,0.0,624.7202888769124
2500,2500,healthy,2.0,S0-QoS,default,class_size_desc,3,0,1.0,1274,,0.5053136950513044,0.5053136950513044,42,812,4.2,0.42610377358490564,43,1.0,nan,0,0,0.0,28.48876799998834,0.9841269841269841,0.8064367816091954,0.1578428873727824,0.0,0.0,0.0,630.2303525046382
2500,2500,healthy,2.0,S1,default,class_size_desc,3,0,1.0,1274,,0.7943485086342229,0.7943485086342229,0,0,1.0,0.3503364779874214,62,1.173254281949934,nan,0,0,2.0,150.9659629998623,0.9841269841269841,0.9042145593869731,0.6645367412140575,0.0,102.0,160.0,0.0
2500,2500,healthy,2.0,S2,default,class_size_desc,3,0,1.0,1274,,0.8649921507064364,0.8649921507064364,0,0,1.0,0.4157798742138365,73,1.2456140350877194,nan,0,0,0.0,94.26279099989188,1.0,0.9885057471264368,0.7348242811501597,0.0,172.0,0.0,0.0
2500,2500,uplink,0.5,S0,default,class_size_desc,3,0,1.0,365,L6,0.9917808219178083,0.9917808219178083,2,3,1.2,0.1254047619047619,8,1.0552486187845305,1.0,30,60,0.0,32.567468000024746,0.9928451178451179,0.9892634958860125,0.9937010554988083,0.0,0.0,0.0,3.0000000000000004
2500,2500,uplink,0.5,S0-QoS,default,class_size_desc,3,0,1.0,365,L6,0.9917808219178083,0.9917808219178083,2,3,1.2,0.1254047619047619,8,1.0552486187845305,1.0,30,60,0.0,29.453246000002764,1.0,1.0,0.9831460674157303,0.0,0.0,0.0,3.0
2500,2500,uplink,0.5,S1,default,class_size_desc,3,0,1.0,365,L6,0.9945205479452055,0.9945205479452055,0,0,1.0,0.12422380952380953,8,1.0550964187327823,1.0,30,60,0.0,54.56086399999549,1.0,1.0,0.9887640449438202,0.0,0.0,2.0,0.0
2500,2500,uplink,0.5,S2,default,class_size_desc,3,0,1.0,365,L6,1.0,1.0,0,0,1.0,0.12474761904761905,8,1.0547945205479452,1.0,30,60,0.0,48.97213300000658,1.0,1.0,1.0,0.0,0.0,0.0,0.0
2500,2500,uplink,0.75,S0,default,class_size_desc,3,0,1.0,522,L6,0.8963957943508866,0.8963957943508866,10,56,1.8,0.17972539682539682,12,1.051232987914482,0.8878840080390468,30,86,0.0,30.767610999873796,0.9064432427482254,0.9014929775647841,0.8901823441260498,0.0,0.0,0.0,54.081395348837205
2500,2500,uplink,0.75,S0-QoS,default,class_size_desc,3,0,1.0,522,L6,0.8978714346530439,0.8978714346530439,10,56,1.8,0.17972539682539682,12,1.0516966162502173,0.8973936899862826,30,86,0.0,37.163085999964096,1.0,0.9952830188679245,0.7972437553832903,0.0,0.0,0.0,53.31111111111111
2500,2500,uplink,0.75,S1,default,class_size_desc,3,0,1.0,522,L6,0.9521072796934866,0.9521072796934866,0,0,1.0,0.16664761904761904,13,1.0663983903420524,0.9647058823529412,32,84,0.0,64.47879400002421,1.0,0.9952830188679245,0.9069767441860465,0.0,3.0,22.0,0.0
2500,2500,uplink,0.75,S2,default,class_size_desc,3,0,1.0,522,L6,0.9904214559386973,0.9904214559386973,0,0,1.0,0.17217301587301587,12,1.0689877498388136,1.0,33,91,0.0,55.58996399986427,1.0,1.0,0.9806201550387597,0.0,5.0,0.0,0.0
2500,2500,uplink,1.0,S0,default,class_size_desc,3,0,1.0,637,L6,0.836038624448328,0.836038624448328,13,113,2.1,0.21895079365079365,21,1.0447881053184769,0.7612404656764351,30,106,0.0,34.64199799987,0.8580945177364778,0.8439427203722841,0.8250083039585324,0.0,0.0,0.0,104.44339622641509
2500,2500,uplink,1.0,S0-QoS,default,class_size_desc,3,0,1.0,637,L6,0.8397031539888683,0.8397031539888683,13,113,2.1,0.21895079365079365,21,1.0460473390212675,0.786073500967118,30,106,0.0,30.580149999877904,1.0,0.9846743295019157,0.6865524252105721,0.0,0.0,0.0,102.10909090909091
2500,2500,uplink,1.0,S1,default,class_size_desc,3,0,1.0,637,L6,0.9529042386185244,0.9529042386185244,0,0,1.0,0.2036952380952381,20,1.085118066996156,1.0,36,112,0.0,112.89278000003833,1.0,0.9885057471264368,0.9137380191693291,0.0,10.0,20.0,0.0
2500,2500,uplink,1.0,S2,default,class_size_desc,3,0,1.0,637,L6,0.9843014128728415,0.9843014128728415,0,0,1.0,0.21253650793650794,23,1.0940988835725678,1.0,38,116,0.0,83.53423999983534,1.0,1.0,0.9680511182108626,0.0,10.0,0.0,0.0
2500,2500,uplink,1.0,S2,lambda=0.5xmean,class_size_desc,3,1,1.0,637,L6,0.9843014128728415,0.9843014128728415,0,0,1.0,0.2608238095238095,6,1.305156831472621,1.0,78,231,0.0,55.69570199986629,1.0,1.0,0.9680511182108626,0.0,10.0,0.0,0.0
2500,2500,uplink,1.0,S2,lambda=1xmean,class_size_desc,3,2,1.0,637,L6,0.9843014128728415,0.9843014128728415,0,0,1.0,0.27784761904761907,6,1.364167995746943,1.0,91,289,0.0,55.530251999925895,1.0,1.0,0.9680511182108626,0.0,10.0,0.0,0.0
2500,2500,uplink,1.0,S2,lambda=2xmean,class_size_desc,3,4,1.0,637,L6,0.9843014128728415,0.9843014128728415,0,0,1.0,0.3018873015873016,6,1.4311536416799575,1.0,95,298,0.0,56.628090000003795,1.0,1.0,0.9680511182108626,0.0,10.0,0.0,0.0
2500,2500,uplink,1.0,S2,max_paths=1,class_size_desc,1,0,1.0,637,L6,0.9481946624803768,0.9481946624803768,0,0,1.0,0.20104126984126985,22,1.0778145695364238,0.9724770642201835,35,107,0.0,69.12523699998019,1.0,0.9923371647509579,0.9009584664536742,0.0,10.0,23.0,0.0
2500,2500,uplink,1.0,S2,max_paths=2,class_size_desc,2,0,1.0,637,L6,0.9827315541601256,0.9827315541601256,0,0,1.0,0.21126190476190476,22,1.0910543130990416,0.9918032786885246,38,115,0.0,56.76081899991914,1.0,1.0,0.9648562300319489,0.0,10.0,1.0,0.0
2500,2500,uplink,1.0,S2,max_paths=4,class_size_desc,4,0,1.0,637,L6,0.9843014128728415,0.9843014128728415,0,0,1.0,0.21253650793650794,23,1.0940988835725678,1.0,38,116,0.0,57.631663000165645,1.0,1.0,0.9680511182108626,0.0,10.0,0.0,0.0
2500,2500,uplink,1.0,S2,order=arrival,arrival,3,0,1.0,637,L6,0.9843014128728415,0.9843014128728415,0,0,1.0,0.2121825396825397,20,1.0940988835725678,1.0,37,119,0.0,60.153461999789215,1.0,1.0,0.9680511182108626,0.0,10.0,0.0,0.0
2500,2500,uplink,1.0,S2,order=class_size_asc,class_size_asc,3,0,1.0,637,L6,0.9843014128728415,0.9843014128728415,0,0,1.0,0.21346190476190477,23,1.0962254120148858,1.0,36,122,0.0,59.03422300002603,1.0,1.0,0.9680511182108626,0.0,10.0,0.0,0.0
2500,2500,uplink,1.0,S2,util_cap=0.9,class_size_desc,3,0,0.9,637,L6,0.9811616954474097,0.9811616954474097,0,0,0.9,0.22325396825396826,0,1.1402666666666668,1.0,48,132,0.0,54.98933700005182,1.0,1.0,0.9616613418530351,0.0,12.0,0.0,0.0
2500,2500,uplink,1.25,S0,default,class_size_desc,3,0,1.0,820,L6,0.7126690155494305,0.7126690155494305,28,272,2.7,0.28187460317460317,30,1.040821675318393,0.6948268366903347,30,134,0.0,31.010197000114204,0.7182933723140719,0.7273711730455399,0.699419401965143,0.0,0.0,0.0,235.61140724946696
2500,2500,uplink,1.25,S0-QoS,default,class_size_desc,3,0,1.0,820,L6,0.7177700348432056,0.7177700348432056,28,272,2.7,0.28187460317460317,30,1.0424757281553398,0.7281553398058253,30,134,0.0,29.077311000037298,1.0,0.9431137724550899,0.47548500881834216,0.0,0.0,0.0,231.42857142857142
2500,2500,uplink,1.25,S1,default,class_size_desc,3,0,1.0,820,L6,0.9,0.9,0,0,1.0,0.2630142857142857,34,1.1445347786811202,1.006896551724138,46,164,0.0,84.0050430001611,1.0,0.9461077844311377,0.8419753086419753,0.0,18.0,64.0,0.0
2500,2500,uplink,1.25,S2,default,class_size_desc,3,0,1.0,820,L6,0.9768292682926829,0.9768292682926829,0,0,1.0,0.31962857142857143,43,1.2367873491468997,1.0,63,212,0.0,59.19120700013991,1.0,1.0,0.9530864197530864,0.0,19.0,0.0,0.0
2500,2500,uplink,1.5,S0,default,class_size_desc,3,0,1.0,1002,L6,0.6071070646264695,0.6071070646264695,37,486,3.3,0.3443555555555556,39,1.0393967205994104,0.6604869950193691,30,166,0.0,30.707238000104553,0.601873267297504,0.6216620724718158,0.5959491882584143,0.0,0.0,0.0,393.6787212442776
2500,2500,uplink,1.5,S0-QoS,default,class_size_desc,3,0,1.0,1002,L6,0.6085157619982706,0.6085157619982706,37,486,3.3,0.3443555555555556,39,1.0410015670234523,0.6871936927338589,30,166,0.0,33.69334800004253,1.0,0.8907766990291263,0.29273481369097193,0.0,0.0,0.0,392.26720647773277
2500,2500,uplink,1.5,S1,default,class_size_desc,3,0,1.0,1002,L6,0.8572854291417166,0.8572854291417166,0,0,1.0,0.3582238095238095,51,1.291036088474971,0.98,60,264,0.0,108.48358099997313,1.0,0.9247572815533981,0.7718940936863544,0.0,32.0,111.0,0.0
2500,2500,uplink,1.5,S2,default,class_size_desc,3,0,1.0,1002,L6,0.9011976047904192,0.9011976047904192,0,0,1.0,0.3810698412698413,60,1.306016980435585,0.9882352941176471,82,304,0.0,81.96745300006114,1.0,1.0,0.7983706720977597,0.0,96.0,3.0,0.0
2500,2500,uplink,2.0,S0,default,class_size_desc,3,0,1.0,1274,L6,0.48198105342738135,0.48198105342738135,42,887,4.2,0.4379015873015873,43,1.03884445840333,0.6700530035335689,30,212,0.0,33.54132300000856,0.47129241898414076,0.49469013280120244,0.47353477308666847,0.0,0.0,0.0,659.9561379335162
2500,2500,uplink,2.0,S0-QoS,default,class_size_desc,3,0,1.0,1274,L6,0.4784405681781775,0.4784405681781775,42,887,4.2,0.4379015873015873,43,1.0410149874699595,0.6865845539280959,30,212,0.0,31.299470000021756,0.9841269841269841,0.758544061302682,0.14308831287379895,0.0,0.0,0.0,664.4667161410018
2500,2500,uplink,2.0,S1,default,class_size_desc,3,0,1.0,1274,L6,0.7401883830455259,0.7401883830455259,0,0,1.0,0.3951047619047619,64,1.3078826440438318,0.8466666666666667,73,297,2.0,118.99894099997255,0.9841269841269841,0.8793103448275862,0.5750798722044729,0.0,152.0,179.0,0.0
2500,2500,uplink,2.0,S2,default,class_size_desc,3,0,1.0,1274,L6,0.7668759811616954,0.7668759811616954,0,0,1.0,0.4318984126984127,72,1.3599454111224838,1.0,82,329,0.0,128.29909300012332,1.0,0.9885057471264368,0.5351437699680511,0.0,297.0,0.0,0.0
2500,2500,multi,0.5,S0,default,class_size_desc,3,0,1.0,365,L102;L106;L38,0.9726027397260274,0.9916201117318436,2,3,1.2,0.1238284789644013,8,1.0131455399061033,0.5,9,7,0.0,28.574017999972057,0.9928451178451179,0.9760184627734296,0.9656111678583589,7.0,0.0,0.0,3.0000000000000004
2500,2500,multi,0.5,S0-QoS,default,class_size_desc,3,0,1.0,365,L102;L106;L38,0.9726027397260274,0.9916201117318436,2,3,1.2,0.1238284789644013,8,1.0131455399061033,0.5,9,7,0.0,27.49270999993314,1.0,0.9867549668874173,0.9550561797752809,7.0,0.0,0.0,3.0
2500,2500,multi,0.5,S1,default,class_size_desc,3,0,1.0,365,L102;L106;L38,0.9753424657534246,0.994413407821229,0,0,1.0,0.12262459546925567,8,1.0131086142322097,0.5,9,7,0.0,47.31113799994091,1.0,0.9867549668874173,0.9606741573033708,7.0,0.0,2.0,0.0
2500,2500,multi,0.5,S2,default,class_size_desc,3,0,1.0,365,L102;L106;L38,0.9808219178082191,1.0,0,0,1.0,0.12315857605177993,8,1.0130353817504656,0.5,9,7,0.0,45.58400900009474,1.0,0.9867549668874173,0.9719101123595506,7.0,0.0,0.0,0.0
2500,2500,multi,0.75,S0,default,class_size_desc,3,0,1.0,522,L102;L106;L38,0.896551724137931,0.9122807017543859,9,45,1.8,0.1774724919093851,11,1.0113960113960114,0.47058823529411764,9,8,0.0,30.144181999958164,0.9212017400648622,0.9107623939754905,0.8799065193559038,9.0,0.0,0.0,45.0
2500,2500,multi,0.75,S0-QoS,default,class_size_desc,3,0,1.0,522,L102;L106;L38,0.896551724137931,0.9122807017543859,9,45,1.8,0.1774724919093851,11,1.0113960113960114,0.47058823529411764,9,8,0.0,29.66979200004971,1.0,0.9858490566037735,0.8023255813953488,9.0,0.0,0.0,45.0
2500,2500,multi,0.75,S1,default,class_size_desc,3,0,1.0,522,L102;L106;L38,0.9367816091954023,0.9532163742690059,0,0,1.0,0.16137540453074434,11,1.0136332651670075,0.5263157894736842,10,10,0.0,54.74263500013876,1.0,0.9858490566037735,0.8837209302325582,9.0,5.0,19.0,0.0
2500,2500,multi,0.75,S2,default,class_size_desc,3,0,1.0,522,L102;L106;L38,0.9731800766283525,0.9902534113060428,0,0,1.0,0.16746925566343043,11,1.0183727034120735,0.625,11,14,0.0,52.06799799998407,1.0,0.9905660377358491,0.9534883720930233,9.0,5.0,0.0,0.0
2500,2500,multi,1.0,S0,default,class_size_desc,3,0,1.0,637,L102;L106;L38,0.8540031397174255,0.8690095846645367,12,82,2.1,0.21646278317152104,20,1.0122549019607843,0.47619047619047616,9,11,0.0,33.26355299986972,0.8885188832715899,0.8735889892904265,0.8307239110194522,11.0,0.0,0.0,82.0
2500,2500,multi,1.0,S0-QoS,default,class_size_desc,3,0,1.0,637,L102;L106;L38,0.8540031397174255,0.8690095846645367,12,82,2.1,0.21646278317152104,20,1.0122549019607843,0.4761904761904762,9,11,0.0,28.120828000055553,1.0,0.9770114942528736,0.7220447284345048,11.0,0.0,0.0,82.0
2500,2500,multi,1.0,S1,default,class_size_desc,3,0,1.0,637,L102;L106;L38,0.9356357927786499,0.952076677316294,0,0,1.0,0.19465210355987056,20,1.0257270693512304,0.6333333333333333,12,19,0.0,56.754267000087566,1.0,0.9808429118773946,0.8849840255591054,11.0,10.0,20.0,0.0
2500,2500,multi,1.0,S2,default,class_size_desc,3,0,1.0,637,L102;L106;L38,0.967032967032967,0.9840255591054313,0,0,1.0,0.20079611650485438,20,1.0281385281385282,0.6333333333333333,12,19,0.0,51.369128000033015,1.0,0.9923371647509579,0.939297124600639,11.0,10.0,0.0,0.0
2500,2500,multi,1.0,S2,lambda=0.5xmean,class_size_desc,3,1,1.0,637,L102;L106;L38,0.967032967032967,0.9840255591054313,0,0,1.0,0.23041747572815535,3,1.2164502164502164,0.6764705882352942,31,71,0.0,51.17125699985081,1.0,0.9923371647509579,0.939297124600639,11.0,10.0,0.0,0.0
2500,2500,multi,1.0,S2,lambda=1xmean,class_size_desc,3,2,1.0,637,L102;L106;L38,0.967032967032967,0.9840255591054313,0,0,1.0,0.24601132686084143,4,1.272186147186147,0.6,18,34,0.0,52.32739500002026,1.0,0.9923371647509579,0.939297124600639,11.0,10.0,0.0,0.0
2500,2500,multi,1.0,S2,lambda=2xmean,class_size_desc,3,4,1.0,637,L102;L106;L38,0.967032967032967,0.9840255591054313,0,0,1.0,0.2770614886731392,5,1.3674242424242424,0.5769230769230769,18,38,0.0,53.744884000025195,1.0,0.9923371647509579,0.939297124600639,11.0,10.0,0.0,0.0
2500,2500,multi,1.0,S2,max_paths=1,class_size_desc,1,0,1.0,637,L102;L106;L38,0.9356357927786499,0.952076677316294,0,0,1.0,0.19390614886731392,20,1.0223713646532437,0.6333333333333333,12,19,0.0,82.0763070000794,1.0,0.9846743295019157,0.8817891373801917,11.0,10.0,20.0,0.0
2500,2500,multi,1.0,S2,max_paths=2,class_size_desc,2,0,1.0,637,L102;L106;L38,0.967032967032967,0.9840255591054313,0,0,1.0,0.20079611650485438,20,1.0281385281385282,0.6333333333333333,12,19,0.0,54.19519799988848,1.0,0.9923371647509579,0.939297124600639,11.0,10.0,0.0,0.0
2500,2500,multi,1.0,S2,max_paths=4,class_size_desc,4,0,1.0,637,L102;L106;L38,0.967032967032967,0.9840255591054313,0,0,1.0,0.20079611650485438,20,1.0281385281385282,0.6333333333333333,12,19,0.0,69.86143800008904,1.0,0.9923371647509579,0.939297124600639,11.0,10.0,0.0,0.0
2500,2500,multi,1.0,S2,order=arrival,arrival,3,0,1.0,637,L102;L106;L38,0.967032967032967,0.9840255591054313,0,0,1.0,0.20079611650485438,20,1.0281385281385282,0.6333333333333333,12,19,0.0,53.70283499996731,1.0,0.9923371647509579,0.939297124600639,11.0,10.0,0.0,0.0
2500,2500,multi,1.0,S2,order=class_size_asc,class_size_asc,3,0,1.0,637,L102;L106;L38,0.967032967032967,0.9840255591054313,0,0,1.0,0.20079611650485438,20,1.0281385281385282,0.6666666666666666,12,19,0.0,48.6941609999576,1.0,0.9923371647509579,0.939297124600639,11.0,10.0,0.0,0.0
2500,2500,multi,1.0,S2,util_cap=0.9,class_size_desc,3,0,0.9,637,L102;L106;L38,0.9623233908948194,0.9792332268370607,0,0,0.9,0.20135760517799353,0,1.044589450788472,0.6363636363636364,12,18,0.0,54.33348700012175,1.0,0.9923371647509579,0.9297124600638977,11.0,13.0,0.0,0.0
2500,2500,multi,1.25,S0,default,class_size_desc,3,0,1.0,820,L102;L106;L38,0.7339285714285714,0.7466767103863878,27,213,2.7,0.2788042071197411,30,1.0110774830376041,0.4166666666666667,9,14,0.0,29.008161999854565,0.7631002023613663,0.7582903581295297,0.7080032902836914,14.0,0.0,0.0,204.17857142857142
2500,2500,multi,1.25,S0-QoS,default,class_size_desc,3,0,1.0,820,L102;L106;L38,0.7348432055749129,0.7476072314781992,27,213,2.7,0.2788042071197411,30,1.0110636952742216,0.4166666666666667,9,14,0.0,27.86255399996662,1.0,0.937125748502994,0.5149911816578483,14.0,0.0,0.0,203.42857142857142
2500,2500,multi,1.25,S1,default,class_size_desc,3,0,1.0,820,L102;L106;L38,0.8902439024390244,0.9057071960297767,0,0,1.0,0.23985113268608413,30,1.0515981735159818,0.5555555555555556,11,20,0.0,67.6435190000575,1.0,0.9401197604790419,0.8271604938271605,14.0,20.0,56.0,0.0
2500,2500,multi,1.25,S2,default,class_size_desc,3,0,1.0,820,L102;L106;L38,0.9536585365853658,0.9702233250620348,0,0,1.0,0.2642135922330097,32,1.0878090366581414,0.5365853658536586,13,23,0.0,56.821893999995154,1.0,0.9940119760479041,0.9111111111111111,14.0,24.0,0.0,0.0
2500,2500,multi,1.5,S0,default,class_size_desc,3,0,1.0,1002,L102;L106;L38,0.6222335690821992,0.6336158904678492,37,429,3.3,0.3402912621359223,39,1.010692704922023,0.35714285714285715,9,18,0.0,28.107563000048685,0.637327147565423,0.641202587153614,0.6032732845297306,18.0,0.0,0.0,360.5219637796364
2500,2500,multi,1.5,S0-QoS,default,class_size_desc,3,0,1.0,1002,L102;L106;L38,0.6227001591613912,0.6340910157314167,37,429,3.3,0.3402912621359223,39,1.0106846928636302,0.35714285714285715,9,18,0.0,26.931787999956214,1.0,0.8932038834951457,0.3196447239912709,18.0,0.0,0.0,360.054440520286
2500,2500,multi,1.5,S1,default,class_size_desc,3,0,1.0,1002,L102;L106;L38,0.8662674650698603,0.8821138211382114,0,0,1.0,0.2997637540453074,43,1.1225038402457757,0.47619047619047616,13,28,0.0,100.60689900001307,1.0,0.9199029126213593,0.7942973523421588,18.0,38.0,78.0,0.0
2500,2500,multi,1.5,S2,default,class_size_desc,3,0,1.0,1002,L102;L106;L38,0.9311377245508982,0.948170731707317,0,0,1.0,0.330752427184466,51,1.1579135405501966,0.4375,14,30,0.0,76.28115800002888,1.0,0.9902912621359223,0.8676171079429735,18.0,51.0,0.0,0.0
2500,2500,multi,2.0,S0,default,class_size_desc,3,0,1.0,1274,L102;L106;L38,0.49285087927602894,0.5015111982409431,40,802,4.2,0.4329255663430421,42,1.010617536857003,0.3373493975903614,9,22,0.0,28.766890000042622,0.49993561518271024,0.5103939319340418,0.47679632622215584,22.0,0.0,0.0,624.1079798023392
2500,2500,multi,2.0,S0-QoS,default,class_size_desc,3,0,1.0,1274,L102;L106;L38,0.4896151079241458,0.49821856828703015,40,802,4.2,0.4329255663430421,42,1.0106877061002175,0.3363914373088685,9,22,0.0,28.310232999956497,0.9841269841269841,0.7949425287356322,0.13547867012038622,22.0,0.0,0.0,628.2303525046382
2500,2500,multi,2.0,S1,default,class_size_desc,3,0,1.0,1274,L102;L106;L38,0.7708006279434851,0.7843450479233227,0,0,1.0,0.352705501618123,60,1.1812627291242364,0.4,13,36,2.0,91.26207300005262,0.9841269841269841,0.89272030651341,0.6261980830670927,22.0,118.0,152.0,0.0
2500,2500,multi,2.0,S2,default,class_size_desc,3,0,1.0,1274,L102;L106;L38,0.8335949764521193,0.8482428115015974,0,0,1.0,0.40609870550161814,69,1.2357187696170746,0.46875,25,66,0.0,100.49938700012717,1.0,0.9731800766283525,0.6837060702875399,22.0,190.0,0.0,0.0
2500,2500,recovered,0.5,S0,default,class_size_desc,3,0,1.0,365,,0.9917808219178083,0.9917808219178083,2,3,1.2,0.12205188679245282,8,1.0,nan,83,156,0.0,28.834134999897287,0.9928451178451179,0.9892634958860125,0.9937010554988083,0.0,0.0,0.0,3.0000000000000004
2500,2500,recovered,0.5,S0-QoS,default,class_size_desc,3,0,1.0,365,,0.9917808219178083,0.9917808219178083,2,3,1.2,0.12205188679245282,8,1.0,nan,83,156,0.0,27.860739999823636,1.0,1.0,0.9831460674157303,0.0,0.0,0.0,3.0
2500,2500,recovered,0.5,S1,default,class_size_desc,3,0,1.0,365,,0.9945205479452055,0.9945205479452055,0,0,1.0,0.12088207547169812,8,1.0,nan,85,158,0.0,50.3136079998967,1.0,1.0,0.9887640449438202,0.0,0.0,2.0,0.0
2500,2500,recovered,0.5,S2,default,class_size_desc,3,0,1.0,365,,1.0,1.0,0,0,1.0,0.12140094339622641,8,1.0,nan,86,161,0.0,47.20361599993339,1.0,1.0,1.0,0.0,0.0,0.0,0.0
2500,2500,recovered,0.75,S0,default,class_size_desc,3,0,1.0,522,,0.9137931034482759,0.9137931034482759,9,45,1.8,0.1749198113207547,11,1.0,nan,83,220,0.0,40.4815189999681,0.9212017400648622,0.9201963562396415,0.9070383023016402,0.0,0.0,0.0,45.0
2500,2500,recovered,0.75,S0-QoS,default,class_size_desc,3,0,1.0,522,,0.9137931034482759,0.9137931034482759,9,45,1.8,0.1749198113207547,11,1.0,nan,83,220,0.0,29.693657999814604,1.0,0.9952830188679245,0.8294573643410853,0.0,0.0,0.0,45.0
2500,2500,recovered,0.75,S1,default,class_size_desc,3,0,1.0,522,,0.9540229885057471,0.9540229885057471,0,0,1.0,0.15883176100628932,11,1.0,nan,99,252,0.0,61.06085399983385,1.0,0.9952830188679245,0.9108527131782945,0.0,5.0,19.0,0.0
2500,2500,recovered,0.75,S2,default,class_size_desc,3,0,1.0,522,,0.9904214559386973,0.9904214559386973,0,0,1.0,0.16386006289308175,11,1.0,nan,102,270,0.0,49.9707460000991,1.0,1.0,0.9806201550387597,0.0,5.0,0.0,0.0
2500,2500,recovered,1.0,S0,default,class_size_desc,3,0,1.0,637,,0.8712715855572999,0.8712715855572999,12,82,2.1,0.21305188679245282,20,1.0,nan,83,270,0.0,28.7784009999541,0.8885188832715899,0.8826450673120217,0.8583161271100708,0.0,0.0,0.0,82.0
2500,2500,recovered,1.0,S0-QoS,default,class_size_desc,3,0,1.0,637,,0.8712715855572999,0.8712715855572999,12,82,2.1,0.21305188679245282,20,1.0,nan,83,270,0.0,37.48415800009752,1.0,0.9846743295019157,0.7507987220447284,0.0,0.0,0.0,82.0
2500,2500,recovered,1.0,S1,default,class_size_desc,3,0,1.0,637,,0.9529042386185244,0.9529042386185244,0,0,1.0,0.18986163522012578,20,1.0043931905546404,nan,104,326,0.0,55.453768000006676,1.0,0.9885057471264368,0.9137380191693291,0.0,10.0,20.0,0.0
2500,2500,recovered,1.0,S2,default,class_size_desc,3,0,1.0,637,,0.9843014128728415,0.9843014128728415,0,0,1.0,0.1958317610062893,20,1.0074428495481127,nan,107,354,0.0,54.707749000044714,1.0,1.0,0.9680511182108626,0.0,10.0,0.0,0.0
2500,2500,recovered,1.0,S2,lambda=0.5xmean,class_size_desc,3,1,1.0,637,,0.9843014128728415,0.9843014128728415,0,0,1.0,0.22511320754716982,3,1.1935140882509303,nan,161,516,0.0,53.80691999994269,1.0,1.0,0.9680511182108626,0.0,10.0,0.0,0.0
2500,2500,recovered,1.0,S2,lambda=1xmean,class_size_desc,3,2,1.0,637,,0.9843014128728415,0.9843014128728415,0,0,1.0,0.2426556603773585,4,1.2610313662945243,nan,165,531,0.0,54.05549600004633,1.0,1.0,0.9680511182108626,0.0,10.0,0.0,0.0
2500,2500,recovered,1.0,S2,lambda=2xmean,class_size_desc,3,4,1.0,637,,0.9843014128728415,0.9843014128728415,0,0,1.0,0.2750959119496855,4,1.3593833067517278,nan,165,524,0.0,54.71390100001372,1.0,1.0,0.9680511182108626,0.0,10.0,0.0,0.0
2500,2500,recovered,1.0,S2,max_paths=1,class_size_desc,1,0,1.0,637,,0.9529042386185244,0.9529042386185244,0,0,1.0,0.1891367924528302,20,1.00109829763866,nan,107,334,0.0,58.36201300007815,1.0,0.9923371647509579,0.9105431309904153,0.0,10.0,20.0,0.0
2500,2500,recovered,1.0,S2,max_paths=2,class_size_desc,2,0,1.0,637,,0.9843014128728415,0.9843014128728415,0,0,1.0,0.1958317610062893,20,1.0074428495481127,nan,107,354,0.0,52.927691000149935,1.0,1.0,0.9680511182108626,0.0,10.0,0.0,0.0
2500,2500,recovered,1.0,S2,max_paths=4,class_size_desc,4,0,1.0,637,,0.9843014128728415,0.9843014128728415,0,0,1.0,0.1958317610062893,20,1.0074428495481127,nan,107,354,0.0,52.25606199996946,1.0,1.0,0.9680511182108626,0.0,10.0,0.0,0.0
2500,2500,recovered,1.0,S2,order=arrival,arrival,3,0,1.0,637,,0.9843014128728415,0.9843014128728415,0,0,1.0,0.1958317610062893,20,1.0074428495481127,nan,104,346,0.0,54.96436999987964,1.0,1.0,0.9680511182108626,0.0,10.0,0.0,0.0
2500,2500,recovered,1.0,S2,order=class_size_asc,class_size_asc,3,0,1.0,637,,0.9843014128728415,0.9843014128728415,0,0,1.0,0.1958317610062893,20,1.0074428495481127,nan,105,352,0.0,55.09326199990028,1.0,1.0,0.9680511182108626,0.0,10.0,0.0,0.0
2500,2500,recovered,1.0,S2,util_cap=0.9,class_size_desc,3,0,0.9,637,,0.9811616954474097,0.9811616954474097,0,0,0.9,0.1966619496855346,0,1.0245333333333333,nan,113,367,0.0,66.1592550000023,1.0,1.0,0.9616613418530351,0.0,12.0,0.0,0.0
2500,2500,recovered,1.25,S0,default,class_size_desc,3,0,1.0,820,,0.7510017421602787,0.7510017421602787,27,213,2.7,0.2743694968553459,29,1.0,nan,83,346,0.0,27.999930999840217,0.7631002023613663,0.7694109740405648,0.7334001156805167,0.0,0.0,0.0,204.17857142857142
2500,2500,recovered,1.25,S0-QoS,default,class_size_desc,3,0,1.0,820,,0.7519163763066202,0.7519163763066202,27,213,2.7,0.2743694968553459,29,1.0,nan,83,346,0.0,28.13492500013126,1.0,0.9431137724550899,0.544620811287478,0.0,0.0,0.0,203.42857142857142
2500,2500,recovered,1.25,S1,default,class_size_desc,3,0,1.0,820,,0.9097560975609756,0.9097560975609756,0,0,1.0,0.23488050314465408,29,1.0326184092940125,nan,125,475,0.0,75.53000899997642,1.0,0.9461077844311377,0.8617283950617284,0.0,18.0,56.0,0.0
2500,2500,recovered,1.25,S2,default,class_size_desc,3,0,1.0,820,,0.9768292682926829,0.9768292682926829,0,0,1.0,0.2595503144654088,31,1.0711610486891385,nan,137,548,0.0,55.17604700003176,1.0,1.0,0.9530864197530864,0.0,19.0,0.0,0.0
2500,2500,recovered,1.5,S0,default,class_size_desc,3,0,1.0,1002,,0.6439911278253728,0.6439911278253728,37,411,3.3,0.3351037735849057,39,1.0,nan,83,426,0.0,32.41308700012269,0.645363244522421,0.6612458246879642,0.6292359859508405,0.0,0.0,0.0,356.72088991897635
2500,2500,recovered,1.5,S0-QoS,default,class_size_desc,3,0,1.0,1002,,0.6425871540977925,0.6425871540977925,37,411,3.3,0.3351037735849057,39,1.0,nan,83,426,0.0,30.889038999930563,1.0,0.9029126213592233,0.3520821352464117,0.0,0.0,0.0,358.1276715940119
2500,2500,recovered,1.5,S1,default,class_size_desc,3,0,1.0,1002,,0.8882235528942116,0.8882235528942116,0,0,1.0,0.2948238993710692,42,1.1059925093632959,nan,142,649,0.0,116.077722,1.0,0.9296116504854369,0.8309572301425662,0.0,34.0,78.0,0.0
2500,2500,recovered,1.5,S2,default,class_size_desc,3,0,1.0,1002,,0.9580838323353293,0.9580838323353293,0,0,1.0,0.3264764150943396,52,1.1427083333333334,nan,153,736,0.0,66.46955700011858,1.0,1.0,0.9144602851323829,0.0,42.0,0.0,0.0
2500,2500,recovered,2.0,S0,default,class_size_desc,3,0,1.0,1274,,0.5096387057481064,0.5096387057481064,42,812,4.2,0.42610377358490564,43,1.0,nan,83,540,0.0,37.92731899989121,0.5062709988765844,0.524704213811012,0.4977539387464692,0.0,0.0,0.0,624.7202888769124
2500,2500,recovered,2.0,S0-QoS,default,class_size_desc,3,0,1.0,1274,,0.5053136950513044,0.5053136950513044,42,812,4.2,0.42610377358490564,43,1.0,nan,83,540,0.0,32.86097700015489,0.9841269841269841,0.8064367816091954,0.1578428873727824,0.0,0.0,0.0,630.2303525046382
2500,2500,recovered,2.0,S1,default,class_size_desc,3,0,1.0,1274,,0.7943485086342229,0.7943485086342229,0,0,1.0,0.3503364779874214,62,1.173254281949934,nan,162,826,2.0,111.36274000000412,0.9841269841269841,0.9042145593869731,0.6645367412140575,0.0,102.0,160.0,0.0
2500,2500,recovered,2.0,S2,default,class_size_desc,3,0,1.0,1274,,0.8649921507064364,0.8649921507064364,0,0,1.0,0.4157798742138365,73,1.2456140350877194,nan,174,950,0.0,91.0190980000607,1.0,0.9885057471264368,0.7348242811501597,0.0,172.0,0.0,0.0
2600,2600,healthy,0.5,S0,default,class_size_desc,3,0,1.0,378,,0.9814814814814815,0.9814814814814815,4,7,1.2,0.12811444805194805,6,1.0,nan,0,0,0.0,28.528603000040675,0.9757575757575757,0.9855749273557493,0.9796629395559877,0.0,0.0,0.0,7.0
2600,2600,healthy,0.5,S0-QoS,default,class_size_desc,3,0,1.0,378,,0.9814814814814815,0.9814814814814815,4,7,1.2,0.12811444805194805,6,1.0,nan,0,0,0.0,28.707248000046093,1.0,1.0,0.9625668449197861,0.0,0.0,0.0,7.0
2600,2600,healthy,0.5,S1,default,class_size_desc,3,0,1.0,378,,0.9894179894179894,0.9894179894179894,0,0,1.0,0.12554152097902097,6,1.0,nan,0,0,0.0,50.86624499995196,1.0,1.0,0.9786096256684492,0.0,0.0,4.0,0.0
2600,2600,healthy,0.5,S2,default,class_size_desc,3,0,1.0,378,,1.0,1.0,0,0,1.0,0.12664716533466533,6,1.0,nan,0,0,0.0,46.26541599986922,1.0,1.0,1.0,0.0,0.0,0.0,0.0
2600,2600,healthy,0.75,S0,default,class_size_desc,3,0,1.0,526,,0.9201520912547528,0.9201520912547528,10,42,1.8,0.1780819388944389,13,1.0,nan,0,0,0.0,31.438229000059437,0.9168261257813497,0.9239637804881161,0.9181365832690485,0.0,0.0,0.0,42.0
2600,2600,healthy,0.75,S0-QoS,default,class_size_desc,3,0,1.0,526,,0.9201520912547528,0.9201520912547528,10,42,1.8,0.1780819388944389,13,1.0,nan,0,0,0.0,38.78148099988721,1.0,1.0,0.8396946564885496,0.0,0.0,0.0,42.0
2600,2600,healthy,0.75,S1,default,class_size_desc,3,0,1.0,526,,0.9657794676806084,0.9657794676806084,0,0,1.0,0.1641155303030303,13,1.0,nan,0,0,0.0,54.73945900007493,1.0,1.0,0.9312977099236641,0.0,6.0,12.0,0.0
2600,2600,healthy,0.75,S2,default,class_size_desc,3,0,1.0,526,,0.9885931558935361,0.9885931558935361,0,0,1.0,0.16741997585747587,13,1.0,nan,0,0,0.0,49.7107280000364,1.0,1.0,0.9770992366412213,0.0,6.0,0.0,0.0
2600,2600,healthy,1.0,S0,default,class_size_desc,3,0,1.0,641,,0.8627145085803433,0.8627145085803433,16,88,2.1,0.217053175990676,21,1.0,nan,0,0,0.0,28.90030999992632,0.8719542192609588,0.8681461235640104,0.8562155290618707,0.0,0.0,0.0,88.0
2600,2600,healthy,1.0,S0-QoS,default,class_size_desc,3,0,1.0,641,,0.8627145085803433,0.8627145085803433,16,88,2.1,0.217053175990676,21,1.0,nan,0,0,0.0,31.01577699999325,1.0,0.9875518672199171,0.7327044025157232,0.0,0.0,0.0,88.0
2600,2600,healthy,1.0,S1,default,class_size_desc,3,0,1.0,641,,0.9469578783151326,0.9469578783151326,0,0,1.0,0.19217016317016317,21,1.0021965952773202,nan,0,0,0.0,65.97729400004937,1.0,0.9875518672199171,0.9025157232704403,0.0,13.0,21.0,0.0
2600,2600,healthy,1.0,S2,default,class_size_desc,3,0,1.0,641,,0.9797191887675507,0.9797191887675507,0,0,1.0,0.20073647186147187,21,1.0132696390658174,nan,0,0,0.0,55.3473990000839,1.0,1.0,0.9591194968553459,0.0,13.0,0.0,0.0
2600,2600,healthy,1.0,S2,lambda=0.5xmean,class_size_desc,3,1,1.0,641,,0.9797191887675507,0.9797191887675507,0,0,1.0,0.231811167998668,7,1.2016985138004246,nan,0,0,0.0,57.115906000035466,1.0,1.0,0.9591194968553459,0.0,13.0,0.0,0.0
2600,2600,healthy,1.0,S2,lambda=1xmean,class_size_desc,3,2,1.0,641,,0.9797191887675507,0.9797191887675507,0,0,1.0,0.24576440226440227,7,1.253715498938429,nan,0,0,0.0,55.87175200003003,1.0,1.0,0.9591194968553459,0.0,13.0,0.0,0.0
2600,2600,healthy,1.0,S2,lambda=2xmean,class_size_desc,3,4,1.0,641,,0.9797191887675507,0.9797191887675507,0,0,1.0,0.2690821053946054,4,1.325371549893843,nan,0,0,0.0,71.25487200005409,1.0,1.0,0.9591194968553459,0.0,13.0,0.0,0.0
2600,2600,healthy,1.0,S2,max_paths=1,class_size_desc,1,0,1.0,641,,0.9485179407176287,0.9485179407176287,0,0,1.0,0.19243720862470862,21,1.0021929824561404,nan,0,0,0.0,79.19125600005827,1.0,1.0,0.8962264150943396,0.0,13.0,20.0,0.0
2600,2600,healthy,1.0,S2,max_paths=2,class_size_desc,2,0,1.0,641,,0.9797191887675507,0.9797191887675507,0,0,1.0,0.20073647186147187,21,1.0132696390658174,nan,0,0,0.0,59.359782999990784,1.0,1.0,0.9591194968553459,0.0,13.0,0.0,0.0
2600,2600,healthy,1.0,S2,max_paths=4,class_size_desc,4,0,1.0,641,,0.9797191887675507,0.9797191887675507,0,0,1.0,0.20073647186147187,21,1.0132696390658174,nan,0,0,0.0,62.149405999889495,1.0,1.0,0.9591194968553459,0.0,13.0,0.0,0.0
2600,2600,healthy,1.0,S2,order=arrival,arrival,3,0,1.0,641,,0.9797191887675507,0.9797191887675507,0,0,1.0,0.20073647186147187,21,1.0132696390658174,nan,0,0,0.0,52.50280500013105,1.0,1.0,0.9591194968553459,0.0,13.0,0.0,0.0
2600,2600,healthy,1.0,S2,order=class_size_asc,class_size_asc,3,0,1.0,641,,0.9797191887675507,0.9797191887675507,0,0,1.0,0.20073647186147187,21,1.0132696390658174,nan,0,0,0.0,52.29662700003246,1.0,1.0,0.9591194968553459,0.0,13.0,0.0,0.0
2600,2600,healthy,1.0,S2,util_cap=0.9,class_size_desc,3,0,0.9,641,,0.9765990639625585,0.9765990639625585,0,0,0.9,0.20226644189144188,0,1.0314164004259851,nan,0,0,0.0,54.633860000194545,1.0,0.991701244813278,0.9591194968553459,0.0,15.0,0.0,0.0
2600,2600,healthy,1.25,S0,default,class_size_desc,3,0,1.0,820,,0.7414634146341463,0.7414634146341463,27,212,2.7,0.277790854978355,32,1.0,nan,0,0,0.0,30.88373000014144,0.7346842717638452,0.7539213067645508,0.7338320049540917,0.0,0.0,0.0,212.0
2600,2600,healthy,1.25,S0-QoS,default,class_size_desc,3,0,1.0,820,,0.7414634146341463,0.7414634146341463,27,212,2.7,0.277790854978355,32,1.0,nan,0,0,0.0,28.29044600002817,1.0,0.9381107491856677,0.5257985257985258,0.0,0.0,0.0,212.0
2600,2600,healthy,1.25,S1,default,class_size_desc,3,0,1.0,820,,0.9195121951219513,0.9195121951219513,0,0,1.0,0.24579707792207792,33,1.0450928381962865,nan,0,0,0.0,74.2905750000773,1.0,0.9609120521172638,0.8673218673218673,0.0,24.0,42.0,0.0
2600,2600,healthy,1.25,S2,default,class_size_desc,3,0,1.0,820,,0.9707317073170731,0.9707317073170731,0,0,1.0,0.2637772852147852,37,1.0628140703517588,nan,0,0,0.0,59.81217199996536,1.0,0.9804560260586319,0.9557739557739557,0.0,24.0,0.0,0.0
2600,2600,healthy,1.5,S0,default,class_size_desc,3,0,1.0,1019,,0.6222225309886309,0.6222225309886309,35,414,3.3,0.345167624042624,39,1.0,nan,0,0,0.0,28.80736500014791,0.6030730246823274,0.6367299476106091,0.6159207826088191,0.0,0.0,0.0,384.95524092258506
2600,2600,healthy,1.5,S0-QoS,default,class_size_desc,3,0,1.0,1019,,0.6224646845255876,0.6224646845255876,35,414,3.3,0.345167624042624,39,1.0,nan,0,0,0.0,37.12465300009171,1.0,0.8992248062015504,0.3154287396664825,0.0,0.0,0.0,384.7084864684263
2600,2600,healthy,1.5,S1,default,class_size_desc,3,0,1.0,1019,,0.8626104023552502,0.8626104023552502,0,0,1.0,0.29332638195138194,44,1.0784982935153584,nan,0,0,0.0,75.65662699994391,1.0,0.9328165374677002,0.7742574257425743,0.0,37.0,103.0,0.0
2600,2600,healthy,1.5,S2,default,class_size_desc,3,0,1.0,1019,,0.9450441609421001,0.9450441609421001,0,0,1.0,0.3355583166833167,51,1.1394946348217376,nan,0,0,0.0,61.36805000005552,1.0,0.9715762273901809,0.9108910891089109,0.0,56.0,0.0,0.0
2600,2600,healthy,2.0,S0,default,class_size_desc,3,0,1.0,1282,,0.49113979577956585,0.49113979577956585,39,850,4.2,0.434106351981352,40,1.0,nan,0,0,0.0,27.735355000004347,0.47710350884228225,0.5022160742310143,0.4863649291822645,0.0,0.0,0.0,652.3587818105966
2600,2600,healthy,2.0,S0-QoS,default,class_size_desc,3,0,1.0,1282,,0.49025539516204303,0.49025539516204303,39,850,4.2,0.434106351981352,40,1.0,nan,0,0,0.0,26.361027999882936,0.9878048780487805,0.7759336099585062,0.14545191288952702,0.0,0.0,0.0,653.4925834022608
2600,2600,healthy,2.0,S1,default,class_size_desc,3,0,1.0,1282,,0.7956318252730109,0.7956318252730109,0,0,1.0,0.36095134032634035,63,1.169281045751634,nan,0,0,2.0,125.20205500004522,0.9878048780487805,0.8755186721991701,0.6855345911949685,0.0,128.0,134.0,0.0
2600,2600,healthy,2.0,S2,default,class_size_desc,3,0,1.0,1282,,0.8627145085803433,0.8627145085803433,0,0,1.0,0.40521191308691307,71,1.2242314647377939,nan,0,0,0.0,87.76392300001135,1.0,0.9585062240663901,0.7547169811320755,0.0,176.0,0.0,0.0
2600,2600,uplink,0.5,S0,default,class_size_desc,3,0,1.0,378,L6,0.9814814814814815,0.9814814814814815,4,7,1.2,0.1315323414449628,6,1.0494159928122193,1.0,30,55,0.0,27.128355999820997,0.9757575757575757,0.9855749273557493,0.9796629395559877,0.0,0.0,0.0,7.0
2600,2600,uplink,0.5,S0-QoS,default,class_size_desc,3,0,1.0,378,L6,0.9814814814814815,0.9814814814814815,4,7,1.2,0.1315323414449628,6,1.0494159928122193,1.0,30,55,0.0,26.40293600006771,1.0,1.0,0.9625668449197861,0.0,0.0,0.0,7.0
2600,2600,uplink,0.5,S1,default,class_size_desc,3,0,1.0,378,L6,0.9894179894179894,0.9894179894179894,0,0,1.0,0.1289739629302736,6,1.049910873440285,1.0,31,56,0.0,46.656469000026846,1.0,1.0,0.9786096256684492,0.0,0.0,4.0,0.0
2600,2600,uplink,0.5,S2,default,class_size_desc,3,0,1.0,378,L6,1.0,1.0,0,0,1.0,0.13009034169713782,6,1.0493827160493827,1.0,31,56,0.0,43.52038799993352,1.0,1.0,1.0,0.0,0.0,0.0,0.0
2600,2600,uplink,0.75,S0,default,class_size_desc,3,0,1.0,526,L6,0.9152194019114172,0.9152194019114172,11,46,1.8,0.1827359937796831,14,1.0452878209446814,0.9618441971383148,30,74,0.0,27.130420999810667,0.91359901807663,0.9190248313867304,0.9127724405003256,0.0,0.0,0.0,44.59459459459459
2600,2600,uplink,0.75,S0-QoS,default,class_size_desc,3,0,1.0,526,L6,0.9146599070553443,0.9146599070553443,11,46,1.8,0.1827359937796831,14,1.045111624326405,0.957516339869281,30,74,0.0,26.82138099999065,1.0,1.0,0.8286683630195081,0.0,0.0,0.0,44.88888888888889
2600,2600,uplink,0.75,S1,default,class_size_desc,3,0,1.0,526,L6,0.9619771863117871,0.9619771863117871,0,0,1.0,0.16815409994536207,14,1.0474308300395256,0.9726027397260274,29,71,0.0,50.47138500003712,1.0,1.0,0.9236641221374046,0.0,6.0,14.0,0.0
2600,2600,uplink,0.75,S2,default,class_size_desc,3,0,1.0,526,L6,0.9885931558935361,0.9885931558935361,0,0,1.0,0.17327449249779348,14,1.0525641025641026,1.0,31,76,0.0,46.52779799994278,1.0,1.0,0.9770992366412213,0.0,6.0,0.0,0.0
2600,2600,uplink,1.0,S0,default,class_size_desc,3,0,1.0,641,L6,0.8460738429537181,0.8460738429537181,17,108,2.1,0.22271804732484343,22,1.039541077648023,0.8577777777777778,30,90,0.0,27.6612049999585,0.8611141108598749,0.851422874475616,0.8381417091012583,0.0,0.0,0.0,98.66666666666667
2600,2600,uplink,1.0,S0-QoS,default,class_size_desc,3,0,1.0,641,L6,0.843647079216502,0.843647079216502,17,108,2.1,0.22271804732484343,22,1.038695979727416,0.837037037037037,30,90,0.0,26.195466999979544,1.0,0.9875518672199171,0.6942697414395528,0.0,0.0,0.0,100.22222222222223
2600,2600,uplink,1.0,S1,default,class_size_desc,3,0,1.0,641,L6,0.9485179407176287,0.9485179407176287,0,0,1.0,0.20170255957634597,21,1.0614035087719298,1.0113636363636365,29,89,0.0,79.54403700000512,1.0,0.9875518672199171,0.9056603773584906,0.0,13.0,20.0,0.0
2600,2600,uplink,1.0,S2,default,class_size_desc,3,0,1.0,641,L6,0.9797191887675507,0.9797191887675507,0,0,1.0,0.21079794477367292,21,1.0727176220806793,1.0,31,92,0.0,47.876507999944806,1.0,1.0,0.9591194968553459,0.0,13.0,0.0,0.0
2600,2600,uplink,1.0,S2,lambda=0.5xmean,class_size_desc,3,1,1.0,641,L6,0.9797191887675507,0.9797191887675507,0,0,1.0,0.245987706468289,7,1.243099787685775,1.0,55,158,0.0,50.65880600000128,1.0,1.0,0.9591194968553459,0.0,13.0,0.0,0.0
2600,2600,uplink,1.0,S2,lambda=1xmean,class_size_desc,3,2,1.0,641,L6,0.9797191887675507,0.9797191887675507,0,0,1.0,0.2618031143613668,8,1.3009554140127388,1.0,67,185,0.0,53.03834799997276,1.0,1.0,0.9591194968553459,0.0,13.0,0.0,0.0
2600,2600,uplink,1.0,S2,lambda=2xmean,class_size_desc,3,4,1.0,641,L6,0.9797191887675507,0.9797191887675507,0,0,1.0,0.2919635186819653,7,1.3901273885350318,1.0,68,201,0.0,50.439514000117924,1.0,1.0,0.9591194968553459,0.0,13.0,0.0,0.0
2600,2600,uplink,1.0,S2,max_paths=1,class_size_desc,1,0,1.0,641,L6,0.9516380655226209,0.9516380655226209,0,0,1.0,0.20249716303114362,21,1.062295081967213,1.0227272727272727,29,90,0.0,60.05029899984038,1.0,1.0,0.9025157232704403,0.0,13.0,18.0,0.0
2600,2600,uplink,1.0,S2,max_paths=2,class_size_desc,2,0,1.0,641,L6,0.9797191887675507,0.9797191887675507,0,0,1.0,0.21079794477367292,21,1.0727176220806793,1.0,31,92,0.0,50.36957299989808,1.0,1.0,0.9591194968553459,0.0,13.0,0.0,0.0
2600,2600,uplink,1.0,S2,max_paths=4,class_size_desc,4,0,1.0,641,L6,0.9797191887675507,0.9797191887675507,0,0,1.0,0.21079794477367292,21,1.0727176220806793,1.0,31,92,0.0,49.48211900000388,1.0,1.0,0.9591194968553459,0.0,13.0,0.0,0.0
2600,2600,uplink,1.0,S2,order=arrival,arrival,3,0,1.0,641,L6,0.9797191887675507,0.9797191887675507,0,0,1.0,0.21079794477367292,21,1.0727176220806793,1.0,31,92,0.0,49.63900400002785,1.0,1.0,0.9591194968553459,0.0,13.0,0.0,0.0
2600,2600,uplink,1.0,S2,order=class_size_asc,class_size_asc,3,0,1.0,641,L6,0.9797191887675507,0.9797191887675507,0,0,1.0,0.21130649770941032,22,1.0737791932059448,1.0,30,92,0.0,49.81091600006948,1.0,1.0,0.9591194968553459,0.0,13.0,0.0,0.0
2600,2600,uplink,1.0,S2,util_cap=0.9,class_size_desc,3,0,0.9,641,L6,0.9765990639625585,0.9765990639625585,0,0,0.9,0.2142505358718951,0,1.095846645367412,1.0,33,94,0.0,48.953757999925074,1.0,0.991701244813278,0.9591194968553459,0.0,15.0,0.0,0.0
2600,2600,uplink,1.25,S0,default,class_size_desc,3,0,1.0,820,L6,0.7175156486078135,0.7175156486078135,28,255,2.7,0.2849545664691296,33,1.0358978215637613,0.7634076127518925,30,113,0.0,27.417928999966534,0.7131447827005625,0.7305338767875155,0.7088343604874207,0.0,0.0,0.0,231.63716814159292
2600,2600,uplink,1.25,S0-QoS,default,class_size_desc,3,0,1.0,820,L6,0.7134799651567945,0.7134799651567945,28,255,2.7,0.2849545664691296,33,1.0342154259377956,0.7235370051635112,30,113,0.0,34.59228500014433,1.0,0.9381107491856677,0.4694190944190944,0.0,0.0,0.0,234.94642857142858
2600,2600,uplink,1.25,S1,default,class_size_desc,3,0,1.0,820,L6,0.9097560975609756,0.9097560975609756,0,0,1.0,0.26038341108729457,37,1.1117068811438784,0.9629629629629629,31,112,0.0,74.59085799996501,1.0,0.9609120521172638,0.8476658476658476,0.0,24.0,50.0,0.0
2600,2600,uplink,1.25,S2,default,class_size_desc,3,0,1.0,820,L6,0.9707317073170731,0.9707317073170731,0,0,1.0,0.28768757617786744,41,1.1474036850921272,1.0,42,137,0.0,53.44160499998907,1.0,0.9804560260586319,0.9557739557739557,0.0,24.0,0.0,0.0
2600,2600,uplink,1.5,S0,default,class_size_desc,3,0,1.0,1019,L6,0.5938647765979166,0.5938647765979166,35,484,3.3,0.35425038876980625,39,1.0357469189286013,0.6919117647058823,30,145,0.0,28.086704000088503,0.5825321140352887,0.6067504744457518,0.5868399906144344,0.0,0.0,0.0,413.85179264672297
2600,2600,uplink,1.5,S0-QoS,default,class_size_desc,3,0,1.0,1019,L6,0.5891823839649616,0.5891823839649616,35,484,3.3,0.35425038876980625,39,1.0332304946413438,0.6383096432719827,30,145,0.0,34.03165299982902,1.0,0.8962595840216885,0.2505433470176286,0.0,0.0,0.0,418.6231507397041
2600,2600,uplink,1.5,S1,default,class_size_desc,3,0,1.0,1019,L6,0.8518155053974484,0.8518155053974484,0,0,1.0,0.31944176858739964,44,1.1789554531490016,0.9264705882352942,48,198,0.0,87.93347100004212,1.0,0.9328165374677002,0.7524752475247525,0.0,34.0,117.0,0.0
2600,2600,uplink,1.5,S2,default,class_size_desc,3,0,1.0,1019,L6,0.9205103042198234,0.9205103042198234,0,0,1.0,0.39587790526625477,59,1.304904051172708,0.9940476190476191,66,248,0.0,67.98376699998698,1.0,0.9715762273901809,0.8613861386138614,0.0,81.0,0.0,0.0
2600,2600,uplink,2.0,S0,default,class_size_desc,3,0,1.0,1282,L6,0.4690389117442044,0.4690389117442044,39,920,4.2,0.44543609464968686,40,1.0356630022398217,0.6942446043165468,30,180,0.0,26.90736299996388,0.4596819060548258,0.4792986965418524,0.46367622724827956,0.0,0.0,0.0,680.6921151439299
2600,2600,uplink,2.0,S0-QoS,default,class_size_desc,3,0,1.0,1282,L6,0.4642999709801635,0.4642999709801635,39,920,4.2,0.44543609464968686,40,1.0330108331350363,0.6391883322764743,30,180,0.0,25.999709999950937,0.9878048780487805,0.753002839047827,0.11051131191119018,0.0,0.0,0.0,686.7674372034304
2600,2600,uplink,2.0,S1,default,class_size_desc,3,0,1.0,1282,L6,0.7706708268330733,0.7706708268330733,0,0,1.0,0.400448577312655,68,1.2921727395411606,0.9571428571428572,53,222,2.0,106.47133699990263,0.9878048780487805,0.8630705394190872,0.6446540880503144,0.0,164.0,130.0,0.0
2600,2600,uplink,2.0,S2,default,class_size_desc,3,0,1.0,1282,L6,0.797191887675507,0.797191887675507,0,0,1.0,0.43464787962846213,76,1.3431180691454665,1.0,58,232,0.0,105.22582100020372,1.0,0.9585062240663901,0.6226415094339622,0.0,260.0,0.0,0.0
2600,2600,multi,0.5,S0,default,class_size_desc,3,0,1.0,378,L11;L2;L81,0.9021164021164021,0.9884057971014493,2,4,1.2,0.1211964767905362,4,1.0,0.0,14,0,0.0,25.518738000073427,0.25555555555555554,0.9897260273972602,0.9893048128342246,33.0,0.0,0.0,4.0
2600,2600,multi,0.5,S0-QoS,default,class_size_desc,3,0,1.0,378,L11;L2;L81,0.9021164021164021,0.9884057971014493,2,4,1.2,0.1211964767905362,4,1.0,0.0,14,0,0.0,24.80999900012648,0.26666666666666666,1.0,0.9786096256684492,33.0,0.0,0.0,4.0
2600,2600,multi,0.5,S1,default,class_size_desc,3,0,1.0,378,L11;L2;L81,0.9047619047619048,0.991304347826087,0,0,1.0,0.11948431271698598,4,1.0,0.0,17,5,0.0,41.94459299992559,0.26666666666666666,1.0,0.983957219251337,33.0,0.0,3.0,0.0
2600,2600,multi,0.5,S2,default,class_size_desc,3,0,1.0,378,L11;L2;L81,0.9126984126984127,1.0,0,0,1.0,0.12034782049633534,4,1.0,0.0,17,5,0.0,41.92755100007162,0.26666666666666666,1.0,1.0,33.0,0.0,0.0,0.0
2600,2600,multi,0.75,S0,default,class_size_desc,3,0,1.0,526,L11;L2;L81,0.8403041825095057,0.9285714285714286,10,34,1.7,0.1673900818653294,13,1.0,0.0,14,0,0.0,24.931145999971704,0.2125088841506752,0.9332593354689502,0.9309534949409219,50.0,0.0,0.0,34.0
2600,2600,multi,0.75,S0-QoS,default,class_size_desc,3,0,1.0,526,L11;L2;L81,0.8403041825095057,0.9285714285714286,10,34,1.7,0.1673900818653294,13,1.0,0.0,14,0,0.0,26.296506999869962,0.2537313432835821,1.0,0.8702290076335878,50.0,0.0,0.0,34.0
2600,2600,multi,0.75,S1,default,class_size_desc,3,0,1.0,526,L11;L2;L81,0.8783269961977186,0.9705882352941176,0,0,1.0,0.15597964082122498,13,1.0,0.0,18,11,0.0,48.66509699991184,0.2537313432835821,1.0,0.9465648854961832,50.0,4.0,10.0,0.0
2600,2600,multi,0.75,S2,default,class_size_desc,3,0,1.0,526,L11;L2;L81,0.8973384030418251,0.9915966386554622,0,0,1.0,0.1588065663709228,13,1.0,0.0,18,14,0.0,44.15206300018326,0.2537313432835821,1.0,0.9847328244274809,50.0,4.0,0.0,0.0
2600,2600,multi,1.0,S0,default,class_size_desc,3,0,1.0,641,L11;L2;L81,0.7862714508580343,0.8689655172413793,14,76,2.1,0.20393264326432645,16,1.0,0.0,14,0,0.0,25.873432999787838,0.1907225802638966,0.8780829262455043,0.8702602616138174,61.0,0.0,0.0,76.0
2600,2600,multi,1.0,S0-QoS,default,class_size_desc,3,0,1.0,641,L11;L2;L81,0.7862714508580343,0.8689655172413793,14,76,2.1,0.20393264326432645,16,1.0,0.0,14,0,0.0,24.945373000036852,0.25609756097560976,0.9875518672199171,0.770440251572327,61.0,0.0,0.0,76.0
2600,2600,multi,1.0,S1,default,class_size_desc,3,0,1.0,641,L11;L2;L81,0.8549141965678627,0.9448275862068966,0,0,1.0,0.1811841112682697,16,1.002433090024331,0.0,21,26,0.0,49.94145099999514,0.25609756097560976,0.9875518672199171,0.9088050314465409,61.0,10.0,22.0,0.0
2600,2600,multi,1.0,S2,default,class_size_desc,3,0,1.0,641,L11;L2;L81,0.8892355694227769,0.9827586206896551,0,0,1.0,0.1897976511936908,16,1.012280701754386,0.0,21,28,0.0,43.586492000031285,0.25609756097560976,1.0,0.9685534591194969,61.0,10.0,0.0,0.0
2600,2600,multi,1.0,S2,lambda=0.5xmean,class_size_desc,3,1,1.0,641,L11;L2;L81,0.8892355694227769,0.9827586206896551,0,0,1.0,0.20828526424070978,5,1.1596491228070176,0.3645833333333333,84,212,0.0,44.64739200011536,0.25609756097560976,1.0,0.9685534591194969,61.0,10.0,0.0,0.0
2600,2600,multi,1.0,S2,lambda=1xmean,class_size_desc,3,2,1.0,641,L11;L2;L81,0.8892355694227769,0.9827586206896551,0,0,1.0,0.22596009600960096,3,1.2339181286549707,0.33695652173913043,80,197,0.0,47.341834999997445,0.25609756097560976,1.0,0.9685534591194969,61.0,10.0,0.0,0.0
2600,2600,multi,1.0,S2,lambda=2xmean,class_size_desc,3,4,1.0,641,L11;L2;L81,0.8892355694227769,0.9827586206896551,0,0,1.0,0.2407105782006772,4,1.2853801169590644,0.34408602150537637,76,194,0.0,47.035671000003276,0.25609756097560976,1.0,0.9685534591194969,61.0,10.0,0.0,0.0
2600,2600,multi,1.0,S2,max_paths=1,class_size_desc,1,0,1.0,641,L11;L2;L81,0.8564742589703588,0.946551724137931,0,0,1.0,0.18145908876601946,16,1.002428658166363,0.0,21,20,0.0,64.51092400016023,0.25609756097560976,1.0,0.9025157232704403,61.0,10.0,21.0,0.0
2600,2600,multi,1.0,S2,max_paths=2,class_size_desc,2,0,1.0,641,L11;L2;L81,0.8892355694227769,0.9827586206896551,0,0,1.0,0.1897976511936908,16,1.012280701754386,0.0,21,28,0.0,43.31388099990363,0.25609756097560976,1.0,0.9685534591194969,61.0,10.0,0.0,0.0
2600,2600,multi,1.0,S2,max_paths=4,class_size_desc,4,0,1.0,641,L11;L2;L81,0.8892355694227769,0.9827586206896551,0,0,1.0,0.1897976511936908,16,1.012280701754386,0.0,21,28,0.0,43.4092899999996,0.25609756097560976,1.0,0.9685534591194969,61.0,10.0,0.0,0.0
2600,2600,multi,1.0,S2,order=arrival,arrival,3,0,1.0,641,L11;L2;L81,0.8892355694227769,0.9827586206896551,0,0,1.0,0.1897976511936908,16,1.012280701754386,0.0,21,34,0.0,44.41617799989217,0.25609756097560976,1.0,0.9685534591194969,61.0,10.0,0.0,0.0
2600,2600,multi,1.0,S2,order=class_size_asc,class_size_asc,3,0,1.0,641,L11;L2;L81,0.8892355694227769,0.9827586206896551,0,0,1.0,0.1897976511936908,16,1.012280701754386,0.0,21,26,0.0,42.95520799996666,0.25609756097560976,1.0,0.9685534591194969,61.0,10.0,0.0,0.0
2600,2600,multi,1.0,S2,util_cap=0.9,class_size_desc,3,0,0.9,641,L11;L2;L81,0.8861154446177847,0.9793103448275862,0,0,0.9,0.1888954181132399,0,1.0217136150234742,0.0,24,34,0.0,45.8967350000421,0.25609756097560976,0.995850622406639,0.9654088050314465,61.0,12.0,0.0,0.0
2600,2600,multi,1.25,S0,default,class_size_desc,3,0,1.0,820,L11;L2;L81,0.7060975609756097,0.7813765182186235,20,162,2.7,0.2606809823839527,25,1.0,0.0,14,0,0.0,25.840641000058895,0.1582867228478385,0.7958674732139954,0.781057231207451,79.0,0.0,0.0,162.0
2600,2600,multi,1.25,S0-QoS,default,class_size_desc,3,0,1.0,820,L11;L2;L81,0.7060975609756097,0.7813765182186235,20,162,2.7,0.2606809823839527,25,1.0,0.0,14,0,0.0,25.21068999999443,0.25471698113207547,0.9543973941368078,0.6363636363636364,79.0,0.0,0.0,162.0
2600,2600,multi,1.25,S1,default,class_size_desc,3,0,1.0,820,L11;L2;L81,0.85,0.9406207827260459,0,0,1.0,0.23158321546440358,26,1.0301291248206599,0.0,29,73,0.0,55.15763300013532,0.25471698113207547,0.9771986970684039,0.9090909090909091,79.0,20.0,24.0,0.0
2600,2600,multi,1.25,S2,default,class_size_desc,3,0,1.0,820,L11;L2;L81,0.8792682926829268,0.9730094466936572,0,0,1.0,0.24127217007415028,28,1.039297272306981,0.036585365853658534,31,77,0.0,47.29997699996602,0.25471698113207547,0.990228013029316,0.9582309582309583,79.0,20.0,0.0,0.0
2600,2600,multi,1.5,S0,default,class_size_desc,3,0,1.0,1019,L11;L2;L81,0.6223690184992603,0.6856151674062122,29,300,3.3,0.3251291200548626,35,1.0,0.0,14,0,0.0,25.112296000088463,0.1360305768230584,0.7001943676450869,0.6850354976545926,94.0,0.0,0.0,290.8059701492537
2600,2600,multi,1.5,S0-QoS,default,class_size_desc,3,0,1.0,1019,L11;L2;L81,0.6232317671557481,0.6865655899802241,29,300,3.3,0.3251291200548626,35,1.0,0.0,14,0,0.0,24.697849000176575,0.25984251968503935,0.9224806201550387,0.4852934073895194,94.0,0.0,0.0,289.9268292682927
2600,2600,multi,1.5,S1,default,class_size_desc,3,0,1.0,1019,L11;L2;L81,0.7939156035328754,0.8745945945945945,0,0,1.0,0.26866964553598216,38,1.0420271940667492,0.06,41,136,0.0,79.21681400011948,0.25984251968503935,0.9483204134366925,0.80990099009901,94.0,29.0,87.0,0.0
2600,2600,multi,1.5,S2,default,class_size_desc,3,0,1.0,1019,L11;L2;L81,0.8645731108930323,0.9524324324324325,0,0,1.0,0.30513629934422015,45,1.0904275444570564,0.23577235772357724,70,225,0.0,58.68117099998926,0.25984251968503935,0.9844961240310077,0.9247524752475248,94.0,44.0,0.0,0.0
2600,2600,multi,2.0,S0,default,class_size_desc,3,0,1.0,1282,L11;L2;L81,0.49371366307808723,0.5456387207466447,39,620,4.2,0.4078652865286529,40,1.0,0.0,14,0,0.0,26.889327999924717,0.10573941442402714,0.5574859343045548,0.5454267795059308,122.0,0.0,0.0,527.0590839338922
2600,2600,multi,2.0,S0-QoS,default,class_size_desc,3,0,1.0,1282,L11;L2;L81,0.4964076210107228,0.5486160087377125,39,620,4.2,0.4078652865286529,40,1.0,0.0,14,0,0.0,26.724819999799365,0.24390243902439024,0.8547717842323651,0.289928569395828,122.0,0.0,0.0,523.6054298642534
2600,2600,multi,2.0,S1,default,class_size_desc,3,0,1.0,1282,L11;L2;L81,0.7207488299531981,0.7965517241379311,0,0,1.0,0.33484929921563583,55,1.1305916305916306,0.2375,65,260,2.0,86.0990399999082,0.24390243902439024,0.9377593360995851,0.6792452830188679,122.0,92.0,144.0,0.0
2600,2600,multi,2.0,S2,default,class_size_desc,3,0,1.0,1282,L11;L2;L81,0.8127925117004681,0.8982758620689655,0,0,1.0,0.4071933050447902,67,1.234165067178503,0.3695652173913043,72,344,0.0,206.61101999985476,0.25609756097560976,0.970954356846473,0.8364779874213837,122.0,118.0,0.0,0.0
2600,2600,recovered,0.5,S0,default,class_size_desc,3,0,1.0,378,,0.9814814814814815,0.9814814814814815,4,7,1.2,0.12811444805194805,6,1.0,nan,35,61,0.0,62.865518000080556,0.9757575757575757,0.9855749273557493,0.9796629395559877,0.0,0.0,0.0,7.0
2600,2600,recovered,0.5,S0-QoS,default,class_size_desc,3,0,1.0,378,,0.9814814814814815,0.9814814814814815,4,7,1.2,0.12811444805194805,6,1.0,nan,35,61,0.0,52.68195000007836,1.0,1.0,0.9625668449197861,0.0,0.0,0.0,7.0
2600,2600,recovered,0.5,S1,default,class_size_desc,3,0,1.0,378,,0.9894179894179894,0.9894179894179894,0,0,1.0,0.12554152097902097,6,1.0,nan,36,62,0.0,90.6390550001106,1.0,1.0,0.9786096256684492,0.0,0.0,4.0,0.0
2600,2600,recovered,0.5,S2,default,class_size_desc,3,0,1.0,378,,1.0,1.0,0,0,1.0,0.12664716533466533,6,1.0,nan,36,62,0.0,56.370947999994314,1.0,1.0,1.0,0.0,0.0,0.0,0.0
2600,2600,recovered,0.75,S0,default,class_size_desc,3,0,1.0,526,,0.9201520912547528,0.9201520912547528,10,42,1.8,0.1780819388944389,13,1.0,nan,35,80,0.0,29.518940000116345,0.9168261257813497,0.9239637804881161,0.9181365832690485,0.0,0.0,0.0,42.0
2600,2600,recovered,0.75,S0-QoS,default,class_size_desc,3,0,1.0,526,,0.9201520912547528,0.9201520912547528,10,42,1.8,0.1780819388944389,13,1.0,nan,35,80,0.0,37.46178599999439,1.0,1.0,0.8396946564885496,0.0,0.0,0.0,42.0
2600,2600,recovered,0.75,S1,default,class_size_desc,3,0,1.0,526,,0.9657794676806084,0.9657794676806084,0,0,1.0,0.1641155303030303,13,1.0,nan,34,79,0.0,69.78363200005333,1.0,1.0,0.9312977099236641,0.0,6.0,12.0,0.0
2600,2600,recovered,0.75,S2,default,class_size_desc,3,0,1.0,526,,0.9885931558935361,0.9885931558935361,0,0,1.0,0.16741997585747587,13,1.0,nan,36,82,0.0,48.353242000075625,1.0,1.0,0.9770992366412213,0.0,6.0,0.0,0.0
2600,2600,recovered,1.0,S0,default,class_size_desc,3,0,1.0,641,,0.8627145085803433,0.8627145085803433,16,88,2.1,0.217053175990676,21,1.0,nan,35,97,0.0,28.145504999883997,0.8719542192609588,0.8681461235640104,0.8562155290618707,0.0,0.0,0.0,88.0
2600,2600,recovered,1.0,S0-QoS,default,class_size_desc,3,0,1.0,641,,0.8627145085803433,0.8627145085803433,16,88,2.1,0.217053175990676,21,1.0,nan,35,97,0.0,26.434635999976308,1.0,0.9875518672199171,0.7327044025157232,0.0,0.0,0.0,88.0
2600,2600,recovered,1.0,S1,default,class_size_desc,3,0,1.0,641,,0.9469578783151326,0.9469578783151326,0,0,1.0,0.19217016317016317,21,1.0021965952773202,nan,34,95,0.0,107.57565800008706,1.0,0.9875518672199171,0.9025157232704403,0.0,13.0,21.0,0.0
2600,2600,recovered,1.0,S2,default,class_size_desc,3,0,1.0,641,,0.9797191887675507,0.9797191887675507,0,0,1.0,0.20073647186147187,21,1.0132696390658174,nan,38,103,0.0,56.16498199992748,1.0,1.0,0.9591194968553459,0.0,13.0,0.0,0.0
2600,2600,recovered,1.0,S2,lambda=0.5xmean,class_size_desc,3,1,1.0,641,,0.9797191887675507,0.9797191887675507,0,0,1.0,0.231811167998668,7,1.2016985138004246,nan,62,174,0.0,51.02902000021459,1.0,1.0,0.9591194968553459,0.0,13.0,0.0,0.0
2600,2600,recovered,1.0,S2,lambda=1xmean,class_size_desc,3,2,1.0,641,,0.9797191887675507,0.9797191887675507,0,0,1.0,0.24576440226440227,7,1.253715498938429,nan,77,204,0.0,58.57966100006706,1.0,1.0,0.9591194968553459,0.0,13.0,0.0,0.0
2600,2600,recovered,1.0,S2,lambda=2xmean,class_size_desc,3,4,1.0,641,,0.9797191887675507,0.9797191887675507,0,0,1.0,0.2690821053946054,4,1.325371549893843,nan,73,203,0.0,64.9328859999514,1.0,1.0,0.9591194968553459,0.0,13.0,0.0,0.0
2600,2600,recovered,1.0,S2,max_paths=1,class_size_desc,1,0,1.0,641,,0.9485179407176287,0.9485179407176287,0,0,1.0,0.19243720862470862,21,1.0021929824561404,nan,36,99,0.0,69.84321400000226,1.0,1.0,0.8962264150943396,0.0,13.0,20.0,0.0
2600,2600,recovered,1.0,S2,max_paths=2,class_size_desc,2,0,1.0,641,,0.9797191887675507,0.9797191887675507,0,0,1.0,0.20073647186147187,21,1.0132696390658174,nan,38,103,0.0,59.822711999913736,1.0,1.0,0.9591194968553459,0.0,13.0,0.0,0.0
2600,2600,recovered,1.0,S2,max_paths=4,class_size_desc,4,0,1.0,641,,0.9797191887675507,0.9797191887675507,0,0,1.0,0.20073647186147187,21,1.0132696390658174,nan,38,103,0.0,56.24072399996294,1.0,1.0,0.9591194968553459,0.0,13.0,0.0,0.0
2600,2600,recovered,1.0,S2,order=arrival,arrival,3,0,1.0,641,,0.9797191887675507,0.9797191887675507,0,0,1.0,0.20073647186147187,21,1.0132696390658174,nan,36,99,0.0,61.34022800006278,1.0,1.0,0.9591194968553459,0.0,13.0,0.0,0.0
2600,2600,recovered,1.0,S2,order=class_size_asc,class_size_asc,3,0,1.0,641,,0.9797191887675507,0.9797191887675507,0,0,1.0,0.20073647186147187,21,1.0132696390658174,nan,35,99,0.0,65.62317000020812,1.0,1.0,0.9591194968553459,0.0,13.0,0.0,0.0
2600,2600,recovered,1.0,S2,util_cap=0.9,class_size_desc,3,0,0.9,641,,0.9765990639625585,0.9765990639625585,0,0,0.9,0.20226644189144188,0,1.0314164004259851,nan,41,103,0.0,62.76043100001516,1.0,0.991701244813278,0.9591194968553459,0.0,15.0,0.0,0.0
2600,2600,recovered,1.25,S0,default,class_size_desc,3,0,1.0,820,,0.7414634146341463,0.7414634146341463,27,212,2.7,0.277790854978355,32,1.0,nan,35,121,0.0,29.035042000032263,0.7346842717638452,0.7539213067645508,0.7338320049540917,0.0,0.0,0.0,212.0
2600,2600,recovered,1.25,S0-QoS,default,class_size_desc,3,0,1.0,820,,0.7414634146341463,0.7414634146341463,27,212,2.7,0.277790854978355,32,1.0,nan,35,121,0.0,28.491603000020405,1.0,0.9381107491856677,0.5257985257985258,0.0,0.0,0.0,212.0
2600,2600,recovered,1.25,S1,default,class_size_desc,3,0,1.0,820,,0.9195121951219513,0.9195121951219513,0,0,1.0,0.24579707792207792,33,1.0450928381962865,nan,37,130,0.0,69.64302900018993,1.0,0.9609120521172638,0.8673218673218673,0.0,24.0,42.0,0.0
2600,2600,recovered,1.25,S2,default,class_size_desc,3,0,1.0,820,,0.9707317073170731,0.9707317073170731,0,0,1.0,0.2637772852147852,37,1.0628140703517588,nan,48,146,0.0,59.2070270001841,1.0,0.9804560260586319,0.9557739557739557,0.0,24.0,0.0,0.0
2600,2600,recovered,1.5,S0,default,class_size_desc,3,0,1.0,1019,,0.6222225309886309,0.6222225309886309,35,414,3.3,0.345167624042624,39,1.0,nan,35,158,0.0,34.00799900009588,0.6030730246823274,0.6367299476106091,0.6159207826088191,0.0,0.0,0.0,384.95524092258506
2600,2600,recovered,1.5,S0-QoS,default,class_size_desc,3,0,1.0,1019,,0.6224646845255876,0.6224646845255876,35,414,3.3,0.345167624042624,39,1.0,nan,35,158,0.0,28.2902159999594,1.0,0.8992248062015504,0.3154287396664825,0.0,0.0,0.0,384.7084864684263
2600,2600,recovered,1.5,S1,default,class_size_desc,3,0,1.0,1019,,0.8626104023552502,0.8626104023552502,0,0,1.0,0.29332638195138194,44,1.0784982935153584,nan,52,214,0.0,91.80617300012273,1.0,0.9328165374677002,0.7742574257425743,0.0,37.0,103.0,0.0
2600,2600,recovered,1.5,S2,default,class_size_desc,3,0,1.0,1019,,0.9450441609421001,0.9450441609421001,0,0,1.0,0.3355583166833167,51,1.1394946348217376,nan,70,286,0.0,125.23030799980006,1.0,0.9715762273901809,0.9108910891089109,0.0,56.0,0.0,0.0
2600,2600,recovered,2.0,S0,default,class_size_desc,3,0,1.0,1282,,0.49113979577956585,0.49113979577956585,39,850,4.2,0.434106351981352,40,1.0,nan,35,194,0.0,27.461912000035227,0.47710350884228225,0.5022160742310143,0.4863649291822645,0.0,0.0,0.0,652.3587818105966
2600,2600,recovered,2.0,S0-QoS,default,class_size_desc,3,0,1.0,1282,,0.49025539516204303,0.49025539516204303,39,850,4.2,0.434106351981352,40,1.0,nan,35,194,0.0,28.96522199989704,0.9878048780487805,0.7759336099585062,0.14545191288952702,0.0,0.0,0.0,653.4925834022608
2600,2600,recovered,2.0,S1,default,class_size_desc,3,0,1.0,1282,,0.7956318252730109,0.7956318252730109,0,0,1.0,0.36095134032634035,63,1.169281045751634,nan,55,258,2.0,105.88533800000732,0.9878048780487805,0.8755186721991701,0.6855345911949685,0.0,128.0,134.0,0.0
2600,2600,recovered,2.0,S2,default,class_size_desc,3,0,1.0,1282,,0.8627145085803433,0.8627145085803433,0,0,1.0,0.40521191308691307,71,1.2242314647377939,nan,64,334,0.0,112.1577910000724,1.0,0.9585062240663901,0.7547169811320755,0.0,176.0,0.0,0.0
2700,2700,healthy,0.5,S0,default,class_size_desc,3,0,1.0,384,,0.9921875,0.9921875,2,3,1.2,0.11118248746867168,2,1.0,nan,0,0,0.0,30.91476699978557,0.9865702479338843,0.992475086434818,0.9932571791210535,0.0,0.0,0.0,3.0000000000000004
2700,2700,healthy,0.5,S0-QoS,default,class_size_desc,3,0,1.0,384,,0.9921875,0.9921875,2,3,1.2,0.11118248746867168,2,1.0,nan,0,0,0.0,29.844249999996464,1.0,1.0,0.9842931937172775,0.0,0.0,0.0,3.0
2700,2700,healthy,0.5,S1,default,class_size_desc,3,0,1.0,384,,0.9947916666666666,0.9947916666666666,0,0,1.0,0.11010213032581453,2,1.0,nan,0,0,0.0,51.7171110000163,1.0,1.0,0.9895287958115183,0.0,0.0,2.0,0.0
2700,2700,healthy,0.5,S2,default,class_size_desc,3,0,1.0,384,,1.0,1.0,0,0,1.0,0.11060447994987468,2,1.0,nan,0,0,0.0,63.221295999937865,1.0,1.0,1.0,0.0,0.0,0.0,0.0
2700,2700,healthy,0.75,S0,default,class_size_desc,3,0,1.0,552,,0.9528985507246377,0.9528985507246377,9,26,1.8,0.15981381187343358,15,1.0,nan,0,0,0.0,34.12589999993543,0.9526279276279276,0.9508536954189128,0.9544731062588205,0.0,0.0,0.0,26.0
2700,2700,healthy,0.75,S0-QoS,default,class_size_desc,3,0,1.0,552,,0.9528985507246377,0.9528985507246377,9,26,1.8,0.15981381187343358,15,1.0,nan,0,0,0.0,36.93659100008517,1.0,1.0,0.9071428571428571,0.0,0.0,0.0,26.0
2700,2700,healthy,0.75,S1,default,class_size_desc,3,0,1.0,552,,0.9746376811594203,0.9746376811594203,0,0,1.0,0.15226129777568922,15,1.0,nan,0,0,0.0,63.31755699989117,1.0,1.0,0.95,0.0,5.0,9.0,0.0
2700,2700,healthy,0.75,S2,default,class_size_desc,3,0,1.0,552,,0.9909420289855072,0.9909420289855072,0,0,1.0,0.15580829025689222,15,1.004265691651432,nan,0,0,0.0,54.99486799999431,1.0,1.0,0.9821428571428571,0.0,5.0,0.0,0.0
2700,2700,healthy,1.0,S0,default,class_size_desc,3,0,1.0,680,,0.8735294117647059,0.8735294117647059,17,86,2.2,0.1963141251566416,21,1.0,nan,0,0,0.0,36.358055999926364,0.8641574911315285,0.8735856489645981,0.8757130374940759,0.0,0.0,0.0,86.0
2700,2700,healthy,1.0,S0-QoS,default,class_size_desc,3,0,1.0,680,,0.8735294117647059,0.8735294117647059,17,86,2.2,0.1963141251566416,21,1.0,nan,0,0,0.0,35.81770300002063,1.0,0.9922480620155039,0.7536656891495601,0.0,0.0,0.0,86.0
2700,2700,healthy,1.0,S1,default,class_size_desc,3,0,1.0,680,,0.9588235294117647,0.9588235294117647,0,0,1.0,0.1885967653508772,21,1.0230061349693251,nan,0,0,0.0,80.67124100011824,1.0,1.0,0.9178885630498533,0.0,10.0,18.0,0.0
2700,2700,healthy,1.0,S2,default,class_size_desc,3,0,1.0,680,,0.9852941176470589,0.9852941176470589,0,0,1.0,0.19650207550125312,21,1.0323383084577114,nan,0,0,0.0,62.30461700010892,1.0,1.0,0.9706744868035191,0.0,10.0,0.0,0.0
2700,2700,healthy,1.0,S2,lambda=0.5xmean,class_size_desc,3,1,1.0,680,,0.9852941176470589,0.9852941176470589,0,0,1.0,0.23460510651629074,6,1.2253731343283583,nan,0,0,0.0,59.40048999991632,1.0,1.0,0.9706744868035191,0.0,10.0,0.0,0.0
2700,2700,healthy,1.0,S2,lambda=1xmean,class_size_desc,3,2,1.0,680,,0.9852941176470589,0.9852941176470589,0,0,1.0,0.24767257988721805,2,1.2666666666666666,nan,0,0,0.0,56.0101510000095,1.0,1.0,0.9706744868035191,0.0,10.0,0.0,0.0
2700,2700,healthy,1.0,S2,lambda=2xmean,class_size_desc,3,4,1.0,680,,0.9852941176470589,0.9852941176470589,0,0,1.0,0.26387486293859647,5,1.318905472636816,nan,0,0,0.0,59.02607799998805,1.0,1.0,0.9706744868035191,0.0,10.0,0.0,0.0
2700,2700,healthy,1.0,S2,max_paths=1,class_size_desc,1,0,1.0,680,,0.9544117647058824,0.9544117647058824,0,0,1.0,0.1871735980576441,21,1.0200308166409862,nan,0,0,0.0,81.1933099998896,1.0,1.0,0.9090909090909091,0.0,10.0,21.0,0.0
2700,2700,healthy,1.0,S2,max_paths=2,class_size_desc,2,0,1.0,680,,0.9852941176470589,0.9852941176470589,0,0,1.0,0.19650207550125312,21,1.0323383084577114,nan,0,0,0.0,56.88073400006033,1.0,1.0,0.9706744868035191,0.0,10.0,0.0,0.0
2700,2700,healthy,1.0,S2,max_paths=4,class_size_desc,4,0,1.0,680,,0.9852941176470589,0.9852941176470589,0,0,1.0,0.19650207550125312,21,1.0323383084577114,nan,0,0,0.0,54.36961500004145,1.0,1.0,0.9706744868035191,0.0,10.0,0.0,0.0
2700,2700,healthy,1.0,S2,order=arrival,arrival,3,0,1.0,680,,0.9852941176470589,0.9852941176470589,0,0,1.0,0.19650207550125312,21,1.0323383084577114,nan,0,0,0.0,62.21507800000836,1.0,1.0,0.9706744868035191,0.0,10.0,0.0,0.0
2700,2700,healthy,1.0,S2,order=class_size_asc,class_size_asc,3,0,1.0,680,,0.9852941176470589,0.9852941176470589,0,0,1.0,0.19650207550125312,21,1.0323383084577114,nan,0,0,0.0,72.78288800011978,1.0,1.0,0.9706744868035191,0.0,10.0,0.0,0.0
2700,2700,healthy,1.0,S2,util_cap=0.9,class_size_desc,3,0,0.9,680,,0.9823529411764705,0.9823529411764705,0,0,0.9,0.19984261434837092,0,1.0508982035928143,nan,0,0,0.0,54.736563000005845,1.0,1.0,0.9648093841642229,0.0,12.0,0.0,0.0
2700,2700,healthy,1.25,S0,default,class_size_desc,3,0,1.0,870,,0.739616133862205,0.739616133862205,28,260,2.8,0.25098987703634085,33,1.0,nan,0,0,0.0,30.55945200003407,0.7065309909051155,0.7491964742069069,0.7402614372005438,0.0,0.0,0.0,226.53396353988165
2700,2700,healthy,1.25,S0-QoS,default,class_size_desc,3,0,1.0,870,,0.7395274584929757,0.7395274584929757,28,260,2.8,0.25098987703634085,33,1.0,nan,0,0,0.0,29.581767000081527,1.0,0.9723926380368099,0.5065507684555304,0.0,0.0,0.0,226.61111111111111
2700,2700,healthy,1.25,S1,default,class_size_desc,3,0,1.0,870,,0.9172413793103448,0.9172413793103448,0,0,1.0,0.24012703634085214,37,1.0572263993316624,nan,0,0,0.0,83.9682640000774,1.0,0.9815950920245399,0.8503401360544217,0.0,21.0,51.0,0.0
2700,2700,healthy,1.25,S2,default,class_size_desc,3,0,1.0,870,,0.9747126436781609,0.9747126436781609,0,0,1.0,0.26256590695488724,42,1.0864779874213837,nan,0,0,0.0,65.86460299990904,1.0,0.9969325153374233,0.9523809523809523,0.0,22.0,0.0,0.0
2700,2700,healthy,1.5,S0,default,class_size_desc,3,0,1.0,1064,,0.6178518302156308,0.6178518302156308,35,550,3.4,0.3074966126253133,41,1.0,nan,0,0,0.0,30.01046100007443,0.586114932287963,0.6255417201612797,0.6194257532101409,0.0,0.0,0.0,406.6056526505688
2700,2700,healthy,1.5,S0-QoS,default,class_size_desc,3,0,1.0,1064,,0.6152172809228156,0.6152172809228156,35,550,3.4,0.3074966126253133,41,1.0,nan,0,0,0.0,30.81478099988999,1.0,0.9262899262899262,0.28682553928924015,0.0,0.0,0.0,409.40881309812426
2700,2700,healthy,1.5,S1,default,class_size_desc,3,0,1.0,1064,,0.8618421052631579,0.8618421052631579,0,0,1.0,0.2866530388471178,51,1.103598691384951,nan,0,0,0.0,86.32662700006222,1.0,0.9336609336609336,0.7744360902255639,0.0,44.0,103.0,0.0
2700,2700,healthy,1.5,S2,default,class_size_desc,3,0,1.0,1064,,0.9445488721804511,0.9445488721804511,0,0,1.0,0.33383008302005013,54,1.169485903814262,nan,0,0,0.0,71.62402399990242,1.0,0.9901719901719902,0.8966165413533834,0.0,59.0,0.0,0.0
2700,2700,healthy,2.0,S0,default,class_size_desc,3,0,1.0,1360,,0.4787483586076529,0.4787483586076529,42,1100,4.4,0.3926282503132832,43,1.0,nan,0,0,0.0,29.229045999954906,0.45382787356704224,0.4853392390874897,0.47968123873812674,0.0,0.0,0.0,708.9022322935921
2700,2700,healthy,2.0,S0-QoS,default,class_size_desc,3,0,1.0,1360,,0.4725015427479777,0.4725015427479777,42,1100,4.4,0.3926282503132832,43,1.0,nan,0,0,0.0,29.06841499998336,1.0,0.810077519379845,0.09179193275256545,0.0,0.0,0.0,717.3979018627504
2700,2700,healthy,2.0,S1,default,class_size_desc,3,0,1.0,1360,,0.7926470588235294,0.7926470588235294,0,0,1.0,0.36916682330827066,70,1.2102659245516387,nan,0,0,0.0,92.20297799993205,1.0,0.8953488372093024,0.6656891495601173,0.0,154.0,128.0,0.0
2700,2700,healthy,2.0,S2,default,class_size_desc,3,0,1.0,1360,,0.8294117647058824,0.8294117647058824,0,0,1.0,0.40261372180451127,79,1.24645390070922,nan,0,0,0.0,105.66950300017197,1.0,0.9806201550387597,0.6744868035190615,0.0,232.0,0.0,0.0
2700,2700,uplink,0.5,S0,default,class_size_desc,3,0,1.0,384,L6,0.9739583333333334,0.9739583333333334,4,10,1.5,0.12298142879721827,4,1.0579322638146167,0.9027777777777778,35,72,0.0,42.02948199986167,0.9600550964187328,0.9779336994102095,0.9740599714421704,0.0,0.0,0.0,10.0
2700,2700,uplink,0.5,S0-QoS,default,class_size_desc,3,0,1.0,384,L6,0.9739583333333334,0.9739583333333334,4,10,1.5,0.12298142879721827,4,1.0579322638146167,0.9027777777777778,35,72,0.0,28.66309499995623,1.0,1.0,0.9476439790575916,0.0,0.0,0.0,10.0
2700,2700,uplink,0.5,S1,default,class_size_desc,3,0,1.0,384,L6,0.9895833333333334,0.9895833333333334,0,0,1.0,0.12012782519361467,4,1.0614035087719298,0.9722222222222222,35,70,0.0,49.044889000015246,1.0,1.0,0.9790575916230366,0.0,0.0,4.0,0.0
2700,2700,uplink,0.5,S2,default,class_size_desc,3,0,1.0,384,L6,1.0,1.0,0,0,1.0,0.12121578157104473,4,1.0625,1.0,35,72,0.0,47.498227999994924,1.0,1.0,1.0,0.0,0.0,0.0,0.0
2700,2700,uplink,0.75,S0,default,class_size_desc,3,0,1.0,552,L6,0.9148550724637681,0.9148550724637681,11,47,2.2,0.17677947684526632,18,1.0528052805280528,0.7920792079207921,35,103,0.0,29.74153800005297,0.8867878853172971,0.9206244759313813,0.9171054319163563,0.0,0.0,0.0,47.0
2700,2700,uplink,0.75,S0-QoS,default,class_size_desc,3,0,1.0,552,L6,0.9148550724637681,0.9148550724637681,11,47,2.2,0.17677947684526632,18,1.0528052805280528,0.7920792079207921,35,103,0.0,30.462179000096512,1.0,1.0,0.8321428571428572,0.0,0.0,0.0,47.0
2700,2700,uplink,0.75,S1,default,class_size_desc,3,0,1.0,552,L6,0.9728260869565217,0.9728260869565217,0,0,1.0,0.16491793108898373,18,1.0620732464307883,0.9900990099009901,35,100,0.0,57.86099300007663,1.0,1.0,0.9464285714285714,0.0,5.0,10.0,0.0
2700,2700,uplink,0.75,S2,default,class_size_desc,3,0,1.0,552,L6,0.9909420289855072,0.9909420289855072,0,0,1.0,0.16844958116010747,18,1.0658135283363803,1.0,35,103,0.0,53.59302900001239,1.0,1.0,0.9821428571428571,0.0,5.0,0.0,0.0
2700,2700,uplink,1.0,S0,default,class_size_desc,3,0,1.0,680,L6,0.8264705882352941,0.8264705882352941,20,118,2.8,0.2177324956535483,24,1.0510083036773428,0.728813559322034,35,131,0.0,31.370463000030213,0.7909133786717297,0.8308380788572469,0.8316122932035783,0.0,0.0,0.0,118.0
2700,2700,uplink,1.0,S0-QoS,default,class_size_desc,3,0,1.0,680,L6,0.8264705882352941,0.8264705882352941,20,118,2.8,0.2177324956535483,24,1.0510083036773428,0.7288135593220338,35,131,0.0,31.216473000085898,1.0,0.9728682170542635,0.6744868035190615,0.0,0.0,0.0,118.0
2700,2700,uplink,1.0,S1,default,class_size_desc,3,0,1.0,680,L6,0.9544117647058824,0.9544117647058824,0,0,1.0,0.20071024972340762,24,1.0821777092963534,0.9745762711864406,34,121,0.0,62.27694399990469,1.0,0.9806201550387597,0.9237536656891495,0.0,10.0,21.0,0.0
2700,2700,uplink,1.0,S2,default,class_size_desc,3,0,1.0,680,L6,0.9852941176470589,0.9852941176470589,0,0,1.0,0.20905164374901217,25,1.091044776119403,1.0,34,127,0.0,55.19816900005026,1.0,1.0,0.9706744868035191,0.0,10.0,0.0,0.0
2700,2700,uplink,1.0,S2,lambda=0.5xmean,class_size_desc,3,1,1.0,680,L6,0.9852941176470589,0.9852941176470589,0,0,1.0,0.2477072072072072,6,1.2611940298507462,1.0,58,197,0.0,57.422359999918626,1.0,1.0,0.9706744868035191,0.0,10.0,0.0,0.0
2700,2700,uplink,1.0,S2,lambda=1xmean,class_size_desc,3,2,1.0,680,L6,0.9852941176470589,0.9852941176470589,0,0,1.0,0.26183886518097044,4,1.3119402985074626,1.0,47,153,0.0,56.58274600000368,1.0,1.0,0.9706744868035191,0.0,10.0,0.0,0.0
2700,2700,uplink,1.0,S2,lambda=2xmean,class_size_desc,3,4,1.0,680,L6,0.9852941176470589,0.9852941176470589,0,0,1.0,0.28603951319740795,5,1.391542288557214,1.0,55,179,0.0,67.01857699999891,1.0,1.0,0.9706744868035191,0.0,10.0,0.0,0.0
2700,2700,uplink,1.0,S2,max_paths=1,class_size_desc,1,0,1.0,680,L6,0.9529411764705882,0.9529411764705882,0,0,1.0,0.20019318002212738,24,1.0802469135802468,0.9915254237288136,34,121,0.0,71.05658000000403,1.0,0.9806201550387597,0.9208211143695014,0.0,10.0,22.0,0.0
2700,2700,uplink,1.0,S2,max_paths=2,class_size_desc,2,0,1.0,680,L6,0.9852941176470589,0.9852941176470589,0,0,1.0,0.20905164374901217,25,1.091044776119403,1.0,34,127,0.0,62.24244000009094,1.0,1.0,0.9706744868035191,0.0,10.0,0.0,0.0
2700,2700,uplink,1.0,S2,max_paths=4,class_size_desc,4,0,1.0,680,L6,0.9852941176470589,0.9852941176470589,0,0,1.0,0.20905164374901217,25,1.091044776119403,1.0,34,127,0.0,53.16017700010889,1.0,1.0,0.9706744868035191,0.0,10.0,0.0,0.0
2700,2700,uplink,1.0,S2,order=arrival,arrival,3,0,1.0,680,L6,0.9852941176470589,0.9852941176470589,0,0,1.0,0.20905164374901217,25,1.091044776119403,1.0,34,127,0.0,53.424812999992355,1.0,1.0,0.9706744868035191,0.0,10.0,0.0,0.0
2700,2700,uplink,1.0,S2,order=class_size_asc,class_size_asc,3,0,1.0,680,L6,0.9852941176470589,0.9852941176470589,0,0,1.0,0.20905164374901217,25,1.091044776119403,1.0,35,127,0.0,53.797352000174214,1.0,1.0,0.9706744868035191,0.0,10.0,0.0,0.0
2700,2700,uplink,1.0,S2,util_cap=0.9,class_size_desc,3,0,0.9,680,L6,0.9823529411764705,0.9823529411764705,0,0,0.9,0.21308384700489963,0,1.1132734530938124,1.0,36,126,0.0,52.62195699992844,1.0,1.0,0.9648093841642229,0.0,12.0,0.0,0.0
2700,2700,uplink,1.25,S0,default,class_size_desc,3,0,1.0,870,L6,0.6938456059525071,0.6938456059525071,29,295,3.5,0.27846838944207364,34,1.049698028386808,0.6932656826568266,35,167,0.0,29.875198000127057,0.6427887827981965,0.7036357671471278,0.6985332708854951,0.0,0.0,0.0,266.35432282131876
2700,2700,uplink,1.25,S0-QoS,default,class_size_desc,3,0,1.0,870,L6,0.6937420178799489,0.6937420178799489,29,295,3.5,0.27846838944207364,34,1.0497054491899853,0.693196405648267,35,167,0.0,29.18246900003396,1.0,0.9263803680981595,0.4502393550012598,0.0,0.0,0.0,266.44444444444446
2700,2700,uplink,1.25,S1,default,class_size_desc,3,0,1.0,870,L6,0.9080459770114943,0.9080459770114943,0,0,1.0,0.2520435435435435,39,1.1168776371308018,0.9242424242424242,35,146,0.0,82.35895600000731,1.0,0.9631901840490797,0.8458049886621315,0.0,21.0,59.0,0.0
2700,2700,uplink,1.25,S2,default,class_size_desc,3,0,1.0,870,L6,0.9747126436781609,0.9747126436781609,0,0,1.0,0.2853222696380591,44,1.1690251572327044,1.0,47,185,0.0,54.952818999936426,1.0,0.9969325153374233,0.9523809523809523,0.0,22.0,0.0,0.0
2700,2700,uplink,1.5,S0,default,class_size_desc,3,0,1.0,1064,L6,0.5798411631538878,0.5798411631538878,36,556,4.3,0.34071392445076654,40,1.0486262282043635,0.6899546827794562,35,203,0.0,29.976327999975183,0.5346724213105684,0.5880605175538219,0.5841660042998309,0.0,0.0,0.0,447.0490024042634
2700,2700,uplink,1.5,S0-QoS,default,class_size_desc,3,0,1.0,1064,L6,0.5775403680524043,0.5775403680524043,36,556,4.3,0.34071392445076654,40,1.0488199445120798,0.6918381189238073,35,203,0.0,37.52505500006009,1.0,0.8648648648648649,0.258464194751425,0.0,0.0,0.0,449.4970483922419
2700,2700,uplink,1.5,S1,default,class_size_desc,3,0,1.0,1064,L6,0.8486842105263158,0.8486842105263158,0,0,1.0,0.3137689268215584,54,1.2033960871170173,0.9125,42,197,0.0,107.76670699988244,1.0,0.914004914004914,0.7631578947368421,0.0,41.0,120.0,0.0
2700,2700,uplink,1.5,S2,default,class_size_desc,3,0,1.0,1064,L6,0.9445488721804511,0.9445488721804511,0,0,1.0,0.37401612138454243,62,1.2835820895522387,1.0,51,235,0.0,67.79712699994889,1.0,0.9901719901719902,0.8966165413533834,0.0,59.0,0.0,0.0
2700,2700,uplink,2.0,S0,default,class_size_desc,3,0,1.0,1360,L6,0.4492804645798128,0.4492804645798128,41,1048,5.6,0.4354649913070966,43,1.0490981141368836,0.6919014084507042,35,262,0.0,30.661512000051516,0.4128485188621973,0.4563825566817257,0.45256095678166997,0.0,0.0,0.0,748.9785681714546
2700,2700,uplink,2.0,S0-QoS,default,class_size_desc,3,0,1.0,1360,L6,0.4434240026410258,0.4434240026410258,41,1048,5.6,0.4354649913070966,43,1.0497465707720597,0.6947368421052632,35,262,0.0,29.57615800005442,0.9876543209876543,0.7441860465116279,0.0865933190495529,0.0,0.0,0.0,756.9433564082049
2700,2700,uplink,2.0,S1,default,class_size_desc,3,0,1.0,1360,L6,0.7720588235294118,0.7720588235294118,0,0,1.0,0.3996641378220326,72,1.3098412698412698,0.9625,52,266,2.0,123.89942100003282,0.9876543209876543,0.8837209302325582,0.6363636363636364,0.0,168.0,142.0,0.0
2700,2700,uplink,2.0,S2,default,class_size_desc,3,0,1.0,1360,L6,0.788235294117647,0.788235294117647,0,0,1.0,0.428319740793425,83,1.3488805970149254,1.0,55,274,0.0,105.53330799984906,1.0,0.9806201550387597,0.592375366568915,0.0,288.0,0.0,0.0
2700,2700,multi,0.5,S0,default,class_size_desc,3,0,1.0,384,L11;L2;L27,0.9375,0.9836065573770492,3,6,1.3,0.11220006438113633,3,1.0092592592592593,0.3225806451612903,13,13,0.0,27.885886999911236,0.5617450731087095,0.9862799393000735,0.986007883913643,18.0,0.0,0.0,6.000000000000001
2700,2700,multi,0.5,S0-QoS,default,class_size_desc,3,0,1.0,384,L11;L2;L27,0.9375,0.9836065573770492,3,6,1.3,0.11220006438113633,3,1.0092592592592593,0.3225806451612903,13,13,0.0,28.29700799998136,0.5909090909090909,1.0,0.9685863874345549,18.0,0.0,0.0,6.0
2700,2700,multi,0.5,S1,default,class_size_desc,3,0,1.0,384,L11;L2;L27,0.9479166666666666,0.994535519125683,0,0,1.0,0.11121382584902624,3,1.0146520146520146,0.41935483870967744,13,13,0.0,45.19426700016993,0.5909090909090909,1.0,0.9895287958115183,18.0,0.0,2.0,0.0
2700,2700,multi,0.5,S2,default,class_size_desc,3,0,1.0,384,L11;L2;L27,0.953125,1.0,0,0,1.0,0.11173000160952841,3,1.0145719489981786,0.41935483870967744,13,13,0.0,45.03308600010314,0.5909090909090909,1.0,1.0,18.0,0.0,0.0,0.0
2700,2700,multi,0.75,S0,default,class_size_desc,3,0,1.0,552,L11;L2;L27,0.8967391304347826,0.9446564885496184,7,29,1.8,0.16056496459037503,13,1.0067340067340067,0.22115844901866924,13,18,0.0,27.710829000170634,0.5065628815628815,0.9459391252869513,0.9509429063000492,28.0,0.0,0.0,29.0
2700,2700,multi,0.75,S0-QoS,default,class_size_desc,3,0,1.0,552,L11;L2;L27,0.8967391304347826,0.9446564885496184,7,29,1.8,0.16056496459037503,13,1.0067340067340067,0.21739130434782608,13,18,0.0,27.159435000157828,0.5692307692307692,1.0,0.8964285714285715,28.0,0.0,0.0,29.0
2700,2700,multi,0.75,S1,default,class_size_desc,3,0,1.0,552,L11;L2;L27,0.9329710144927537,0.982824427480916,0,0,1.0,0.1544343513600515,13,1.0168284789644013,0.391304347826087,16,32,0.0,49.389656000130344,0.5692307692307692,1.0,0.9678571428571429,28.0,5.0,4.0,0.0
2700,2700,multi,0.75,S2,default,class_size_desc,3,0,1.0,552,L11;L2;L27,0.9402173913043478,0.9904580152671756,0,0,1.0,0.15571996217608242,13,1.0173410404624277,0.391304347826087,16,25,0.0,52.84033699990687,0.5692307692307692,1.0,0.9821428571428571,28.0,5.0,0.0,0.0
2700,2700,multi,1.0,S0,default,class_size_desc,3,0,1.0,680,L11;L2;L27,0.8352941176470589,0.8806201550387597,15,77,2.3,0.19727504828585224,19,1.005868544600939,0.19844414954789877,13,23,0.0,27.477470999883735,0.46210903164882317,0.8806069546882969,0.8896556426007763,35.0,0.0,0.0,77.0
2700,2700,multi,1.0,S0-QoS,default,class_size_desc,3,0,1.0,680,L11;L2;L27,0.8352941176470589,0.8806201550387597,15,77,2.3,0.19727504828585224,19,1.005868544600939,0.18181818181818182,13,23,0.0,27.19442100010383,0.5679012345679012,0.9806201550387597,0.7888563049853372,35.0,0.0,0.0,77.0
2700,2700,multi,1.0,S1,default,class_size_desc,3,0,1.0,680,L11;L2;L27,0.9073529411764706,0.9565891472868217,0,0,1.0,0.18508985192338645,20,1.0259319286871962,0.36363636363636365,21,51,0.0,57.159006000119916,0.5679012345679012,0.9883720930232558,0.9266862170087976,35.0,10.0,18.0,0.0
2700,2700,multi,1.0,S2,default,class_size_desc,3,0,1.0,680,L11;L2;L27,0.9294117647058824,0.9798449612403101,0,0,1.0,0.19172223563495897,20,1.0327004219409284,0.3448275862068966,20,48,0.0,52.04977400012467,0.5679012345679012,1.0,0.9618768328445748,35.0,13.0,0.0,0.0
2700,2700,multi,1.0,S2,lambda=0.5xmean,class_size_desc,3,1,1.0,680,L11;L2;L27,0.9294117647058824,0.9798449612403101,0,0,1.0,0.22852233220666346,8,1.2178270042194093,0.4492753623188406,59,148,0.0,51.05675200002224,0.5679012345679012,1.0,0.9618768328445748,35.0,13.0,0.0,0.0
2700,2700,multi,1.0,S2,lambda=1xmean,class_size_desc,3,2,1.0,680,L11;L2;L27,0.9294117647058824,0.9798449612403101,0,0,1.0,0.24385916626428455,8,1.2742616033755274,0.42424242424242425,71,201,0.0,58.16811899990171,0.5679012345679012,1.0,0.9618768328445748,35.0,13.0,0.0,0.0
2700,2700,multi,1.0,S2,lambda=2xmean,class_size_desc,3,4,1.0,680,L11;L2;L27,0.9294117647058824,0.9798449612403101,0,0,1.0,0.2599138298728473,9,1.3270042194092826,0.4262295081967213,67,195,0.0,57.951912999897104,0.5679012345679012,1.0,0.9618768328445748,35.0,13.0,0.0,0.0
2700,2700,multi,1.0,S2,max_paths=1,class_size_desc,1,0,1.0,680,L11;L2;L27,0.9161764705882353,0.9658914728682171,0,0,1.0,0.18789719137292774,20,1.028892455858748,0.36363636363636365,20,46,0.0,54.33003100006317,0.5679012345679012,0.9883720930232558,0.9442815249266863,35.0,10.0,12.0,0.0
2700,2700,multi,1.0,S2,max_paths=2,class_size_desc,2,0,1.0,680,L11;L2;L27,0.9294117647058824,0.9798449612403101,0,0,1.0,0.19172223563495897,20,1.0327004219409284,0.3448275862068966,20,48,0.0,49.647548999928404,0.5679012345679012,1.0,0.9618768328445748,35.0,13.0,0.0,0.0
2700,2700,multi,1.0,S2,max_paths=4,class_size_desc,4,0,1.0,680,L11;L2;L27,0.9294117647058824,0.9798449612403101,0,0,1.0,0.19172223563495897,20,1.0327004219409284,0.3448275862068966,20,48,0.0,49.78332400014551,0.5679012345679012,1.0,0.9618768328445748,35.0,13.0,0.0,0.0
2700,2700,multi,1.0,S2,order=arrival,arrival,3,0,1.0,680,L11;L2;L27,0.9294117647058824,0.9798449612403101,0,0,1.0,0.19172223563495897,20,1.0327004219409284,0.3448275862068966,21,59,0.0,58.115198999985296,0.5679012345679012,1.0,0.9618768328445748,35.0,13.0,0.0,0.0
2700,2700,multi,1.0,S2,order=class_size_asc,class_size_asc,3,0,1.0,680,L11;L2;L27,0.9294117647058824,0.9798449612403101,0,0,1.0,0.19172223563495897,20,1.0327004219409284,0.3448275862068966,20,58,0.0,49.35012199985067,0.5679012345679012,1.0,0.9618768328445748,35.0,13.0,0.0,0.0
2700,2700,multi,1.0,S2,util_cap=0.9,class_size_desc,3,0,0.9,680,L11;L2;L27,0.9235294117647059,0.9736434108527132,0,0,0.9,0.19305685659101884,0,1.0461783439490446,0.33962264150943394,26,74,0.0,53.93194499993115,0.5679012345679012,1.0,0.9501466275659824,35.0,17.0,0.0,0.0
2700,2700,multi,1.25,S0,default,class_size_desc,3,0,1.0,870,L11;L2;L27,0.732161259271842,0.7720973279593969,25,197,2.8,0.25185073635924676,32,1.005233024249783,0.19369494824475414,13,28,0.0,30.8964239998204,0.38310344505523614,0.7790346211968037,0.7790370843892407,45.0,0.0,0.0,188.01970443349754
2700,2700,multi,1.25,S0-QoS,default,class_size_desc,3,0,1.0,870,L11;L2;L27,0.7320561941251597,0.771986531986532,25,197,2.8,0.25185073635924676,32,1.0052337752965805,0.15384615384615385,13,28,0.0,44.30262599998969,0.5631067961165048,0.9539877300613497,0.6074577979339884,45.0,0.0,0.0,188.11111111111111
2700,2700,multi,1.25,S1,default,class_size_desc,3,0,1.0,870,L11;L2;L27,0.8620689655172413,0.9090909090909091,0,0,1.0,0.22985180267181715,33,1.0453333333333332,0.3076923076923077,28,81,0.0,187.22741700003098,0.5631067961165048,0.9785276073619632,0.8458049886621315,45.0,25.0,50.0,0.0
2700,2700,multi,1.25,S2,default,class_size_desc,3,0,1.0,870,L11;L2;L27,0.9183908045977012,0.9684848484848485,0,0,1.0,0.25346609930790276,39,1.07717980809345,0.3561643835616438,30,102,0.0,111.1987520000639,0.5631067961165048,0.9969325153374233,0.9433106575963719,45.0,26.0,0.0,0.0
2700,2700,multi,1.5,S0,default,class_size_desc,3,0,1.0,1064,L11;L2;L27,0.61103291997073,0.6430653084558423,33,449,3.6,0.30947511266698857,39,1.0051271085039912,0.19429449989913095,13,36,0.0,60.22627900006228,0.3181116827688836,0.6497351009197436,0.6502497752413732,53.0,0.0,0.0,360.86097315114336
2700,2700,multi,1.5,S0-QoS,default,class_size_desc,3,0,1.0,1064,L11;L2;L27,0.6105036171205127,0.6425082577806385,33,449,3.6,0.30947511266698857,39,1.00513155367527,0.136986301369863,13,36,0.0,52.053280999871276,0.576,0.9041769041769042,0.393939565068093,53.0,0.0,0.0,361.42415138377453
2700,2700,multi,1.5,S1,default,class_size_desc,3,0,1.0,1064,L11;L2;L27,0.8157894736842105,0.8585558852621167,0,0,1.0,0.28730150490906164,46,1.1102150537634408,0.3595505617977528,43,157,0.0,212.24563700002363,0.576,0.9262899262899262,0.7875939849624061,53.0,44.0,99.0,0.0
2700,2700,multi,1.5,S2,default,class_size_desc,3,0,1.0,1064,L11;L2;L27,0.8919172932330827,0.9386745796241345,0,0,1.0,0.3408905118300338,53,1.1938883034773446,0.4883720930232558,54,203,0.0,95.22819199992227,0.576,0.9901719901719902,0.8909774436090225,53.0,62.0,0.0,0.0
2700,2700,multi,2.0,S0,default,class_size_desc,3,0,1.0,1360,L11;L2;L27,0.4770538155993247,0.5029404567558772,41,930,4.6,0.3945500965717045,42,1.0051377440280562,0.19202094738050624,13,46,0.0,30.647996999960014,0.2444157299223531,0.5077543806806953,0.5090858952146944,70.0,0.0,0.0,641.2068107849184
2700,2700,multi,2.0,S0-QoS,default,class_size_desc,3,0,1.0,1360,L11;L2;L27,0.4749164534606139,0.5006871137259186,41,930,4.6,0.3945500965717045,42,1.005160866451977,0.1111111111111111,13,46,0.0,39.37944199992671,0.5679012345679012,0.8372093023255814,0.17871902742879017,70.0,0.0,0.0,644.1136232935651
2700,2700,multi,2.0,S1,default,class_size_desc,3,0,1.0,1360,L11;L2;L27,0.7338235294117647,0.7736434108527132,0,0,1.0,0.3527819893771125,62,1.197060788243153,0.3142857142857143,56,222,0.0,113.01628100000016,0.5679012345679012,0.9341085271317829,0.6217008797653959,70.0,176.0,116.0,0.0
2700,2700,multi,2.0,S2,default,class_size_desc,3,0,1.0,1360,L11;L2;L27,0.7647058823529411,0.8062015503875969,0,0,1.0,0.38291115403186865,70,1.226923076923077,0.4827586206896552,51,220,0.0,108.14380300007542,0.5679012345679012,0.9689922480620154,0.656891495601173,70.0,250.0,0.0,0.0
2700,2700,recovered,0.5,S0,default,class_size_desc,3,0,1.0,384,,0.9921875,0.9921875,2,3,1.2,0.11118248746867168,2,1.0,nan,6,11,0.0,31.737150000026304,0.9865702479338843,0.992475086434818,0.9932571791210535,0.0,0.0,0.0,3.0000000000000004
2700,2700,recovered,0.5,S0-QoS,default,class_size_desc,3,0,1.0,384,,0.9921875,0.9921875,2,3,1.2,0.11118248746867168,2,1.0,nan,6,11,0.0,36.59176400014985,1.0,1.0,0.9842931937172775,0.0,0.0,0.0,3.0
2700,2700,recovered,0.5,S1,default,class_size_desc,3,0,1.0,384,,0.9947916666666666,0.9947916666666666,0,0,1.0,0.11010213032581453,2,1.0,nan,6,11,0.0,52.74163200010662,1.0,1.0,0.9895287958115183,0.0,0.0,2.0,0.0
2700,2700,recovered,0.5,S2,default,class_size_desc,3,0,1.0,384,,1.0,1.0,0,0,1.0,0.11060447994987468,2,1.0,nan,6,11,0.0,73.10633399993094,1.0,1.0,1.0,0.0,0.0,0.0,0.0
2700,2700,recovered,0.75,S0,default,class_size_desc,3,0,1.0,552,,0.9528985507246377,0.9528985507246377,9,26,1.8,0.15981381187343358,15,1.0,nan,6,15,0.0,55.91837899987695,0.9526279276279276,0.9508536954189128,0.9544731062588205,0.0,0.0,0.0,26.0
2700,2700,recovered,0.75,S0-QoS,default,class_size_desc,3,0,1.0,552,,0.9528985507246377,0.9528985507246377,9,26,1.8,0.15981381187343358,15,1.0,nan,6,15,0.0,42.597257999887006,1.0,1.0,0.9071428571428571,0.0,0.0,0.0,26.0
2700,2700,recovered,0.75,S1,default,class_size_desc,3,0,1.0,552,,0.9746376811594203,0.9746376811594203,0,0,1.0,0.15226129777568922,15,1.0,nan,6,15,0.0,62.13767300005202,1.0,1.0,0.95,0.0,5.0,9.0,0.0
2700,2700,recovered,0.75,S2,default,class_size_desc,3,0,1.0,552,,0.9909420289855072,0.9909420289855072,0,0,1.0,0.15580829025689222,15,1.004265691651432,nan,6,15,0.0,61.5145950000624,1.0,1.0,0.9821428571428571,0.0,5.0,0.0,0.0
2700,2700,recovered,1.0,S0,default,class_size_desc,3,0,1.0,680,,0.8735294117647059,0.8735294117647059,17,86,2.2,0.1963141251566416,21,1.0,nan,6,18,0.0,31.74262000015915,0.8641574911315285,0.8735856489645981,0.8757130374940759,0.0,0.0,0.0,86.0
2700,2700,recovered,1.0,S0-QoS,default,class_size_desc,3,0,1.0,680,,0.8735294117647059,0.8735294117647059,17,86,2.2,0.1963141251566416,21,1.0,nan,6,18,0.0,30.091803999994227,1.0,0.9922480620155039,0.7536656891495601,0.0,0.0,0.0,86.0
2700,2700,recovered,1.0,S1,default,class_size_desc,3,0,1.0,680,,0.9588235294117647,0.9588235294117647,0,0,1.0,0.1885967653508772,21,1.0230061349693251,nan,6,18,0.0,74.62720700004866,1.0,1.0,0.9178885630498533,0.0,10.0,18.0,0.0
2700,2700,recovered,1.0,S2,default,class_size_desc,3,0,1.0,680,,0.9852941176470589,0.9852941176470589,0,0,1.0,0.19650207550125312,21,1.0323383084577114,nan,6,18,0.0,56.144865000078426,1.0,1.0,0.9706744868035191,0.0,10.0,0.0,0.0
2700,2700,recovered,1.0,S2,lambda=0.5xmean,class_size_desc,3,1,1.0,680,,0.9852941176470589,0.9852941176470589,0,0,1.0,0.23460510651629074,6,1.2253731343283583,nan,15,39,0.0,61.64882699999907,1.0,1.0,0.9706744868035191,0.0,10.0,0.0,0.0
2700,2700,recovered,1.0,S2,lambda=1xmean,class_size_desc,3,2,1.0,680,,0.9852941176470589,0.9852941176470589,0,0,1.0,0.24767257988721805,2,1.2666666666666666,nan,18,45,0.0,57.15872600012517,1.0,1.0,0.9706744868035191,0.0,10.0,0.0,0.0
2700,2700,recovered,1.0,S2,lambda=2xmean,class_size_desc,3,4,1.0,680,,0.9852941176470589,0.9852941176470589,0,0,1.0,0.26387486293859647,5,1.318905472636816,nan,19,53,0.0,57.720289000144476,1.0,1.0,0.9706744868035191,0.0,10.0,0.0,0.0
2700,2700,recovered,1.0,S2,max_paths=1,class_size_desc,1,0,1.0,680,,0.9544117647058824,0.9544117647058824,0,0,1.0,0.1871735980576441,21,1.0200308166409862,nan,6,18,0.0,61.67825200009247,1.0,1.0,0.9090909090909091,0.0,10.0,21.0,0.0
2700,2700,recovered,1.0,S2,max_paths=2,class_size_desc,2,0,1.0,680,,0.9852941176470589,0.9852941176470589,0,0,1.0,0.19650207550125312,21,1.0323383084577114,nan,6,18,0.0,54.60821299993768,1.0,1.0,0.9706744868035191,0.0,10.0,0.0,0.0
2700,2700,recovered,1.0,S2,max_paths=4,class_size_desc,4,0,1.0,680,,0.9852941176470589,0.9852941176470589,0,0,1.0,0.19650207550125312,21,1.0323383084577114,nan,6,18,0.0,53.867432999822995,1.0,1.0,0.9706744868035191,0.0,10.0,0.0,0.0
2700,2700,recovered,1.0,S2,order=arrival,arrival,3,0,1.0,680,,0.9852941176470589,0.9852941176470589,0,0,1.0,0.19650207550125312,21,1.0323383084577114,nan,6,18,0.0,57.21708600003694,1.0,1.0,0.9706744868035191,0.0,10.0,0.0,0.0
2700,2700,recovered,1.0,S2,order=class_size_asc,class_size_asc,3,0,1.0,680,,0.9852941176470589,0.9852941176470589,0,0,1.0,0.19650207550125312,21,1.0323383084577114,nan,6,18,0.0,68.02186899994922,1.0,1.0,0.9706744868035191,0.0,10.0,0.0,0.0
2700,2700,recovered,1.0,S2,util_cap=0.9,class_size_desc,3,0,0.9,680,,0.9823529411764705,0.9823529411764705,0,0,0.9,0.19984261434837092,0,1.0508982035928143,nan,6,18,0.0,64.66967200003637,1.0,1.0,0.9648093841642229,0.0,12.0,0.0,0.0
2700,2700,recovered,1.25,S0,default,class_size_desc,3,0,1.0,870,,0.739616133862205,0.739616133862205,28,260,2.8,0.25098987703634085,33,1.0,nan,6,22,0.0,31.33107899998322,0.7065309909051155,0.7491964742069069,0.7402614372005438,0.0,0.0,0.0,226.53396353988165
2700,2700,recovered,1.25,S0-QoS,default,class_size_desc,3,0,1.0,870,,0.7395274584929757,0.7395274584929757,28,260,2.8,0.25098987703634085,33,1.0,nan,6,22,0.0,30.764235999868106,1.0,0.9723926380368099,0.5065507684555304,0.0,0.0,0.0,226.61111111111111
2700,2700,recovered,1.25,S1,default,class_size_desc,3,0,1.0,870,,0.9172413793103448,0.9172413793103448,0,0,1.0,0.24012703634085214,37,1.0572263993316624,nan,6,20,0.0,123.73556399984409,1.0,0.9815950920245399,0.8503401360544217,0.0,21.0,51.0,0.0
2700,2700,recovered,1.25,S2,default,class_size_desc,3,0,1.0,870,,0.9747126436781609,0.9747126436781609,0,0,1.0,0.26256590695488724,42,1.0864779874213837,nan,6,22,0.0,55.28314800017142,1.0,0.9969325153374233,0.9523809523809523,0.0,22.0,0.0,0.0
2700,2700,recovered,1.5,S0,default,class_size_desc,3,0,1.0,1064,,0.6178518302156308,0.6178518302156308,35,550,3.4,0.3074966126253133,41,1.0,nan,6,29,0.0,29.872512999872924,0.586114932287963,0.6255417201612797,0.6194257532101409,0.0,0.0,0.0,406.6056526505688
2700,2700,recovered,1.5,S0-QoS,default,class_size_desc,3,0,1.0,1064,,0.6152172809228156,0.6152172809228156,35,550,3.4,0.3074966126253133,41,1.0,nan,6,29,0.0,29.42597499986732,1.0,0.9262899262899262,0.28682553928924015,0.0,0.0,0.0,409.40881309812426
2700,2700,recovered,1.5,S1,default,class_size_desc,3,0,1.0,1064,,0.8618421052631579,0.8618421052631579,0,0,1.0,0.2866530388471178,51,1.103598691384951,nan,13,58,0.0,81.61414899996089,1.0,0.9336609336609336,0.7744360902255639,0.0,44.0,103.0,0.0
2700,2700,recovered,1.5,S2,default,class_size_desc,3,0,1.0,1064,,0.9445488721804511,0.9445488721804511,0,0,1.0,0.33383008302005013,54,1.169485903814262,nan,13,54,0.0,63.673964999907184,1.0,0.9901719901719902,0.8966165413533834,0.0,59.0,0.0,0.0
2700,2700,recovered,2.0,S0,default,class_size_desc,3,0,1.0,1360,,0.4787483586076529,0.4787483586076529,42,1100,4.4,0.3926282503132832,43,1.0,nan,6,36,0.0,29.908579999982976,0.45382787356704224,0.4853392390874897,0.47968123873812674,0.0,0.0,0.0,708.9022322935921
2700,2700,recovered,2.0,S0-QoS,default,class_size_desc,3,0,1.0,1360,,0.4725015427479777,0.4725015427479777,42,1100,4.4,0.3926282503132832,43,1.0,nan,6,36,0.0,39.318678999961776,1.0,0.810077519379845,0.09179193275256545,0.0,0.0,0.0,717.3979018627504
2700,2700,recovered,2.0,S1,default,class_size_desc,3,0,1.0,1360,,0.7926470588235294,0.7926470588235294,0,0,1.0,0.36916682330827066,70,1.2102659245516387,nan,16,66,0.0,94.25341300016044,1.0,0.8953488372093024,0.6656891495601173,0.0,154.0,128.0,0.0
2700,2700,recovered,2.0,S2,default,class_size_desc,3,0,1.0,1360,,0.8294117647058824,0.8294117647058824,0,0,1.0,0.40261372180451127,79,1.24645390070922,nan,18,96,0.0,107.58952400010457,1.0,0.9806201550387597,0.6744868035190615,0.0,232.0,0.0,0.0
2800,2800,healthy,0.5,S0,default,class_size_desc,3,0,1.0,388,,0.9561855670103093,0.9561855670103093,7,17,1.4,0.12961613188503787,10,1.0,nan,0,0,0.0,34.10882799994397,0.9395604395604396,0.9584326349032232,0.9571995661104572,0.0,0.0,0.0,17.000000000000004
2800,2800,healthy,0.5,S0-QoS,default,class_size_desc,3,0,1.0,388,,0.9561855670103093,0.9561855670103093,7,17,1.4,0.12961613188503787,10,1.0,nan,0,0,0.0,32.91894600010892,1.0,1.0,0.9158415841584159,0.0,0.0,0.0,17.0
2800,2800,healthy,0.5,S1,default,class_size_desc,3,0,1.0,388,,0.9896907216494846,0.9896907216494846,0,0,1.0,0.1255431058980314,10,1.0,nan,0,0,0.0,62.55130900012773,1.0,1.0,0.9801980198019802,0.0,0.0,4.0,0.0
2800,2800,healthy,0.5,S2,default,class_size_desc,3,0,1.0,388,,1.0,1.0,0,0,1.0,0.12650919883195658,10,1.0,nan,0,0,0.0,56.525477999912255,1.0,1.0,1.0,0.0,0.0,0.0,0.0
2800,2800,healthy,0.75,S0,default,class_size_desc,3,0,1.0,570,,0.8473684210526315,0.8473684210526315,15,87,2.0,0.19033106608460476,20,1.0,nan,0,0,0.0,35.00998799995614,0.8061386104149262,0.8500598297906558,0.8520192685256771,0.0,0.0,0.0,87.0
2800,2800,healthy,0.75,S0-QoS,default,class_size_desc,3,0,1.0,570,,0.8473684210526315,0.8473684210526315,15,87,2.0,0.19033106608460476,20,1.0,nan,0,0,0.0,32.416132999969705,1.0,0.9737991266375546,0.7235494880546075,0.0,0.0,0.0,87.0
2800,2800,healthy,0.75,S1,default,class_size_desc,3,0,1.0,570,,0.9526315789473684,0.9526315789473684,0,0,1.0,0.16930832010465355,20,1.0061387354205034,nan,0,0,0.0,80.80382999992253,1.0,0.982532751091703,0.9215017064846417,0.0,7.0,20.0,0.0
2800,2800,healthy,0.75,S2,default,class_size_desc,3,0,1.0,570,,0.987719298245614,0.987719298245614,0,0,1.0,0.17423680561679944,20,1.0059206631142688,nan,0,0,0.0,62.397981999993135,1.0,1.0,0.9761092150170648,0.0,7.0,0.0,0.0
2800,2800,healthy,1.0,S0,default,class_size_desc,3,0,1.0,695,,0.7654676258992805,0.7654676258992805,23,163,2.5,0.23206562160096422,27,1.0,nan,0,0,0.0,33.68826899986743,0.7110796829872501,0.7721451499623124,0.7689314446819008,0.0,0.0,0.0,163.0
2800,2800,healthy,1.0,S0-QoS,default,class_size_desc,3,0,1.0,695,,0.7654676258992805,0.7654676258992805,23,163,2.5,0.23206562160096422,27,1.0,nan,0,0,0.0,35.81410599986157,1.0,0.9458483754512635,0.590027700831025,0.0,0.0,0.0,163.0
2800,2800,healthy,1.0,S1,default,class_size_desc,3,0,1.0,695,,0.9482014388489208,0.9482014388489208,0,0,1.0,0.20032196401799102,27,1.009610520991401,nan,0,0,0.0,67.63174700017771,1.0,0.9747292418772563,0.9196675900277008,0.0,12.0,24.0,0.0
2800,2800,healthy,1.0,S2,default,class_size_desc,3,0,1.0,695,,0.9827338129496402,0.9827338129496402,0,0,1.0,0.20908757386012877,28,1.0195217179111762,nan,0,0,0.0,63.011572000050364,1.0,1.0,0.9667590027700831,0.0,12.0,0.0,0.0
2800,2800,healthy,1.0,S2,lambda=0.5xmean,class_size_desc,3,1,1.0,695,,0.9827338129496402,0.9827338129496402,0,0,1.0,0.22987035648842247,13,1.15568570034163,nan,0,0,0.0,63.62640600013947,1.0,1.0,0.9667590027700831,0.0,12.0,0.0,0.0
2800,2800,healthy,1.0,S2,lambda=1xmean,class_size_desc,3,2,1.0,695,,0.9827338129496402,0.9827338129496402,0,0,1.0,0.2463270521601944,13,1.2210834553440704,nan,0,0,0.0,59.632303999933356,1.0,1.0,0.9667590027700831,0.0,12.0,0.0,0.0
2800,2800,healthy,1.0,S2,lambda=2xmean,class_size_desc,3,4,1.0,695,,0.9827338129496402,0.9827338129496402,0,0,1.0,0.29140856042566954,8,1.3640800390434358,nan,0,0,0.0,59.10897299986573,1.0,1.0,0.9667590027700831,0.0,12.0,0.0,0.0
2800,2800,healthy,1.0,S2,max_paths=1,class_size_desc,1,0,1.0,695,,0.9381294964028777,0.9381294964028777,0,0,1.0,0.19920557858325738,27,1.0112474437627812,nan,0,0,0.0,79.9871480001002,1.0,0.9819494584837545,0.8947368421052632,0.0,12.0,31.0,0.0
2800,2800,healthy,1.0,S2,max_paths=2,class_size_desc,2,0,1.0,695,,0.9827338129496402,0.9827338129496402,0,0,1.0,0.20908757386012877,28,1.0195217179111762,nan,0,0,0.0,59.72148199998628,1.0,1.0,0.9667590027700831,0.0,12.0,0.0,0.0
2800,2800,healthy,1.0,S2,max_paths=4,class_size_desc,4,0,1.0,695,,0.9827338129496402,0.9827338129496402,0,0,1.0,0.20908757386012877,28,1.0195217179111762,nan,0,0,0.0,61.681718000045294,1.0,1.0,0.9667590027700831,0.0,12.0,0.0,0.0
2800,2800,healthy,1.0,S2,order=arrival,arrival,3,0,1.0,695,,0.9827338129496402,0.9827338129496402,0,0,1.0,0.20908757386012877,28,1.0195217179111762,nan,0,0,0.0,55.59262899987516,1.0,1.0,0.9667590027700831,0.0,12.0,0.0,0.0
2800,2800,healthy,1.0,S2,order=class_size_asc,class_size_asc,3,0,1.0,695,,0.9827338129496402,0.9827338129496402,0,0,1.0,0.20908757386012877,28,1.0195217179111762,nan,0,0,0.0,83.05848800000604,1.0,1.0,0.9667590027700831,0.0,12.0,0.0,0.0
2800,2800,healthy,1.0,S2,util_cap=0.9,class_size_desc,3,0,0.9,695,,0.9755395683453237,0.9755395683453237,0,0,0.9,0.20722675671967938,0,1.028023598820059,nan,0,0,0.0,57.35588600009578,1.0,1.0,0.9529085872576177,0.0,17.0,0.0,0.0
2800,2800,healthy,1.25,S0,default,class_size_desc,3,0,1.0,898,,0.6414253897550112,0.6414253897550112,29,322,3.2,0.2994556484012896,33,1.0,nan,0,0,0.0,31.174153999927512,0.5837119956193232,0.6507017573513252,0.6431274263431483,0.0,0.0,0.0,322.0
2800,2800,healthy,1.25,S0-QoS,default,class_size_desc,3,0,1.0,898,,0.6414253897550112,0.6414253897550112,29,322,3.2,0.2994556484012896,33,1.0,nan,0,0,0.0,33.093273000076806,1.0,0.8787878787878788,0.39956803455723544,0.0,0.0,0.0,322.0
2800,2800,healthy,1.25,S1,default,class_size_desc,3,0,1.0,898,,0.8997772828507795,0.8997772828507795,0,0,1.0,0.248964741893759,37,1.0408415841584158,nan,0,0,0.0,86.84939799991298,1.0,0.9393939393939394,0.8531317494600432,0.0,27.0,63.0,0.0
2800,2800,healthy,1.25,S2,default,class_size_desc,3,0,1.0,898,,0.965478841870824,0.965478841870824,0,0,1.0,0.26793684040332777,42,1.0526720492118415,nan,0,0,0.0,57.37934000012501,1.0,0.9972451790633609,0.9352051835853131,0.0,31.0,0.0,0.0
2800,2800,healthy,1.5,S0,default,class_size_desc,3,0,1.0,1083,,0.5503231763619575,0.5503231763619575,38,494,3.9,0.3616817534860021,40,1.0,nan,0,0,0.0,30.033795999997892,0.5021646048507618,0.5603978880248955,0.5503269870563523,0.0,0.0,0.0,487.0
2800,2800,healthy,1.5,S0-QoS,default,class_size_desc,3,0,1.0,1083,,0.5503231763619575,0.5503231763619575,38,494,3.9,0.3616817534860021,40,1.0,nan,0,0,0.0,28.24156499991659,1.0,0.813953488372093,0.27708703374777977,0.0,0.0,0.0,487.0
2800,2800,healthy,1.5,S1,default,class_size_desc,3,0,1.0,1083,,0.8374884579870729,0.8374884579870729,0,0,1.0,0.27613147715358005,50,1.0418963616317531,nan,0,0,0.0,84.31725900004494,1.0,0.8906976744186047,0.7708703374777975,0.0,38.0,138.0,0.0
2800,2800,healthy,1.5,S2,default,class_size_desc,3,0,1.0,1083,,0.9538319482917821,0.9538319482917821,0,0,1.0,0.33291257802471313,59,1.122297515327525,nan,0,0,0.0,79.4622440000694,1.0,0.9883720930232558,0.9200710479573713,0.0,50.0,0.0,0.0
2800,2800,healthy,2.0,S0,default,class_size_desc,3,0,1.0,1390,,0.43094119745525894,0.43094119745525894,41,892,5.0,0.46413124320192845,42,1.0,nan,0,0,0.0,29.272587999912503,0.38893828859176255,0.43860431993710974,0.43169322204735483,0.0,0.0,0.0,790.99173553719
2800,2800,healthy,2.0,S0-QoS,default,class_size_desc,3,0,1.0,1390,,0.4300167009249743,0.4300167009249743,41,892,5.0,0.46413124320192845,42,1.0,nan,0,0,0.0,28.18353600014234,0.9649122807017544,0.6931407942238267,0.1436609616145627,0.0,0.0,0.0,792.2767857142857
2800,2800,healthy,2.0,S1,default,class_size_desc,3,0,1.0,1390,,0.8,0.8,0,0,1.0,0.3766524531851721,76,1.1798561151079137,nan,0,0,4.0,106.85399499993764,0.9649122807017544,0.8664259927797834,0.7229916897506925,0.0,104.0,174.0,0.0
2800,2800,healthy,2.0,S2,default,class_size_desc,3,0,1.0,1390,,0.8561151079136691,0.8561151079136691,0,0,1.0,0.4273091885429834,86,1.2448179271708684,nan,0,0,0.0,88.89032499996574,1.0,0.9675090252707581,0.7479224376731302,0.0,198.0,2.0,0.0
2800,2800,uplink,0.5,S0,default,class_size_desc,3,0,1.0,388,L6,0.9561855670103093,0.9561855670103093,7,17,1.4,0.13371134462606718,10,1.036837376460018,1.0,19,41,0.0,29.99361100000897,0.9395604395604396,0.9584326349032232,0.9571995661104572,0.0,0.0,0.0,17.000000000000004
2800,2800,uplink,0.5,S0-QoS,default,class_size_desc,3,0,1.0,388,L6,0.9561855670103093,0.9561855670103093,7,17,1.4,0.13371134462606718,10,1.036837376460018,1.0,19,41,0.0,36.468062000039936,1.0,1.0,0.9158415841584159,0.0,0.0,0.0,17.0
2800,2800,uplink,0.5,S1,default,class_size_desc,3,0,1.0,388,L6,0.9896907216494846,0.9896907216494846,0,0,1.0,0.12972464015221716,10,1.0381944444444444,1.0,20,44,0.0,51.23917400010214,1.0,1.0,0.9801980198019802,0.0,0.0,4.0,0.0
2800,2800,uplink,0.5,S2,default,class_size_desc,3,0,1.0,388,L6,1.0,1.0,0,0,1.0,0.13069913389426344,10,1.0378006872852235,1.0,21,44,0.0,49.12242399996103,1.0,1.0,1.0,0.0,0.0,0.0,0.0
2800,2800,uplink,0.75,S0,default,class_size_desc,3,0,1.0,570,L6,0.8456140350877193,0.8456140350877193,16,88,2.0,0.19605568405055784,21,1.0380359612724759,0.9821428571428571,19,61,0.0,29.933777999985978,0.8023507316270474,0.8484718980717196,0.8504679188514606,0.0,0.0,0.0,88.0
2800,2800,uplink,0.75,S0-QoS,default,class_size_desc,3,0,1.0,570,L6,0.8456140350877193,0.8456140350877193,16,88,2.0,0.19605568405055784,21,1.0380359612724759,0.9821428571428571,19,61,0.0,29.401781000160554,1.0,0.9737991266375546,0.7201365187713311,0.0,0.0,0.0,88.0
2800,2800,uplink,0.75,S1,default,class_size_desc,3,0,1.0,570,L6,0.9526315789473684,0.9526315789473684,0,0,1.0,0.17498926201860707,22,1.0478821362799264,1.0,23,68,0.0,76.61563600004229,1.0,0.982532751091703,0.9215017064846417,0.0,7.0,20.0,0.0
2800,2800,uplink,0.75,S2,default,class_size_desc,3,0,1.0,570,L6,0.987719298245614,0.987719298245614,0,0,1.0,0.1802484982146608,22,1.0485494375370041,1.0,24,71,0.0,54.30063599987989,1.0,1.0,0.9761092150170648,0.0,7.0,0.0,0.0
2800,2800,uplink,1.0,S0,default,class_size_desc,3,0,1.0,695,L6,0.758981011911782,0.758981011911782,25,168,2.5,0.23915604729604506,29,1.0382260620940422,0.9306431273644389,19,75,0.0,31.146443000125146,0.7010546203306085,0.765127843424381,0.7634107404190867,0.0,0.0,0.0,167.50819672131146
2800,2800,uplink,1.0,S0-QoS,default,class_size_desc,3,0,1.0,695,L6,0.7588687670553212,0.7588687670553212,25,168,2.5,0.23915604729604506,29,1.0381824125531218,0.9294429708222812,19,75,0.0,28.78867000003993,1.0,0.9458483754512635,0.5773235266023498,0.0,0.0,0.0,167.58620689655172
2800,2800,uplink,1.0,S1,default,class_size_desc,3,0,1.0,695,L6,0.9381294964028777,0.9381294964028777,0,0,1.0,0.20652921531561585,29,1.0547034764826175,0.9186046511627907,24,79,0.0,67.35187200001747,1.0,0.9747292418772563,0.9002770083102493,0.0,12.0,31.0,0.0
2800,2800,uplink,1.0,S2,default,class_size_desc,3,0,1.0,695,L6,0.9827338129496402,0.9827338129496402,0,0,1.0,0.22009930316171838,30,1.0751586139580283,1.0,27,94,0.0,57.94058300011784,1.0,1.0,0.9667590027700831,0.0,12.0,0.0,0.0
2800,2800,uplink,1.0,S2,lambda=0.5xmean,class_size_desc,3,1,1.0,695,L6,0.9827338129496402,0.9827338129496402,0,0,1.0,0.24449990980639263,13,1.2035139092240117,1.0,52,185,0.0,55.154758000071524,1.0,1.0,0.9667590027700831,0.0,12.0,0.0,0.0
2800,2800,uplink,1.0,S2,lambda=1xmean,class_size_desc,3,2,1.0,695,L6,0.9827338129496402,0.9827338129496402,0,0,1.0,0.2716404252690364,14,1.2947779404587603,1.0,60,205,0.0,58.006806000094,1.0,1.0,0.9667590027700831,0.0,12.0,0.0,0.0
2800,2800,uplink,1.0,S2,lambda=2xmean,class_size_desc,3,4,1.0,695,L6,0.9827338129496402,0.9827338129496402,0,0,1.0,0.31084310018903594,12,1.4202049780380674,1.0,71,255,0.0,57.28691699982846,1.0,1.0,0.9667590027700831,0.0,12.0,0.0,0.0
2800,2800,uplink,1.0,S2,max_paths=1,class_size_desc,1,0,1.0,695,L6,0.9338129496402877,0.9338129496402877,0,0,1.0,0.2072486019990857,29,1.0606060606060606,0.9651162790697675,24,83,0.0,71.86716999990495,1.0,0.9819494584837545,0.8864265927977839,0.0,12.0,34.0,0.0
2800,2800,uplink,1.0,S2,max_paths=2,class_size_desc,2,0,1.0,695,L6,0.981294964028777,0.981294964028777,0,0,1.0,0.21893553504577634,30,1.072336265884653,0.99,26,90,0.0,54.71327000009296,1.0,1.0,0.96398891966759,0.0,12.0,1.0,0.0
2800,2800,uplink,1.0,S2,max_paths=4,class_size_desc,4,0,1.0,695,L6,0.9827338129496402,0.9827338129496402,0,0,1.0,0.22009930316171838,30,1.0751586139580283,1.0,27,94,0.0,55.59423199997582,1.0,1.0,0.9667590027700831,0.0,12.0,0.0,0.0
2800,2800,uplink,1.0,S2,order=arrival,arrival,3,0,1.0,695,L6,0.9827338129496402,0.9827338129496402,0,0,1.0,0.22091530820267616,30,1.077110785749146,1.0,26,91,0.0,53.722440999990795,1.0,1.0,0.9667590027700831,0.0,12.0,0.0,0.0
2800,2800,uplink,1.0,S2,order=class_size_asc,class_size_asc,3,0,1.0,695,L6,0.9827338129496402,0.9827338129496402,0,0,1.0,0.22195889766114385,31,1.0790629575402635,1.0,26,101,0.0,52.43662999987464,1.0,1.0,0.9667590027700831,0.0,12.0,0.0,0.0
2800,2800,uplink,1.0,S2,util_cap=0.9,class_size_desc,3,0,0.9,695,L6,0.9755395683453237,0.9755395683453237,0,0,0.9,0.22141993649381617,0,1.0934119960668633,1.0,28,96,0.0,56.233210000073086,1.0,1.0,0.9529085872576177,0.0,17.0,0.0,0.0
2800,2800,uplink,1.25,S0,default,class_size_desc,3,0,1.0,898,L6,0.6251340427286975,0.6251340427286975,31,351,3.2,0.3086856975178225,35,1.0358470233775374,0.8049382716049382,19,99,0.0,29.719777000082104,0.5651934771008047,0.6340197861238993,0.6274886774430604,0.0,0.0,0.0,336.6296296296296
2800,2800,uplink,1.25,S0-QoS,default,class_size_desc,3,0,1.0,898,L6,0.6231797156073325,0.6231797156073325,31,351,3.2,0.3086856975178225,35,1.034914089347079,0.7815384615384615,19,99,0.0,36.15205000005517,1.0,0.8760330578512396,0.36633992357534473,0.0,0.0,0.0,338.38461538461536
2800,2800,uplink,1.25,S1,default,class_size_desc,3,0,1.0,898,L6,0.8830734966592427,0.8830734966592427,0,0,1.0,0.2572179621186849,39,1.0920554854981084,0.868421052631579,24,99,0.0,77.27789699993082,1.0,0.9366391184573003,0.8228941684665226,0.0,27.0,78.0,0.0
2800,2800,uplink,1.25,S2,default,class_size_desc,3,0,1.0,898,L6,0.9632516703786191,0.9632516703786191,0,0,1.0,0.2951114718855406,46,1.1398843930635838,0.9858156028368794,34,143,0.0,60.348948999944696,1.0,0.9972451790633609,0.9308855291576674,0.0,31.0,2.0,0.0
2800,2800,uplink,1.5,S0,default,class_size_desc,3,0,1.0,1083,L6,0.532749530873023,0.532749530873023,39,537,3.9,0.37286739192211227,40,1.0352230795035222,0.7620967741935484,19,116,0.0,31.975748000149906,0.4876718512275734,0.541951247379227,0.5329276002698663,0.0,0.0,0.0,506.0322580645161
2800,2800,uplink,1.5,S0-QoS,default,class_size_desc,3,0,1.0,1083,L6,0.5304709141274239,0.5304709141274239,39,537,3.9,0.37286739192211227,40,1.0339425587467364,0.73125,19,116,0.0,31.18892199995571,1.0,0.8069767441860465,0.24422735346358793,0.0,0.0,0.0,508.5
2800,2800,uplink,1.5,S1,default,class_size_desc,3,0,1.0,1083,L6,0.8227146814404432,0.8227146814404432,0,0,1.0,0.28810659525309806,53,1.101010101010101,0.9416666666666667,27,118,0.0,109.54503099992507,1.0,0.8837209302325582,0.7477797513321492,0.0,38.0,154.0,0.0
2800,2800,uplink,1.5,S2,default,class_size_desc,3,0,1.0,1083,L6,0.9058171745152355,0.9058171745152355,0,0,1.0,0.38546643438723943,67,1.2782874617737003,0.968944099378882,63,247,0.0,92.51448200006962,1.0,0.9883720930232558,0.827708703374778,0.0,102.0,0.0,0.0
2800,2800,uplink,2.0,S0,default,class_size_desc,3,0,1.0,1390,L6,0.4169065235550348,0.4169065235550348,41,934,5.0,0.4783120945920901,42,1.0347953961503662,0.7561475409836066,19,150,0.0,30.80599300005815,0.37640696027096054,0.42456067418369303,0.4174280620122479,0.0,0.0,0.0,810.4999322585015
2800,2800,uplink,2.0,S0-QoS,default,class_size_desc,3,0,1.0,1390,L6,0.41387313226342004,0.41387313226342004,41,934,5.0,0.4783120945920901,42,1.032358619075874,0.7133632790567097,19,150,0.0,30.851518999952532,0.9649122807017544,0.6784226603721188,0.12387465373961219,0.0,0.0,0.0,814.7163461538462
2800,2800,uplink,2.0,S1,default,class_size_desc,3,0,1.0,1390,L6,0.7323741007194244,0.7323741007194244,0,0,1.0,0.37526432163287493,71,1.235101506221349,0.9166666666666666,50,194,4.0,129.238444000066,0.9649122807017544,0.8628158844765343,0.5955678670360111,0.0,178.0,194.0,0.0
2800,2800,uplink,2.0,S2,default,class_size_desc,3,0,1.0,1390,L6,0.7697841726618705,0.7697841726618705,0,0,1.0,0.41093796409553107,84,1.285981308411215,1.0,46,208,0.0,102.6234599999043,1.0,0.9675090252707581,0.5817174515235457,0.0,320.0,0.0,0.0
2800,2800,multi,0.5,S0,default,class_size_desc,3,0,1.0,388,L3;L4;L8,0.5695876288659794,1.0,0,0,0.9,0.08040902609600978,0,1.0648567119155354,0.21271786947722857,112,43,0.0,25.597825999966517,0.5757575757575758,0.0,1.0,167.0,0.0,0.0,0.0
2800,2800,multi,0.5,S0-QoS,default,class_size_desc,3,0,1.0,388,L3;L4;L8,0.5695876288659794,1.0,0,0,0.9,0.08040902609600978,0,1.0648567119155354,0.20476190476190476,112,43,0.0,25.23347300007117,0.5757575757575758,0.0,1.0,167.0,0.0,0.0,0.0
2800,2800,multi,0.5,S1,default,class_size_desc,3,0,1.0,388,L3;L4;L8,0.5695876288659794,1.0,0,0,0.9,0.08040902609600978,0,1.0648567119155354,0.21962616822429906,121,67,0.0,37.830236999980116,0.5757575757575758,0.0,1.0,167.0,0.0,0.0,0.0
2800,2800,multi,0.5,S2,default,class_size_desc,3,0,1.0,388,L3;L4;L8,0.5695876288659794,1.0,0,0,0.9,0.08040902609600978,0,1.0648567119155354,0.23394495412844038,124,66,0.0,38.41955200005032,0.5757575757575758,0.0,1.0,167.0,0.0,0.0,0.0
2800,2800,multi,0.75,S0,default,class_size_desc,3,0,1.0,570,L3;L4;L8,0.5473684210526316,0.9719626168224299,4,9,1.3,0.11660047479296964,8,1.0587606837606838,0.20488668826184836,112,61,0.0,25.581706000139093,0.5498251748251748,0.0,0.9747726676054321,249.0,0.0,0.0,8.999999999999998
2800,2800,multi,0.75,S0-QoS,default,class_size_desc,3,0,1.0,570,L3;L4;L8,0.5473684210526316,0.9719626168224299,4,9,1.3,0.11660047479296964,8,1.0587606837606838,0.18333333333333332,112,61,0.0,24.913392999906137,0.5833333333333334,0.0,0.9692832764505119,249.0,0.0,0.0,9.0
2800,2800,multi,0.75,S1,default,class_size_desc,3,0,1.0,570,L3;L4;L8,0.5526315789473685,0.9813084112149533,0,0,1.0,0.11335749672448177,8,1.0613756613756613,0.22327044025157233,139,147,0.0,49.93263400001524,0.5833333333333334,0.0,0.9795221843003413,249.0,0.0,6.0,0.0
2800,2800,multi,0.75,S2,default,class_size_desc,3,0,1.0,570,L3;L4;L8,0.5631578947368421,1.0,0,0,1.0,0.11493513970934019,8,1.0643821391484942,0.24620060790273557,144,156,0.0,38.21209399984582,0.5833333333333334,0.0,1.0,249.0,0.0,0.0,0.0
2800,2800,multi,1.0,S0,default,class_size_desc,3,0,1.0,695,L3;L4;L8,0.5194244604316547,0.9139240506329114,11,34,1.6,0.14381186957276176,13,1.0563250230840258,0.20768660384773985,112,73,0.0,25.30462599997918,0.516531713900135,0.0,0.9184423609631366,300.0,0.0,0.0,34.0
2800,2800,multi,1.0,S0-QoS,default,class_size_desc,3,0,1.0,695,L3;L4;L8,0.5194244604316547,0.9139240506329114,11,34,1.6,0.14381186957276176,13,1.0563250230840258,0.17681159420289855,112,73,0.0,26.960592000023098,0.5964912280701754,0.0,0.9058171745152355,300.0,0.0,0.0,34.0
2800,2800,multi,1.0,S1,default,class_size_desc,3,0,1.0,695,L3;L4;L8,0.5482014388489208,0.9645569620253165,0,0,1.0,0.13383292970901328,13,1.063867016622922,0.23746701846965698,148,206,0.0,47.55306099991685,0.5964912280701754,0.0,0.961218836565097,300.0,0.0,14.0,0.0
2800,2800,multi,1.0,S2,default,class_size_desc,3,0,1.0,695,L3;L4;L8,0.5683453237410072,1.0,0,0,1.0,0.1375754588869022,13,1.0658227848101265,0.2423469387755102,151,225,0.0,40.213566999909744,0.5964912280701754,0.0,1.0,300.0,0.0,0.0,0.0
2800,2800,multi,1.0,S2,lambda=0.5xmean,class_size_desc,3,1,1.0,695,L3;L4;L8,0.5683453237410072,1.0,0,0,1.0,0.13761156754608989,1,1.1358649789029536,0.07120743034055728,171,286,0.0,60.61556899999232,0.5964912280701754,0.0,1.0,300.0,0.0,0.0,0.0
2800,2800,multi,1.0,S2,lambda=1xmean,class_size_desc,3,2,1.0,695,L3;L4;L8,0.5683453237410072,1.0,0,0,1.0,0.14543370250498558,1,1.2109704641350212,0.08895705521472393,181,309,0.0,41.619263000029605,0.5964912280701754,0.0,1.0,300.0,0.0,0.0,0.0
2800,2800,multi,1.0,S2,lambda=2xmean,class_size_desc,3,4,1.0,695,L3;L4;L8,0.5683453237410072,1.0,0,0,1.0,0.1553566215764233,1,1.2649789029535865,0.1027190332326284,181,319,0.0,43.926660999886735,0.5964912280701754,0.0,1.0,300.0,0.0,0.0,0.0
2800,2800,multi,1.0,S2,max_paths=1,class_size_desc,1,0,1.0,695,L3;L4;L8,0.5467625899280576,0.9620253164556962,0,0,1.0,0.13354459985866862,13,1.062280701754386,0.21164021164021163,151,210,0.0,46.353901999964364,0.5964912280701754,0.0,0.9584487534626038,300.0,0.0,15.0,0.0
2800,2800,multi,1.0,S2,max_paths=2,class_size_desc,2,0,1.0,695,L3;L4;L8,0.5683453237410072,1.0,0,0,1.0,0.1375754588869022,13,1.0658227848101265,0.2423469387755102,151,225,0.0,38.994771000034234,0.5964912280701754,0.0,1.0,300.0,0.0,0.0,0.0
2800,2800,multi,1.0,S2,max_paths=4,class_size_desc,4,0,1.0,695,L3;L4;L8,0.5683453237410072,1.0,0,0,1.0,0.1375754588869022,13,1.0658227848101265,0.2423469387755102,151,225,0.0,39.190208000036364,0.5964912280701754,0.0,1.0,300.0,0.0,0.0,0.0
2800,2800,multi,1.0,S2,order=arrival,arrival,3,0,1.0,695,L3;L4;L8,0.5683453237410072,1.0,0,0,1.0,0.1375754588869022,13,1.0658227848101265,0.24681933842239187,148,220,0.0,40.68169499987562,0.5964912280701754,0.0,1.0,300.0,0.0,0.0,0.0
2800,2800,multi,1.0,S2,order=class_size_asc,class_size_asc,3,0,1.0,695,L3;L4;L8,0.5683453237410072,1.0,0,0,1.0,0.1375754588869022,13,1.0658227848101265,0.24242424242424243,149,233,0.0,39.15305700002136,0.5964912280701754,0.0,1.0,300.0,0.0,0.0,0.0
2800,2800,multi,1.0,S2,util_cap=0.9,class_size_desc,3,0,0.9,695,L3;L4;L8,0.5669064748201439,0.9974683544303797,0,0,0.9,0.13488371092954304,0,1.0676818950930627,0.25063291139240507,156,243,0.0,124.21281899992209,0.5964912280701754,0.0,0.997229916897507,300.0,1.0,0.0,0.0
2800,2800,multi,1.25,S0,default,class_size_desc,3,0,1.0,898,L3;L4;L8,0.4621380846325167,0.8201581027667985,19,91,2.1,0.18434599280266165,20,1.0538152610441767,0.2079749201161131,112,92,0.0,69.3283389998669,0.4353753544930016,0.0,0.8286241349384533,392.0,0.0,0.0,91.0
2800,2800,multi,1.25,S0-QoS,default,class_size_desc,3,0,1.0,898,L3;L4;L8,0.4621380846325167,0.8201581027667985,19,91,2.1,0.18434599280266165,20,1.0538152610441767,0.1654320987654321,112,92,0.0,45.27682200000527,0.5972222222222222,0.0,0.8034557235421166,392.0,0.0,0.0,91.0
2800,2800,multi,1.25,S1,default,class_size_desc,3,0,1.0,898,L3;L4;L8,0.5077951002227171,0.9011857707509882,0,0,1.0,0.15568814551599786,20,1.0628654970760234,0.1858974358974359,164,301,0.0,144.9628540001413,0.5972222222222222,0.0,0.8920086393088553,392.0,3.0,47.0,0.0
2800,2800,multi,1.25,S2,default,class_size_desc,3,0,1.0,898,L3;L4;L8,0.5601336302895323,0.9940711462450593,0,0,1.0,0.16945015302517055,20,1.0788601722995361,0.2455795677799607,164,345,0.0,80.2542699998412,0.5972222222222222,0.0,0.9935205183585313,392.0,3.0,0.0,0.0
2800,2800,multi,1.5,S0,default,class_size_desc,3,0,1.0,1083,L3;L4;L8,0.4247460757156048,0.7467532467532467,21,156,2.5,0.22422089566877154,22,1.058695652173913,0.24277319999537275,112,116,0.0,33.69062299998404,0.3950569800569801,0.0,0.753898528942934,467.0,0.0,0.0,156.0
2800,2800,multi,1.5,S0-QoS,default,class_size_desc,3,0,1.0,1083,L3;L4;L8,0.4247460757156048,0.7467532467532467,21,156,2.5,0.22422089566877154,22,1.058695652173913,0.18409090909090908,112,116,0.0,49.15907300005529,0.5888888888888889,0.0,0.7229129662522202,467.0,0.0,0.0,156.0
2800,2800,multi,1.5,S1,default,class_size_desc,3,0,1.0,1083,L3;L4;L8,0.492151431209603,0.8652597402597403,0,0,1.0,0.17642797632070656,22,1.0694183864915572,0.23018867924528302,173,385,0.0,82.69077799991464,0.5888888888888889,0.0,0.8525754884547069,467.0,7.0,76.0,0.0
2800,2800,multi,1.5,S2,default,class_size_desc,3,0,1.0,1083,L3;L4;L8,0.5623268698060941,0.9886363636363636,0,0,1.0,0.2003381919139337,23,1.0925013683634373,0.247557003257329,182,510,0.0,48.48983900001258,0.5888888888888889,0.0,0.9875666074600356,467.0,7.0,0.0,0.0
2800,2800,multi,2.0,S0,default,class_size_desc,3,0,1.0,1390,L3;L4;L8,0.36546762589928056,0.6430379746835443,24,282,3.2,0.2876237391455235,26,1.0590551181102361,0.26880953421427867,112,146,0.0,34.12343499985582,0.3254704102227322,0.0,0.6522110432612307,600.0,0.0,0.0,282.0
2800,2800,multi,2.0,S0-QoS,default,class_size_desc,3,0,1.0,1390,L3;L4;L8,0.36546762589928056,0.6430379746835443,24,282,3.2,0.2876237391455235,26,1.0590551181102361,0.19171881240846758,112,146,0.0,30.70128800004568,0.5614035087719298,0.0,0.6149584487534626,600.0,0.0,0.0,282.0
2800,2800,multi,2.0,S1,default,class_size_desc,3,0,1.0,1390,L3;L4;L8,0.48848920863309353,0.859493670886076,0,0,1.0,0.22577841402047544,31,1.1134020618556701,0.17197452229299362,186,581,4.0,79.09118800012038,0.5614035087719298,0.0,0.8518005540166205,600.0,18.0,93.0,0.0
2800,2800,multi,2.0,S2,default,class_size_desc,3,0,1.0,1390,L3;L4;L8,0.5510791366906475,0.9696202531645569,0,0,1.0,0.25633353577419166,35,1.1275021758050479,0.20604395604395603,186,658,0.0,49.76095200004238,0.5964912280701754,0.0,0.9667590027700831,600.0,24.0,0.0,0.0
2800,2800,recovered,0.5,S0,default,class_size_desc,3,0,1.0,388,,0.9561855670103093,0.9561855670103093,7,17,1.4,0.12961613188503787,10,1.0,nan,10,16,0.0,30.018776999895636,0.9395604395604396,0.9584326349032232,0.9571995661104572,0.0,0.0,0.0,17.000000000000004
2800,2800,recovered,0.5,S0-QoS,default,class_size_desc,3,0,1.0,388,,0.9561855670103093,0.9561855670103093,7,17,1.4,0.12961613188503787,10,1.0,nan,10,16,0.0,46.94899900005112,1.0,1.0,0.9158415841584159,0.0,0.0,0.0,17.0
2800,2800,recovered,0.5,S1,default,class_size_desc,3,0,1.0,388,,0.9896907216494846,0.9896907216494846,0,0,1.0,0.1255431058980314,10,1.0,nan,10,16,0.0,58.291059000112,1.0,1.0,0.9801980198019802,0.0,0.0,4.0,0.0
2800,2800,recovered,0.5,S2,default,class_size_desc,3,0,1.0,388,,1.0,1.0,0,0,1.0,0.12650919883195658,10,1.0,nan,10,16,0.0,63.64242499989814,1.0,1.0,1.0,0.0,0.0,0.0,0.0
2800,2800,recovered,0.75,S0,default,class_size_desc,3,0,1.0,570,,0.8473684210526315,0.8473684210526315,15,87,2.0,0.19033106608460476,20,1.0,nan,10,23,0.0,56.321114999946076,0.8061386104149262,0.8500598297906558,0.8520192685256771,0.0,0.0,0.0,87.0
2800,2800,recovered,0.75,S0-QoS,default,class_size_desc,3,0,1.0,570,,0.8473684210526315,0.8473684210526315,15,87,2.0,0.19033106608460476,20,1.0,nan,10,23,0.0,41.73404799985292,1.0,0.9737991266375546,0.7235494880546075,0.0,0.0,0.0,87.0
2800,2800,recovered,0.75,S1,default,class_size_desc,3,0,1.0,570,,0.9526315789473684,0.9526315789473684,0,0,1.0,0.16930832010465355,20,1.0061387354205034,nan,9,19,0.0,81.79863600003046,1.0,0.982532751091703,0.9215017064846417,0.0,7.0,20.0,0.0
2800,2800,recovered,0.75,S2,default,class_size_desc,3,0,1.0,570,,0.987719298245614,0.987719298245614,0,0,1.0,0.17423680561679944,20,1.0059206631142688,nan,8,19,0.0,61.50553799989211,1.0,1.0,0.9761092150170648,0.0,7.0,0.0,0.0
2800,2800,recovered,1.0,S0,default,class_size_desc,3,0,1.0,695,,0.7654676258992805,0.7654676258992805,23,163,2.5,0.23206562160096422,27,1.0,nan,10,27,0.0,31.84821800005011,0.7110796829872501,0.7721451499623124,0.7689314446819008,0.0,0.0,0.0,163.0
2800,2800,recovered,1.0,S0-QoS,default,class_size_desc,3,0,1.0,695,,0.7654676258992805,0.7654676258992805,23,163,2.5,0.23206562160096422,27,1.0,nan,10,27,0.0,30.20420500001819,1.0,0.9458483754512635,0.590027700831025,0.0,0.0,0.0,163.0
2800,2800,recovered,1.0,S1,default,class_size_desc,3,0,1.0,695,,0.9482014388489208,0.9482014388489208,0,0,1.0,0.20032196401799102,27,1.009610520991401,nan,8,20,0.0,72.76501400019697,1.0,0.9747292418772563,0.9196675900277008,0.0,12.0,24.0,0.0
2800,2800,recovered,1.0,S2,default,class_size_desc,3,0,1.0,695,,0.9827338129496402,0.9827338129496402,0,0,1.0,0.20908757386012877,28,1.0195217179111762,nan,7,20,0.0,57.337421000056565,1.0,1.0,0.9667590027700831,0.0,12.0,0.0,0.0
2800,2800,recovered,1.0,S2,lambda=0.5xmean,class_size_desc,3,1,1.0,695,,0.9827338129496402,0.9827338129496402,0,0,1.0,0.22987035648842247,13,1.15568570034163,nan,20,61,0.0,59.270255999990695,1.0,1.0,0.9667590027700831,0.0,12.0,0.0,0.0
2800,2800,recovered,1.0,S2,lambda=1xmean,class_size_desc,3,2,1.0,695,,0.9827338129496402,0.9827338129496402,0,0,1.0,0.2463270521601944,13,1.2210834553440704,nan,20,70,0.0,69.67528900008801,1.0,1.0,0.9667590027700831,0.0,12.0,0.0,0.0
2800,2800,recovered,1.0,S2,lambda=2xmean,class_size_desc,3,4,1.0,695,,0.9827338129496402,0.9827338129496402,0,0,1.0,0.29140856042566954,8,1.3640800390434358,nan,28,104,0.0,66.30397599997195,1.0,1.0,0.9667590027700831,0.0,12.0,0.0,0.0
2800,2800,recovered,1.0,S2,max_paths=1,class_size_desc,1,0,1.0,695,,0.9381294964028777,0.9381294964028777,0,0,1.0,0.19920557858325738,27,1.0112474437627812,nan,7,20,0.0,67.45094799998697,1.0,0.9819494584837545,0.8947368421052632,0.0,12.0,31.0,0.0
2800,2800,recovered,1.0,S2,max_paths=2,class_size_desc,2,0,1.0,695,,0.9827338129496402,0.9827338129496402,0,0,1.0,0.20908757386012877,28,1.0195217179111762,nan,7,20,0.0,58.82356799997979,1.0,1.0,0.9667590027700831,0.0,12.0,0.0,0.0
2800,2800,recovered,1.0,S2,max_paths=4,class_size_desc,4,0,1.0,695,,0.9827338129496402,0.9827338129496402,0,0,1.0,0.20908757386012877,28,1.0195217179111762,nan,7,20,0.0,58.8430640000297,1.0,1.0,0.9667590027700831,0.0,12.0,0.0,0.0
2800,2800,recovered,1.0,S2,order=arrival,arrival,3,0,1.0,695,,0.9827338129496402,0.9827338129496402,0,0,1.0,0.20908757386012877,28,1.0195217179111762,nan,8,20,0.0,58.917052999959196,1.0,1.0,0.9667590027700831,0.0,12.0,0.0,0.0
2800,2800,recovered,1.0,S2,order=class_size_asc,class_size_asc,3,0,1.0,695,,0.9827338129496402,0.9827338129496402,0,0,1.0,0.20908757386012877,28,1.0195217179111762,nan,9,21,0.0,58.19545000008475,1.0,1.0,0.9667590027700831,0.0,12.0,0.0,0.0
2800,2800,recovered,1.0,S2,util_cap=0.9,class_size_desc,3,0,0.9,695,,0.9755395683453237,0.9755395683453237,0,0,0.9,0.20722675671967938,0,1.028023598820059,nan,7,19,0.0,58.289115999969,1.0,1.0,0.9529085872576177,0.0,17.0,0.0,0.0
2800,2800,recovered,1.25,S0,default,class_size_desc,3,0,1.0,898,,0.6414253897550112,0.6414253897550112,29,322,3.2,0.2994556484012896,33,1.0,nan,10,35,0.0,32.69347299988112,0.5837119956193232,0.6507017573513252,0.6431274263431483,0.0,0.0,0.0,322.0
2800,2800,recovered,1.25,S0-QoS,default,class_size_desc,3,0,1.0,898,,0.6414253897550112,0.6414253897550112,29,322,3.2,0.2994556484012896,33,1.0,nan,10,35,0.0,31.623016000139614,1.0,0.8787878787878788,0.39956803455723544,0.0,0.0,0.0,322.0
2800,2800,recovered,1.25,S1,default,class_size_desc,3,0,1.0,898,,0.8997772828507795,0.8997772828507795,0,0,1.0,0.248964741893759,37,1.0408415841584158,nan,7,20,0.0,75.46446700007436,1.0,0.9393939393939394,0.8531317494600432,0.0,27.0,63.0,0.0
2800,2800,recovered,1.25,S2,default,class_size_desc,3,0,1.0,898,,0.965478841870824,0.965478841870824,0,0,1.0,0.26793684040332777,42,1.0526720492118415,nan,7,23,0.0,59.11943299997802,1.0,0.9972451790633609,0.9352051835853131,0.0,31.0,0.0,0.0
2800,2800,recovered,1.5,S0,default,class_size_desc,3,0,1.0,1083,,0.5503231763619575,0.5503231763619575,38,494,3.9,0.3616817534860021,40,1.0,nan,10,43,0.0,30.97335799998291,0.5021646048507618,0.5603978880248955,0.5503269870563523,0.0,0.0,0.0,487.0
2800,2800,recovered,1.5,S0-QoS,default,class_size_desc,3,0,1.0,1083,,0.5503231763619575,0.5503231763619575,38,494,3.9,0.3616817534860021,40,1.0,nan,10,43,0.0,29.487741999901118,1.0,0.813953488372093,0.27708703374777977,0.0,0.0,0.0,487.0
2800,2800,recovered,1.5,S1,default,class_size_desc,3,0,1.0,1083,,0.8374884579870729,0.8374884579870729,0,0,1.0,0.27613147715358005,50,1.0418963616317531,nan,5,20,0.0,82.4947210001028,1.0,0.8906976744186047,0.7708703374777975,0.0,38.0,138.0,0.0
2800,2800,recovered,1.5,S2,default,class_size_desc,3,0,1.0,1083,,0.9538319482917821,0.9538319482917821,0,0,1.0,0.33291257802471313,59,1.122297515327525,nan,7,28,0.0,100.54766799999015,1.0,0.9883720930232558,0.9200710479573713,0.0,50.0,0.0,0.0
2800,2800,recovered,2.0,S0,default,class_size_desc,3,0,1.0,1390,,0.43094119745525894,0.43094119745525894,41,892,5.0,0.46413124320192845,42,1.0,nan,10,54,0.0,32.687441999996736,0.38893828859176255,0.43860431993710974,0.43169322204735483,0.0,0.0,0.0,790.99173553719
2800,2800,recovered,2.0,S0-QoS,default,class_size_desc,3,0,1.0,1390,,0.4300167009249743,0.4300167009249743,41,892,5.0,0.46413124320192845,42,1.0,nan,10,54,0.0,29.513479000115694,0.9649122807017544,0.6931407942238267,0.1436609616145627,0.0,0.0,0.0,792.2767857142857
2800,2800,recovered,2.0,S1,default,class_size_desc,3,0,1.0,1390,,0.8,0.8,0,0,1.0,0.3766524531851721,76,1.1798561151079137,nan,11,54,4.0,106.92332500002522,0.9649122807017544,0.8664259927797834,0.7229916897506925,0.0,104.0,174.0,0.0
2800,2800,recovered,2.0,S2,default,class_size_desc,3,0,1.0,1390,,0.8561151079136691,0.8561151079136691,0,0,1.0,0.4273091885429834,86,1.2448179271708684,nan,12,64,0.0,130.60520700014422,1.0,0.9675090252707581,0.7479224376731302,0.0,198.0,2.0,0.0
2900,2900,healthy,0.5,S0,default,class_size_desc,3,0,1.0,392,,0.9719387755102041,0.9719387755102041,5,11,1.4,0.12420234217654004,5,1.0,nan,0,0,0.0,50.22906899989721,0.9615256538333461,0.9743229169980763,0.9721010282234772,0.0,0.0,0.0,11.0
2900,2900,healthy,0.5,S0-QoS,default,class_size_desc,3,0,1.0,392,,0.9719387755102041,0.9719387755102041,5,11,1.4,0.12420234217654004,5,1.0,nan,0,0,0.0,29.553634999956557,1.0,1.0,0.9438775510204082,0.0,0.0,0.0,11.0
2900,2900,healthy,0.5,S1,default,class_size_desc,3,0,1.0,392,,0.9897959183673469,0.9897959183673469,0,0,1.0,0.12096397145635114,5,1.0,nan,0,0,0.0,51.43228699989777,1.0,1.0,0.9795918367346939,0.0,2.0,2.0,0.0
2900,2900,healthy,0.5,S2,default,class_size_desc,3,0,1.0,392,,0.9948979591836735,0.9948979591836735,0,0,1.0,0.12149254288492256,5,1.0,nan,0,0,0.0,51.382292999960555,1.0,1.0,0.9897959183673469,0.0,2.0,0.0,0.0
2900,2900,healthy,0.75,S0,default,class_size_desc,3,0,1.0,533,,0.9324577861163227,0.9324577861163227,11,36,2.0,0.16764709515083848,12,1.0,nan,0,0,0.0,42.351517000042804,0.9210593328240387,0.9402992840492841,0.9286267260719816,0.0,0.0,0.0,36.0
2900,2900,healthy,0.75,S0-QoS,default,class_size_desc,3,0,1.0,533,,0.9324577861163227,0.9324577861163227,11,36,2.0,0.16764709515083848,12,1.0,nan,0,0,0.0,29.237672999897768,1.0,0.9903846153846154,0.8759124087591241,0.0,0.0,0.0,36.0
2900,2900,healthy,0.75,S1,default,class_size_desc,3,0,1.0,533,,0.9662288930581614,0.9662288930581614,0,0,1.0,0.15610207773509913,12,1.0,nan,0,0,0.0,56.81150400005208,1.0,0.9903846153846154,0.9416058394160584,0.0,7.0,11.0,0.0
2900,2900,healthy,0.75,S2,default,class_size_desc,3,0,1.0,533,,0.9868667917448405,0.9868667917448405,0,0,1.0,0.15952677122342898,12,1.002534854245881,nan,0,0,0.0,64.04930899998362,1.0,1.0,0.9744525547445255,0.0,7.0,0.0,0.0
2900,2900,healthy,1.0,S0,default,class_size_desc,3,0,1.0,668,,0.875748502994012,0.875748502994012,15,83,2.5,0.21061616351562876,24,1.0,nan,0,0,0.0,37.11930399981611,0.8760961260961261,0.8884055759055759,0.8657946261496557,0.0,0.0,0.0,83.0
2900,2900,healthy,1.0,S0-QoS,default,class_size_desc,3,0,1.0,668,,0.875748502994012,0.875748502994012,15,83,2.5,0.21061616351562876,24,1.0,nan,0,0,0.0,42.41244100012409,1.0,0.9810606060606061,0.7692307692307693,0.0,0.0,0.0,83.0
2900,2900,healthy,1.0,S1,default,class_size_desc,3,0,1.0,668,,0.9476047904191617,0.9476047904191617,0,0,1.0,0.18897421722662364,24,1.0063191153238547,nan,0,0,0.0,69.29093899998406,1.0,1.0,0.8964497041420119,0.0,15.0,20.0,0.0
2900,2900,healthy,1.0,S2,default,class_size_desc,3,0,1.0,668,,0.9775449101796407,0.9775449101796407,0,0,1.0,0.19581849567544754,24,1.0122511485451762,nan,0,0,0.0,77.31894400012607,1.0,1.0,0.9556213017751479,0.0,15.0,0.0,0.0
2900,2900,healthy,1.0,S2,lambda=0.5xmean,class_size_desc,3,1,1.0,668,,0.9775449101796407,0.9775449101796407,0,0,1.0,0.22948175460902734,4,1.1975497702909648,nan,0,0,0.0,54.18068099993434,1.0,1.0,0.9556213017751479,0.0,15.0,0.0,0.0
2900,2900,healthy,1.0,S2,lambda=1xmean,class_size_desc,3,2,1.0,668,,0.9775449101796407,0.9775449101796407,0,0,1.0,0.23984148178025183,4,1.2506380806533945,nan,0,0,0.0,54.08061299999645,1.0,1.0,0.9556213017751479,0.0,15.0,0.0,0.0
2900,2900,healthy,1.0,S2,lambda=2xmean,class_size_desc,3,4,1.0,668,,0.9775449101796407,0.9775449101796407,0,0,1.0,0.26855545951374826,4,1.3389484430832057,nan,0,0,0.0,53.81974400006584,1.0,1.0,0.9556213017751479,0.0,15.0,0.0,0.0
2900,2900,healthy,1.0,S2,max_paths=1,class_size_desc,1,0,1.0,668,,0.9446107784431138,0.9446107784431138,0,0,1.0,0.18772699853622313,24,1.0031695721077654,nan,0,0,0.0,60.25590499984901,1.0,1.0,0.8905325443786982,0.0,15.0,22.0,0.0
2900,2900,healthy,1.0,S2,max_paths=2,class_size_desc,2,0,1.0,668,,0.9775449101796407,0.9775449101796407,0,0,1.0,0.19581849567544754,24,1.0122511485451762,nan,0,0,0.0,80.96656499992605,1.0,1.0,0.9556213017751479,0.0,15.0,0.0,0.0
2900,2900,healthy,1.0,S2,max_paths=4,class_size_desc,4,0,1.0,668,,0.9775449101796407,0.9775449101796407,0,0,1.0,0.19581849567544754,24,1.0122511485451762,nan,0,0,0.0,63.210264999952415,1.0,1.0,0.9556213017751479,0.0,15.0,0.0,0.0
2900,2900,healthy,1.0,S2,order=arrival,arrival,3,0,1.0,668,,0.9775449101796407,0.9775449101796407,0,0,1.0,0.19581849567544754,24,1.0122511485451762,nan,0,0,0.0,66.8459129999519,1.0,1.0,0.9556213017751479,0.0,15.0,0.0,0.0
2900,2900,healthy,1.0,S2,order=class_size_asc,class_size_asc,3,0,1.0,668,,0.9775449101796407,0.9775449101796407,0,0,1.0,0.19581849567544754,24,1.0122511485451762,nan,0,0,0.0,54.17456999998649,1.0,1.0,0.9556213017751479,0.0,15.0,0.0,0.0
2900,2900,healthy,1.0,S2,util_cap=0.9,class_size_desc,3,0,0.9,668,,0.9745508982035929,0.9745508982035929,0,0,0.9,0.19812828535101262,0,1.0307219662058371,nan,0,0,0.0,53.76110400015932,1.0,1.0,0.9497041420118343,0.0,17.0,0.0,0.0
2900,2900,healthy,1.25,S0,default,class_size_desc,3,0,1.0,853,,0.7345816305288646,0.7345816305288646,32,264,3.1,0.2690501446414548,34,1.0,nan,0,0,0.0,29.248562000020684,0.7268473917617686,0.7437765588369569,0.7289469426418369,0.0,0.0,0.0,226.4018691588785
2900,2900,healthy,1.25,S0-QoS,default,class_size_desc,3,0,1.0,853,,0.734054100994312,0.734054100994312,32,264,3.1,0.2690501446414548,34,1.0,nan,0,0,0.0,28.67479699989417,1.0,0.9613095238095238,0.5061158155846377,0.0,0.0,0.0,226.85185185185185
2900,2900,healthy,1.25,S1,default,class_size_desc,3,0,1.0,853,,0.8851113716295428,0.8851113716295428,0,0,1.0,0.2300927254563618,35,1.034878587196468,nan,0,0,0.0,82.45706000002428,1.0,0.9791666666666666,0.789838337182448,0.0,26.0,72.0,0.0
2900,2900,healthy,1.25,S2,default,class_size_desc,3,0,1.0,853,,0.9636576787807737,0.9636576787807737,0,0,1.0,0.258926216831297,39,1.0660989456609895,nan,0,0,0.0,61.48165300010078,1.0,1.0,0.9284064665127021,0.0,31.0,0.0,0.0
2900,2900,healthy,1.5,S0,default,class_size_desc,3,0,1.0,1060,,0.6078721854126667,0.6078721854126667,38,537,3.9,0.3348185056921688,39,1.0,nan,0,0,0.0,28.37065599987909,0.585922546123934,0.6145279186142814,0.6069408154640473,0.0,0.0,0.0,415.6554834625732
2900,2900,healthy,1.5,S0-QoS,default,class_size_desc,3,0,1.0,1060,,0.6040106864337251,0.6040106864337251,38,537,3.9,0.3348185056921688,39,1.0,nan,0,0,0.0,29.054959999939456,1.0,0.9097387173396675,0.28511484572986645,0.0,0.0,0.0,419.7486723802513
2900,2900,healthy,1.5,S1,default,class_size_desc,3,0,1.0,1060,,0.8367924528301887,0.8367924528301887,0,0,1.0,0.2842951048951049,46,1.0901916572717023,nan,0,0,0.0,86.10089400008292,1.0,0.9453681710213777,0.7191011235955056,0.0,49.0,124.0,0.0
2900,2900,healthy,1.5,S2,default,class_size_desc,3,0,1.0,1060,,0.9452830188679245,0.9452830188679245,0,0,1.0,0.338082764294529,58,1.1477045908183632,nan,0,0,0.0,60.92934699995567,1.0,1.0,0.8913857677902621,0.0,58.0,0.0,0.0
2900,2900,healthy,2.0,S0,default,class_size_desc,3,0,1.0,1336,,0.4844011494792212,0.4844011494792212,40,988,5.0,0.4212323270312575,42,1.0,nan,0,0,0.0,29.810515999997733,0.4637733983709216,0.4893732712447932,0.4845455028136495,0.0,0.0,0.0,688.8400642957605
2900,2900,healthy,2.0,S0-QoS,default,class_size_desc,3,0,1.0,1336,,0.47372987541400713,0.47372987541400713,40,988,5.0,0.4212323270312575,42,1.0,nan,0,0,0.0,33.1611009999051,1.0,0.7992424242424242,0.11672058217916206,0.0,0.0,0.0,703.0968864468864
2900,2900,healthy,2.0,S1,default,class_size_desc,3,0,1.0,1336,,0.8008982035928144,0.8008982035928144,0,0,1.0,0.36879208492042714,70,1.181931464174455,nan,0,0,0.0,85.9381590000794,1.0,0.8863636363636364,0.6952662721893491,0.0,114.0,152.0,0.0
2900,2900,healthy,2.0,S2,default,class_size_desc,3,0,1.0,1336,,0.8525449101796407,0.8525449101796407,0,0,1.0,0.42110144561321033,80,1.2549019607843137,nan,0,0,0.0,101.33972300013738,1.0,0.9962121212121212,0.7115384615384616,0.0,197.0,0.0,0.0
2900,2900,uplink,0.5,S0,default,class_size_desc,3,0,1.0,392,L6,0.9668367346938775,0.9668367346938775,6,13,1.4,0.1299083269671505,7,1.02726473175022,0.9393939393939394,16,33,0.0,28.300685000203885,0.9572521495598418,0.9690150613717493,0.9669989874071506,0.0,0.0,0.0,13.0
2900,2900,uplink,0.5,S0-QoS,default,class_size_desc,3,0,1.0,392,L6,0.9668367346938775,0.9668367346938775,6,13,1.4,0.1299083269671505,7,1.02726473175022,0.9393939393939393,16,33,0.0,28.119154000023627,1.0,1.0,0.9336734693877551,0.0,0.0,0.0,13.0
2900,2900,uplink,0.5,S1,default,class_size_desc,3,0,1.0,392,L6,0.9846938775510204,0.9846938775510204,0,0,1.0,0.12570446660732684,7,1.0267702936096719,0.9393939393939394,16,31,0.0,48.189834999902814,1.0,1.0,0.9693877551020408,0.0,2.0,4.0,0.0
2900,2900,uplink,0.5,S2,default,class_size_desc,3,0,1.0,392,L6,0.9948979591836735,0.9948979591836735,0,0,1.0,0.12694430933340808,7,1.028205128205128,1.0,16,33,0.0,50.21343099997466,1.0,1.0,0.9897959183673469,0.0,2.0,0.0,0.0
2900,2900,uplink,0.75,S0,default,class_size_desc,3,0,1.0,533,L6,0.9155722326454033,0.9155722326454033,13,45,2.0,0.17535945382194706,14,1.025273224043716,0.8043478260869565,16,46,0.0,28.761579000047277,0.9049116972992406,0.9268188918924213,0.9090188829347267,0.0,0.0,0.0,45.0
2900,2900,uplink,0.75,S0-QoS,default,class_size_desc,3,0,1.0,533,L6,0.9155722326454033,0.9155722326454033,13,45,2.0,0.17535945382194706,14,1.025273224043716,0.8043478260869565,16,46,0.0,28.33967800006576,1.0,0.9903846153846154,0.843065693430657,0.0,0.0,0.0,45.0
2900,2900,uplink,0.75,S1,default,class_size_desc,3,0,1.0,533,L6,0.9606003752345216,0.9606003752345216,0,0,1.0,0.16167870230147618,14,1.0286458333333333,0.9361702127659575,17,44,0.0,59.70345800005816,1.0,0.9903846153846154,0.9306569343065694,0.0,7.0,14.0,0.0
2900,2900,uplink,0.75,S2,default,class_size_desc,3,0,1.0,533,L6,0.9868667917448405,0.9868667917448405,0,0,1.0,0.1663183012346531,14,1.0335868187579214,1.0,19,49,0.0,52.23894899995685,1.0,1.0,0.9744525547445255,0.0,7.0,0.0,0.0
2900,2900,uplink,1.0,S0,default,class_size_desc,3,0,1.0,668,L6,0.8532934131736527,0.8532934131736527,16,98,2.5,0.22014475217173543,25,1.023391812865497,0.7272727272727273,16,56,0.0,30.543560999831243,0.8616661116661116,0.871450308950309,0.837476790139512,0.0,0.0,0.0,98.0
2900,2900,uplink,1.0,S0-QoS,default,class_size_desc,3,0,1.0,668,L6,0.8532934131736527,0.8532934131736527,16,98,2.5,0.22014475217173543,25,1.023391812865497,0.7272727272727273,16,56,0.0,28.025087999822063,1.0,0.9810606060606061,0.7248520710059172,0.0,0.0,0.0,98.0
2900,2900,uplink,1.0,S1,default,class_size_desc,3,0,1.0,668,L6,0.9476047904191617,0.9476047904191617,0,0,1.0,0.19712048097612048,26,1.0400210637177463,1.0,18,62,0.0,57.502551000197855,1.0,1.0,0.8964497041420119,0.0,15.0,20.0,0.0
2900,2900,uplink,1.0,S2,default,class_size_desc,3,0,1.0,668,L6,0.9775449101796407,0.9775449101796407,0,0,1.0,0.20495082036150575,25,1.0484941296579888,1.0,20,65,0.0,50.9518249998564,1.0,1.0,0.9556213017751479,0.0,15.0,0.0,0.0
2900,2900,uplink,1.0,S2,lambda=0.5xmean,class_size_desc,3,1,1.0,668,L6,0.9775449101796407,0.9775449101796407,0,0,1.0,0.2381739598771439,6,1.2256253190403268,1.0,42,126,0.0,55.13483000004271,1.0,1.0,0.9556213017751479,0.0,15.0,0.0,0.0
2900,2900,uplink,1.0,S2,lambda=1xmean,class_size_desc,3,2,1.0,668,L6,0.9775449101796407,0.9775449101796407,0,0,1.0,0.2546589217582202,5,1.2904543134252169,1.0,39,131,0.0,55.412941999975374,1.0,1.0,0.9556213017751479,0.0,15.0,0.0,0.0
2900,2900,uplink,1.0,S2,lambda=2xmean,class_size_desc,3,4,1.0,668,L6,0.9775449101796407,0.9775449101796407,0,0,1.0,0.28187060618819926,3,1.369576314446146,1.0,40,149,0.0,62.28946800001722,1.0,1.0,0.9556213017751479,0.0,15.0,0.0,0.0
2900,2900,uplink,1.0,S2,max_paths=1,class_size_desc,1,0,1.0,668,L6,0.9416167664670658,0.9416167664670658,0,0,1.0,0.19445155815582152,25,1.03232644409115,0.9649122807017544,18,56,0.0,63.55253700007779,1.0,1.0,0.8846153846153846,0.0,15.0,24.0,0.0
2900,2900,uplink,1.0,S2,max_paths=2,class_size_desc,2,0,1.0,668,L6,0.9775449101796407,0.9775449101796407,0,0,1.0,0.20495082036150575,25,1.0484941296579888,1.0,20,65,0.0,55.56457699981365,1.0,1.0,0.9556213017751479,0.0,15.0,0.0,0.0
2900,2900,uplink,1.0,S2,max_paths=4,class_size_desc,4,0,1.0,668,L6,0.9775449101796407,0.9775449101796407,0,0,1.0,0.20495082036150575,25,1.0484941296579888,1.0,20,65,0.0,51.2663550000525,1.0,1.0,0.9556213017751479,0.0,15.0,0.0,0.0
2900,2900,uplink,1.0,S2,order=arrival,arrival,3,0,1.0,668,L6,0.9775449101796407,0.9775449101796407,0,0,1.0,0.20443505172647106,26,1.0474732006125573,1.0,19,65,0.0,49.84546099990439,1.0,1.0,0.9556213017751479,0.0,15.0,0.0,0.0
2900,2900,uplink,1.0,S2,order=class_size_asc,class_size_asc,3,0,1.0,668,L6,0.9775449101796407,0.9775449101796407,0,0,1.0,0.20531330191664784,26,1.04951505870342,1.0,18,68,0.0,51.337808999960544,1.0,1.0,0.9556213017751479,0.0,15.0,0.0,0.0
2900,2900,uplink,1.0,S2,util_cap=0.9,class_size_desc,3,0,0.9,668,L6,0.9745508982035929,0.9745508982035929,0,0,0.9,0.20845146596522743,0,1.0721966205837175,1.0,20,67,0.0,51.8215469999177,1.0,1.0,0.9497041420118343,0.0,17.0,0.0,0.0
2900,2900,uplink,1.25,S0,default,class_size_desc,3,0,1.0,853,L6,0.7134796375628623,0.7134796375628623,33,282,3.1,0.2810758340418351,35,1.021908271908272,0.6896551724137931,16,71,0.0,28.16596299999219,0.7136198785342553,0.73010812850186,0.7005490297173651,0.0,0.0,0.0,244.4018691588785
2900,2900,uplink,1.25,S0-QoS,default,class_size_desc,3,0,1.0,853,L6,0.7129521080283097,0.7129521080283097,33,282,3.1,0.2810758340418351,35,1.0219244823386116,0.6896551724137931,16,71,0.0,27.62306499994338,1.0,0.9523809523809523,0.47147378325207423,0.0,0.0,0.0,244.85185185185185
2900,2900,uplink,1.25,S1,default,class_size_desc,3,0,1.0,853,L6,0.8839390386869871,0.8839390386869871,0,0,1.0,0.23865184815184814,37,1.0649867374005304,0.9852941176470589,17,67,0.0,91.13462400000572,1.0,0.9702380952380952,0.7944572748267898,0.0,26.0,73.0,0.0
2900,2900,uplink,1.25,S2,default,class_size_desc,3,0,1.0,853,L6,0.9613130128956624,0.9613130128956624,0,0,1.0,0.27380615930211183,43,1.113821138211382,1.0,22,90,0.0,67.66939799990723,1.0,1.0,0.9237875288683602,0.0,33.0,0.0,0.0
2900,2900,uplink,1.5,S0,default,class_size_desc,3,0,1.0,1060,L6,0.5890042608843649,0.5890042608843649,37,548,3.9,0.35005307913888595,38,1.0213557306585779,0.6666666666666666,16,89,0.0,29.740344999936497,0.5772645374659254,0.6013702132950559,0.5815634462664534,0.0,0.0,0.0,435.6554834625732
2900,2900,uplink,1.5,S0-QoS,default,class_size_desc,3,0,1.0,1060,L6,0.5851427619054232,0.5851427619054232,37,548,3.9,0.35005307913888595,38,1.0214966623038129,0.6666666666666666,16,89,0.0,27.72609800013015,1.0,0.8954869358669834,0.25889761726544697,0.0,0.0,0.0,439.7486723802513
2900,2900,uplink,1.5,S1,default,class_size_desc,3,0,1.0,1060,L6,0.8301886792452831,0.8301886792452831,0,0,1.0,0.30190680420496935,48,1.146590909090909,1.025,26,119,0.0,98.85103500005243,1.0,0.9311163895486936,0.7172284644194756,0.0,49.0,131.0,0.0
2900,2900,uplink,1.5,S2,default,class_size_desc,3,0,1.0,1060,L6,0.9311320754716981,0.9311320754716981,0,0,1.0,0.36204248207270334,63,1.2191827085444107,1.0,39,167,0.0,62.35342800005128,1.0,1.0,0.8632958801498127,0.0,73.0,0.0,0.0
2900,2900,uplink,2.0,S0,default,class_size_desc,3,0,1.0,1336,L6,0.46943108959898167,0.46943108959898167,39,976,5.0,0.44028950434347086,42,1.0212598614392696,0.6666666666666666,16,112,0.0,29.62488899993332,0.4565583911559144,0.4796330115045334,0.4639763283983212,0.0,0.0,0.0,708.8400642957605
2900,2900,uplink,2.0,S0-QoS,default,class_size_desc,3,0,1.0,1336,L6,0.46100532451580356,0.46100532451580356,39,976,5.0,0.44028950434347086,42,1.0216484265786774,0.7017543859649122,16,112,0.0,27.514430999872275,1.0,0.7803030303030303,0.10636555259336325,0.0,0.0,0.0,720.0968864468864
2900,2900,uplink,2.0,S1,default,class_size_desc,3,0,1.0,1336,L6,0.7679640718562875,0.7679640718562875,0,0,1.0,0.37919848473167417,70,1.2326185834957766,1.025,30,140,0.0,108.44538900005318,1.0,0.8863636363636364,0.6301775147928994,0.0,142.0,168.0,0.0
2900,2900,uplink,2.0,S2,default,class_size_desc,3,0,1.0,1336,L6,0.8211077844311377,0.8211077844311377,0,0,1.0,0.4371603458602919,82,1.316317228805834,1.0,30,159,0.0,93.05227000004379,1.0,0.9962121212121212,0.6494082840236687,0.0,239.0,0.0,0.0
2900,2900,multi,0.5,S0,default,class_size_desc,3,0,1.0,392,L41;L47;L70,0.9719387755102041,0.9719387755102041,5,11,1.4,0.13022435604527413,5,1.0244969378827646,1.0,15,31,0.0,27.436284000032174,0.9568636491713415,0.9749019557936756,0.9725648501158706,0.0,0.0,0.0,11.0
2900,2900,multi,0.5,S0-QoS,default,class_size_desc,3,0,1.0,392,L41;L47;L70,0.9719387755102041,0.9719387755102041,5,11,1.4,0.13022435604527413,5,1.0244969378827646,1.0,15,31,0.0,27.368076000129804,1.0,1.0,0.9438775510204082,0.0,0.0,0.0,11.0
2900,2900,multi,0.5,S1,default,class_size_desc,3,0,1.0,392,L41;L47;L70,0.9872448979591837,0.9872448979591837,0,0,1.0,0.1266097183465243,5,1.0241171403962102,0.9666666666666667,14,29,0.0,47.38758100006635,1.0,1.0,0.9744897959183674,0.0,2.0,3.0,0.0
2900,2900,multi,0.5,S2,default,class_size_desc,3,0,1.0,392,L41;L47;L70,0.9948979591836735,0.9948979591836735,0,0,1.0,0.12766755303520008,5,1.0256410256410255,1.0,14,30,0.0,62.97198800007209,1.0,1.0,0.9897959183673469,0.0,2.0,0.0,0.0
2900,2900,multi,0.75,S0,default,class_size_desc,3,0,1.0,533,L41;L47;L70,0.9287054409005628,0.9287054409005628,12,38,2.0,0.17567332090669088,13,1.02020202020202,0.9444444444444444,15,40,0.0,27.822066999988238,0.897886427298192,0.939217032967033,0.9264622239074793,0.0,0.0,0.0,38.0
2900,2900,multi,0.75,S0-QoS,default,class_size_desc,3,0,1.0,533,L41;L47;L70,0.9287054409005628,0.9287054409005628,12,38,2.0,0.17567332090669088,13,1.02020202020202,0.9444444444444444,15,40,0.0,27.427536999994118,1.0,0.9903846153846154,0.8686131386861314,0.0,0.0,0.0,38.0
2900,2900,multi,0.75,S1,default,class_size_desc,3,0,1.0,533,L41;L47;L70,0.9662288930581614,0.9662288930581614,0,0,1.0,0.1640573726713089,13,1.0233009708737864,1.0,14,36,0.0,57.733854000161955,1.0,0.9903846153846154,0.9416058394160584,0.0,8.0,10.0,0.0
2900,2900,multi,0.75,S2,default,class_size_desc,3,0,1.0,533,L41;L47;L70,0.9849906191369606,0.9849906191369606,0,0,1.0,0.16776457668225123,13,1.027936507936508,0.972972972972973,13,36,0.0,50.29807899995831,1.0,1.0,0.9708029197080292,0.0,8.0,0.0,0.0
2900,2900,multi,1.0,S0,default,class_size_desc,3,0,1.0,668,L41;L47;L70,0.8667664670658682,0.8667664670658682,16,89,2.5,0.22091108341905483,23,1.0172711571675301,0.8636363636363636,15,52,0.0,27.741165999941586,0.8328060828060828,0.8842870092870093,0.8597131008373612,0.0,0.0,0.0,89.0
2900,2900,multi,1.0,S0-QoS,default,class_size_desc,3,0,1.0,668,L41;L47;L70,0.8667664670658682,0.8667664670658682,16,89,2.5,0.22091108341905483,23,1.0172711571675301,0.8636363636363636,15,52,0.0,27.567090000047756,1.0,0.9772727272727273,0.7544378698224852,0.0,0.0,0.0,89.0
2900,2900,multi,1.0,S1,default,class_size_desc,3,0,1.0,668,L41;L47;L70,0.9416167664670658,0.9416167664670658,0,0,1.0,0.198278326401471,23,1.0317965023847377,0.9090909090909091,13,40,0.0,58.841681999865614,1.0,0.9962121212121212,0.8875739644970414,0.0,19.0,20.0,0.0
2900,2900,multi,1.0,S2,default,class_size_desc,3,0,1.0,668,L41;L47;L70,0.9715568862275449,0.9715568862275449,0,0,1.0,0.20554814536755164,24,1.0380071905495634,0.9166666666666666,13,44,0.0,61.30910899992159,1.0,1.0,0.9437869822485208,0.0,19.0,0.0,0.0
2900,2900,multi,1.0,S2,lambda=0.5xmean,class_size_desc,3,1,1.0,668,L41;L47;L70,0.9715568862275449,0.9715568862275449,0,0,1.0,0.2378893464973729,8,1.221879815100154,0.8666666666666667,52,131,0.0,57.42716899999323,1.0,1.0,0.9437869822485208,0.0,19.0,0.0,0.0
2900,2900,multi,1.0,S2,lambda=1xmean,class_size_desc,3,2,1.0,668,L41;L47;L70,0.9715568862275449,0.9715568862275449,0,0,1.0,0.2520776071097676,7,1.2876219825372368,0.896551724137931,45,118,0.0,57.65109900016796,1.0,1.0,0.9437869822485208,0.0,19.0,0.0,0.0
2900,2900,multi,1.0,S2,lambda=2xmean,class_size_desc,3,4,1.0,668,L41;L47;L70,0.9715568862275449,0.9715568862275449,0,0,1.0,0.27137041669160966,6,1.3369286081150489,0.9642857142857143,50,153,0.0,57.02743899996676,1.0,1.0,0.9437869822485208,0.0,19.0,0.0,0.0
2900,2900,multi,1.0,S2,max_paths=1,class_size_desc,1,0,1.0,668,L41;L47;L70,0.9431137724550899,0.9431137724550899,0,0,1.0,0.19783853488457667,23,1.0285714285714285,0.9772727272727273,13,43,0.0,55.678129999932935,1.0,0.9962121212121212,0.8905325443786982,0.0,19.0,19.0,0.0
2900,2900,multi,1.0,S2,max_paths=2,class_size_desc,2,0,1.0,668,L41;L47;L70,0.9715568862275449,0.9715568862275449,0,0,1.0,0.20554814536755164,24,1.0380071905495634,0.9166666666666666,13,44,0.0,68.70913800003109,1.0,1.0,0.9437869822485208,0.0,19.0,0.0,0.0
2900,2900,multi,1.0,S2,max_paths=4,class_size_desc,4,0,1.0,668,L41;L47;L70,0.9715568862275449,0.9715568862275449,0,0,1.0,0.20554814536755164,24,1.0380071905495634,0.9166666666666666,13,44,0.0,51.73628700003974,1.0,1.0,0.9437869822485208,0.0,19.0,0.0,0.0
2900,2900,multi,1.0,S2,order=arrival,arrival,3,0,1.0,668,L41;L47;L70,0.9715568862275449,0.9715568862275449,0,0,1.0,0.20554814536755164,24,1.0380071905495634,0.9111111111111111,13,41,0.0,51.01839999997537,1.0,1.0,0.9437869822485208,0.0,19.0,0.0,0.0
2900,2900,multi,1.0,S2,order=class_size_asc,class_size_asc,3,0,1.0,668,L41;L47;L70,0.9715568862275449,0.9715568862275449,0,0,1.0,0.20554814536755164,24,1.0380071905495634,0.9130434782608695,14,42,0.0,50.186579999945025,1.0,1.0,0.9437869822485208,0.0,19.0,0.0,0.0
2900,2900,multi,1.0,S2,util_cap=0.9,class_size_desc,3,0,0.9,668,L41;L47;L70,0.9640718562874252,0.9640718562874252,0,0,0.9,0.20618667670976631,0,1.053312629399586,0.8541666666666666,13,41,0.0,59.45058399993286,1.0,1.0,0.9289940828402367,0.0,24.0,0.0,0.0
2900,2900,multi,1.25,S0,default,class_size_desc,3,0,1.0,853,L41;L47;L70,0.7324599763052284,0.7324599763052284,33,247,3.1,0.28211434346302405,35,1.0160054198247026,0.8357742628392892,15,66,0.0,29.541542000060872,0.6904564248523326,0.747231913618718,0.7291457208426665,0.0,0.0,0.0,228.2116402116402
2900,2900,multi,1.25,S0-QoS,default,class_size_desc,3,0,1.0,853,L41;L47;L70,0.7327080890973037,0.7327080890973037,33,247,3.1,0.28211434346302405,35,1.016,0.8333333333333334,15,66,0.0,51.34802900010982,1.0,0.9494047619047619,0.5127020785219399,0.0,0.0,0.0,228.0
2900,2900,multi,1.25,S1,default,class_size_desc,3,0,1.0,853,L41;L47;L70,0.8675263774912075,0.8675263774912075,0,0,1.0,0.2370320498632758,37,1.0567567567567568,0.75,14,47,0.0,183.46331799989457,1.0,0.9672619047619048,0.7644341801385681,0.0,35.0,78.0,0.0
2900,2900,multi,1.25,S2,default,class_size_desc,3,0,1.0,853,L41;L47;L70,0.9484173505275498,0.9484173505275498,0,0,1.0,0.26844231112482897,41,1.0947672023073753,0.8333333333333334,24,63,0.0,222.21604500009562,1.0,1.0,0.8983833718244804,0.0,44.0,0.0,0.0
2900,2900,multi,1.5,S0,default,class_size_desc,3,0,1.0,1060,L41;L47;L70,0.606545940866045,0.606545940866045,39,499,3.9,0.35113543946432896,40,1.0155535823892925,0.8042168674698795,15,83,0.0,53.97825099998954,0.5509783481906254,0.6185251435149008,0.6080278751652036,0.0,0.0,0.0,417.06130268199234
2900,2900,multi,1.5,S0-QoS,default,class_size_desc,3,0,1.0,1060,L41;L47;L70,0.6046915164007284,0.6046915164007284,39,499,3.9,0.35113543946432896,40,1.015601280997465,0.7999999999999999,15,83,0.0,50.01313499997195,1.0,0.8954869358669834,0.29770226102017244,0.0,0.0,0.0,419.0269926152279
2900,2900,multi,1.5,S1,default,class_size_desc,3,0,1.0,1060,L41;L47;L70,0.8113207547169812,0.8113207547169812,0,0,1.0,0.28862246988855017,45,1.1127906976744186,0.86,19,67,0.0,232.06610800002636,1.0,0.9453681710213777,0.6685393258426966,0.0,72.0,128.0,0.0
2900,2900,multi,1.5,S2,default,class_size_desc,3,0,1.0,1060,L41;L47;L70,0.9226415094339623,0.9226415094339623,0,0,1.0,0.3490135837224897,58,1.1775732788002726,0.7288135593220338,28,101,0.0,94.38100300008045,1.0,0.995249406175772,0.850187265917603,0.0,82.0,0.0,0.0
2900,2900,multi,2.0,S0,default,class_size_desc,3,0,1.0,1336,L41;L47;L70,0.48299618545431633,0.48299618545431633,41,966,5.0,0.44182216683810965,43,1.0154970787876496,0.8,15,104,0.0,29.699699000047985,0.4361854892040651,0.4927487338684327,0.4845193605170082,0.0,0.0,0.0,690.7170962330334
2900,2900,multi,2.0,S0-QoS,default,class_size_desc,3,0,1.0,1336,L41;L47;L70,0.47600620188195036,0.47600620188195036,41,966,5.0,0.44182216683810965,43,1.0157246479363646,0.8,15,104,0.0,39.42984700006491,1.0,0.7840909090909091,0.13305367709213864,0.0,0.0,0.0,700.0557142857143
2900,2900,multi,2.0,S1,default,class_size_desc,3,0,1.0,1336,L41;L47;L70,0.7881736526946108,0.7881736526946108,0,0,1.0,0.3848544726301736,71,1.2098765432098766,0.88,31,137,0.0,158.73961099987355,1.0,0.8863636363636364,0.6701183431952663,0.0,148.0,135.0,0.0
2900,2900,multi,2.0,S2,default,class_size_desc,3,0,1.0,1336,L41;L47;L70,0.8151197604790419,0.8151197604790419,0,0,1.0,0.4208559708570704,79,1.2617079889807163,0.6896551724137931,34,145,0.0,104.13462399992568,1.0,0.9848484848484849,0.6464497041420119,0.0,247.0,0.0,0.0
2900,2900,recovered,0.5,S0,default,class_size_desc,3,0,1.0,392,,0.9719387755102041,0.9719387755102041,5,11,1.4,0.12420234217654004,5,1.0,nan,26,46,0.0,36.76227400001153,0.9615256538333461,0.9743229169980763,0.9721010282234772,0.0,0.0,0.0,11.0
2900,2900,recovered,0.5,S0-QoS,default,class_size_desc,3,0,1.0,392,,0.9719387755102041,0.9719387755102041,5,11,1.4,0.12420234217654004,5,1.0,nan,26,46,0.0,35.06726599994181,1.0,1.0,0.9438775510204082,0.0,0.0,0.0,11.0
2900,2900,recovered,0.5,S1,default,class_size_desc,3,0,1.0,392,,0.9897959183673469,0.9897959183673469,0,0,1.0,0.12096397145635114,5,1.0,nan,28,51,0.0,57.23856600002364,1.0,1.0,0.9795918367346939,0.0,2.0,2.0,0.0
2900,2900,recovered,0.5,S2,default,class_size_desc,3,0,1.0,392,,0.9948979591836735,0.9948979591836735,0,0,1.0,0.12149254288492256,5,1.0,nan,30,53,0.0,64.15002800008551,1.0,1.0,0.9897959183673469,0.0,2.0,0.0,0.0
2900,2900,recovered,0.75,S0,default,class_size_desc,3,0,1.0,533,,0.9324577861163227,0.9324577861163227,11,36,2.0,0.16764709515083848,12,1.0,nan,26,61,0.0,34.474193000050946,0.9210593328240387,0.9402992840492841,0.9286267260719816,0.0,0.0,0.0,36.0
2900,2900,recovered,0.75,S0-QoS,default,class_size_desc,3,0,1.0,533,,0.9324577861163227,0.9324577861163227,11,36,2.0,0.16764709515083848,12,1.0,nan,26,61,0.0,38.212863999888214,1.0,0.9903846153846154,0.8759124087591241,0.0,0.0,0.0,36.0
2900,2900,recovered,0.75,S1,default,class_size_desc,3,0,1.0,533,,0.9662288930581614,0.9662288930581614,0,0,1.0,0.15610207773509913,12,1.0,nan,29,73,0.0,71.80518399991342,1.0,0.9903846153846154,0.9416058394160584,0.0,7.0,11.0,0.0
2900,2900,recovered,0.75,S2,default,class_size_desc,3,0,1.0,533,,0.9868667917448405,0.9868667917448405,0,0,1.0,0.15952677122342898,12,1.002534854245881,nan,32,76,0.0,77.89884199996777,1.0,1.0,0.9744525547445255,0.0,7.0,0.0,0.0
2900,2900,recovered,1.0,S0,default,class_size_desc,3,0,1.0,668,,0.875748502994012,0.875748502994012,15,83,2.5,0.21061616351562876,24,1.0,nan,26,79,0.0,30.29907300015111,0.8760961260961261,0.8884055759055759,0.8657946261496557,0.0,0.0,0.0,83.0
2900,2900,recovered,1.0,S0-QoS,default,class_size_desc,3,0,1.0,668,,0.875748502994012,0.875748502994012,15,83,2.5,0.21061616351562876,24,1.0,nan,26,79,0.0,35.61594400002832,1.0,0.9810606060606061,0.7692307692307693,0.0,0.0,0.0,83.0
2900,2900,recovered,1.0,S1,default,class_size_desc,3,0,1.0,668,,0.9476047904191617,0.9476047904191617,0,0,1.0,0.18897421722662364,24,1.0063191153238547,nan,32,105,0.0,78.02182299997185,1.0,1.0,0.8964497041420119,0.0,15.0,20.0,0.0
2900,2900,recovered,1.0,S2,default,class_size_desc,3,0,1.0,668,,0.9775449101796407,0.9775449101796407,0,0,1.0,0.19581849567544754,24,1.0122511485451762,nan,32,105,0.0,69.52051999996911,1.0,1.0,0.9556213017751479,0.0,15.0,0.0,0.0
2900,2900,recovered,1.0,S2,lambda=0.5xmean,class_size_desc,3,1,1.0,668,,0.9775449101796407,0.9775449101796407,0,0,1.0,0.22948175460902734,4,1.1975497702909648,nan,54,161,0.0,57.17816199990011,1.0,1.0,0.9556213017751479,0.0,15.0,0.0,0.0
2900,2900,recovered,1.0,S2,lambda=1xmean,class_size_desc,3,2,1.0,668,,0.9775449101796407,0.9775449101796407,0,0,1.0,0.23984148178025183,4,1.2506380806533945,nan,73,227,0.0,60.43034100002842,1.0,1.0,0.9556213017751479,0.0,15.0,0.0,0.0
2900,2900,recovered,1.0,S2,lambda=2xmean,class_size_desc,3,4,1.0,668,,0.9775449101796407,0.9775449101796407,0,0,1.0,0.26855545951374826,4,1.3389484430832057,nan,87,292,0.0,59.973805000026914,1.0,1.0,0.9556213017751479,0.0,15.0,0.0,0.0
2900,2900,recovered,1.0,S2,max_paths=1,class_size_desc,1,0,1.0,668,,0.9446107784431138,0.9446107784431138,0,0,1.0,0.18772699853622313,24,1.0031695721077654,nan,32,105,0.0,86.23417400008293,1.0,1.0,0.8905325443786982,0.0,15.0,22.0,0.0
2900,2900,recovered,1.0,S2,max_paths=2,class_size_desc,2,0,1.0,668,,0.9775449101796407,0.9775449101796407,0,0,1.0,0.19581849567544754,24,1.0122511485451762,nan,32,105,0.0,53.29717399990841,1.0,1.0,0.9556213017751479,0.0,15.0,0.0,0.0
2900,2900,recovered,1.0,S2,max_paths=4,class_size_desc,4,0,1.0,668,,0.9775449101796407,0.9775449101796407,0,0,1.0,0.19581849567544754,24,1.0122511485451762,nan,32,105,0.0,53.62739299994246,1.0,1.0,0.9556213017751479,0.0,15.0,0.0,0.0
2900,2900,recovered,1.0,S2,order=arrival,arrival,3,0,1.0,668,,0.9775449101796407,0.9775449101796407,0,0,1.0,0.19581849567544754,24,1.0122511485451762,nan,32,105,0.0,53.971468000099776,1.0,1.0,0.9556213017751479,0.0,15.0,0.0,0.0
2900,2900,recovered,1.0,S2,order=class_size_asc,class_size_asc,3,0,1.0,668,,0.9775449101796407,0.9775449101796407,0,0,1.0,0.19581849567544754,24,1.0122511485451762,nan,32,105,0.0,53.25041600008262,1.0,1.0,0.9556213017751479,0.0,15.0,0.0,0.0
2900,2900,recovered,1.0,S2,util_cap=0.9,class_size_desc,3,0,0.9,668,,0.9745508982035929,0.9745508982035929,0,0,0.9,0.19812828535101262,0,1.0307219662058371,nan,36,109,0.0,54.03880400012895,1.0,1.0,0.9497041420118343,0.0,17.0,0.0,0.0
2900,2900,recovered,1.25,S0,default,class_size_desc,3,0,1.0,853,,0.7345816305288646,0.7345816305288646,32,264,3.1,0.2690501446414548,34,1.0,nan,26,101,0.0,29.195563999792284,0.7268473917617686,0.7437765588369569,0.7289469426418369,0.0,0.0,0.0,226.4018691588785
2900,2900,recovered,1.25,S0-QoS,default,class_size_desc,3,0,1.0,853,,0.734054100994312,0.734054100994312,32,264,3.1,0.2690501446414548,34,1.0,nan,26,101,0.0,29.83383099990533,1.0,0.9613095238095238,0.5061158155846377,0.0,0.0,0.0,226.85185185185185
2900,2900,recovered,1.25,S1,default,class_size_desc,3,0,1.0,853,,0.8851113716295428,0.8851113716295428,0,0,1.0,0.2300927254563618,35,1.034878587196468,nan,35,140,0.0,100.05150699998921,1.0,0.9791666666666666,0.789838337182448,0.0,26.0,72.0,0.0
2900,2900,recovered,1.25,S2,default,class_size_desc,3,0,1.0,853,,0.9636576787807737,0.9636576787807737,0,0,1.0,0.258926216831297,39,1.0660989456609895,nan,41,155,0.0,60.106634000021586,1.0,1.0,0.9284064665127021,0.0,31.0,0.0,0.0
2900,2900,recovered,1.5,S0,default,class_size_desc,3,0,1.0,1060,,0.6078721854126667,0.6078721854126667,38,537,3.9,0.3348185056921688,39,1.0,nan,26,125,0.0,30.06405199994333,0.585922546123934,0.6145279186142814,0.6069408154640473,0.0,0.0,0.0,415.6554834625732
2900,2900,recovered,1.5,S0-QoS,default,class_size_desc,3,0,1.0,1060,,0.6040106864337251,0.6040106864337251,38,537,3.9,0.3348185056921688,39,1.0,nan,26,125,0.0,30.160271999875476,1.0,0.9097387173396675,0.28511484572986645,0.0,0.0,0.0,419.7486723802513
2900,2900,recovered,1.5,S1,default,class_size_desc,3,0,1.0,1060,,0.8367924528301887,0.8367924528301887,0,0,1.0,0.2842951048951049,46,1.0901916572717023,nan,42,190,0.0,110.64453299991328,1.0,0.9453681710213777,0.7191011235955056,0.0,49.0,124.0,0.0
2900,2900,recovered,1.5,S2,default,class_size_desc,3,0,1.0,1060,,0.9452830188679245,0.9452830188679245,0,0,1.0,0.338082764294529,58,1.1477045908183632,nan,73,292,0.0,72.7663970001231,1.0,1.0,0.8913857677902621,0.0,58.0,0.0,0.0
2900,2900,recovered,2.0,S0,default,class_size_desc,3,0,1.0,1336,,0.4844011494792212,0.4844011494792212,40,988,5.0,0.4212323270312575,42,1.0,nan,26,158,0.0,32.25404999989223,0.4637733983709216,0.4893732712447932,0.4845455028136495,0.0,0.0,0.0,688.8400642957605
2900,2900,recovered,2.0,S0-QoS,default,class_size_desc,3,0,1.0,1336,,0.47372987541400713,0.47372987541400713,40,988,5.0,0.4212323270312575,42,1.0,nan,26,158,0.0,29.575776000001497,1.0,0.7992424242424242,0.11672058217916206,0.0,0.0,0.0,703.0968864468864
2900,2900,recovered,2.0,S1,default,class_size_desc,3,0,1.0,1336,,0.8008982035928144,0.8008982035928144,0,0,1.0,0.36879208492042714,70,1.181931464174455,nan,70,346,0.0,152.39784799996414,1.0,0.8863636363636364,0.6952662721893491,0.0,114.0,152.0,0.0
2900,2900,recovered,2.0,S2,default,class_size_desc,3,0,1.0,1336,,0.8525449101796407,0.8525449101796407,0,0,1.0,0.42110144561321033,80,1.2549019607843137,nan,70,399,0.0,102.92560699986097,1.0,0.9962121212121212,0.7115384615384616,0.0,197.0,0.0,0.0
3000,3000,healthy,0.5,S0,default,class_size_desc,3,0,1.0,368,,0.9836956521739131,0.9836956521739131,3,6,1.3,0.1211981271043771,6,1.0,nan,0,0,0.0,33.33906400007436,0.9777924777924778,0.9839653100522666,0.9847250788427259,0.0,0.0,0.0,6.000000000000001
3000,3000,healthy,0.5,S0-QoS,default,class_size_desc,3,0,1.0,368,,0.9836956521739131,0.9836956521739131,3,6,1.3,0.1211981271043771,6,1.0,nan,0,0,0.0,31.8230919999678,1.0,1.0,0.9647058823529412,0.0,0.0,0.0,6.0
3000,3000,healthy,0.5,S1,default,class_size_desc,3,0,1.0,368,,0.9918478260869565,0.9918478260869565,0,0,1.0,0.11912984006734006,6,1.0,nan,0,0,0.0,56.190499999956955,1.0,1.0,0.9823529411764705,0.0,2.0,1.0,0.0
3000,3000,healthy,0.5,S2,default,class_size_desc,3,0,1.0,368,,0.9945652173913043,0.9945652173913043,0,0,1.0,0.11938699494949495,6,1.0,nan,0,0,0.0,51.77216400011275,1.0,1.0,0.9882352941176471,0.0,2.0,0.0,0.0
3000,3000,healthy,0.75,S0,default,class_size_desc,3,0,1.0,542,,0.8929889298892989,0.8929889298892989,13,58,2.0,0.17848867143658811,14,1.0,nan,0,0,0.0,28.622628999983135,0.8544292270504937,0.8965193999672293,0.8988356821617379,0.0,0.0,0.0,58.0
3000,3000,healthy,0.75,S0-QoS,default,class_size_desc,3,0,1.0,542,,0.8929889298892989,0.8929889298892989,13,58,2.0,0.17848867143658811,14,1.0,nan,0,0,0.0,32.38667899995562,1.0,0.9789029535864979,0.7845528455284553,0.0,0.0,0.0,58.0
3000,3000,healthy,0.75,S1,default,class_size_desc,3,0,1.0,542,,0.955719557195572,0.955719557195572,0,0,1.0,0.16293143237934904,14,1.0064350064350065,nan,0,0,0.0,79.66039500001898,1.0,0.9831223628691983,0.9186991869918699,0.0,11.0,13.0,0.0
3000,3000,healthy,0.75,S2,default,class_size_desc,3,0,1.0,542,,0.9797047970479705,0.9797047970479705,0,0,1.0,0.1671905864197531,14,1.009416195856874,nan,0,0,0.0,68.69685400010894,1.0,0.9915611814345991,0.9634146341463414,0.0,11.0,0.0,0.0
3000,3000,healthy,1.0,S0,default,class_size_desc,3,0,1.0,653,,0.8351366957045666,0.8351366957045666,17,108,2.4,0.21528465207631875,21,1.0,nan,0,0,0.0,30.581321999989086,0.775504077029779,0.8479872376329922,0.8365728746779746,0.0,0.0,0.0,107.65573770491802
3000,3000,healthy,1.0,S0-QoS,default,class_size_desc,3,0,1.0,653,,0.8351889408550971,0.8351889408550971,17,108,2.4,0.21528465207631875,21,1.0,nan,0,0,0.0,30.040768999924694,1.0,0.9581881533101045,0.678041678041678,0.0,0.0,0.0,107.62162162162163
3000,3000,healthy,1.0,S1,default,class_size_desc,3,0,1.0,653,,0.9203675344563553,0.9203675344563553,0,0,1.0,0.18699379208754208,20,1.0116472545757071,nan,0,0,0.0,63.65231399990989,1.0,0.9616724738675958,0.8619528619528619,0.0,19.0,33.0,0.0
3000,3000,healthy,1.0,S2,default,class_size_desc,3,0,1.0,653,,0.9693721286370597,0.9693721286370597,0,0,1.0,0.19774821127946127,21,1.0184307530279095,nan,0,0,0.0,57.996937999860165,1.0,0.9825783972125436,0.9494949494949495,0.0,20.0,0.0,0.0
3000,3000,healthy,1.0,S2,lambda=0.5xmean,class_size_desc,3,1,1.0,653,,0.9693721286370597,0.9693721286370597,0,0,1.0,0.22228110970819304,4,1.1848341232227488,nan,0,0,0.0,64.11444099990149,1.0,0.9825783972125436,0.9494949494949495,0.0,20.0,0.0,0.0
3000,3000,healthy,1.0,S2,lambda=1xmean,class_size_desc,3,2,1.0,653,,0.9693721286370597,0.9693721286370597,0,0,1.0,0.24342276936026935,6,1.2580305423907319,nan,0,0,0.0,55.18026499998996,1.0,0.9825783972125436,0.9494949494949495,0.0,20.0,0.0,0.0
3000,3000,healthy,1.0,S2,lambda=2xmean,class_size_desc,3,4,1.0,653,,0.9693721286370597,0.9693721286370597,0,0,1.0,0.256247439674523,7,1.3059505002632965,nan,0,0,0.0,66.63064999997914,1.0,0.9825783972125436,0.9494949494949495,0.0,20.0,0.0,0.0
3000,3000,healthy,1.0,S2,max_paths=1,class_size_desc,1,0,1.0,653,,0.9218989280245024,0.9218989280245024,0,0,1.0,0.1874581228956229,20,1.0121816168327795,nan,0,0,0.0,81.86152400003266,1.0,0.9616724738675958,0.8653198653198653,0.0,19.0,32.0,0.0
3000,3000,healthy,1.0,S2,max_paths=2,class_size_desc,2,0,1.0,653,,0.9693721286370597,0.9693721286370597,0,0,1.0,0.19774821127946127,21,1.0184307530279095,nan,0,0,0.0,56.35973699986607,1.0,0.9825783972125436,0.9494949494949495,0.0,20.0,0.0,0.0
3000,3000,healthy,1.0,S2,max_paths=4,class_size_desc,4,0,1.0,653,,0.9693721286370597,0.9693721286370597,0,0,1.0,0.19774821127946127,21,1.0184307530279095,nan,0,0,0.0,55.99980300007701,1.0,0.9825783972125436,0.9494949494949495,0.0,20.0,0.0,0.0
3000,3000,healthy,1.0,S2,order=arrival,arrival,3,0,1.0,653,,0.9693721286370597,0.9693721286370597,0,0,1.0,0.19774821127946127,21,1.0184307530279095,nan,0,0,0.0,55.54984799982776,1.0,0.9825783972125436,0.9494949494949495,0.0,20.0,0.0,0.0
3000,3000,healthy,1.0,S2,order=class_size_asc,class_size_asc,3,0,1.0,653,,0.9693721286370597,0.9693721286370597,0,0,1.0,0.19774821127946127,21,1.0184307530279095,nan,0,0,0.0,60.820773999921585,1.0,0.9825783972125436,0.9494949494949495,0.0,20.0,0.0,0.0
3000,3000,healthy,1.0,S2,util_cap=0.9,class_size_desc,3,0,0.9,653,,0.9617151607963247,0.9617151607963247,0,0,0.9,0.1969797278338945,0,1.0307855626326965,nan,0,0,0.0,54.887757000187776,1.0,0.975609756097561,0.9393939393939394,0.0,25.0,0.0,0.0
3000,3000,healthy,1.25,S0,default,class_size_desc,3,0,1.0,851,,0.7012381001038847,0.7012381001038847,26,301,3.1,0.2807644851290685,31,1.0,nan,0,0,0.0,28.926189000003433,0.6483941041769081,0.7206423257438783,0.6950159370803111,0.0,0.0,0.0,254.24637681159422
3000,3000,healthy,1.25,S0-QoS,default,class_size_desc,3,0,1.0,851,,0.7013176525873849,0.7013176525873849,26,301,3.1,0.2807644851290685,31,1.0,nan,0,0,0.0,28.618692000009105,1.0,0.8983957219251337,0.4384969411736742,0.0,0.0,0.0,254.17867764813545
3000,3000,healthy,1.25,S1,default,class_size_desc,3,0,1.0,851,,0.8942420681551116,0.8942420681551116,0,0,1.0,0.23674386223344557,34,1.0310994305738064,nan,0,0,0.0,72.38994099998308,1.0,0.93048128342246,0.8337662337662337,0.0,40.0,50.0,0.0
3000,3000,healthy,1.25,S2,default,class_size_desc,3,0,1.0,851,,0.9506462984723855,0.9506462984723855,0,0,1.0,0.25841550925925927,35,1.0593325092707047,nan,0,0,0.0,55.86252500006594,1.0,0.9652406417112299,0.9246753246753247,0.0,42.0,0.0,0.0
3000,3000,healthy,1.5,S0,default,class_size_desc,3,0,1.0,1021,,0.6134801988820858,0.6134801988820858,35,506,3.7,0.33648277918069586,38,1.0,nan,0,0,0.0,28.437922999955845,0.5683122590214688,0.6349267450702772,0.6031584621217339,0.0,0.0,0.0,394.6367169413904
3000,3000,healthy,1.5,S0-QoS,default,class_size_desc,3,0,1.0,1021,,0.6112074171022105,0.6112074171022105,35,506,3.7,0.33648277918069586,38,1.0,nan,0,0,0.0,27.83271699991019,1.0,0.859375,0.28488816458534677,0.0,0.0,0.0,396.9572271386431
3000,3000,healthy,1.5,S1,default,class_size_desc,3,0,1.0,1021,,0.8589618021547503,0.8589618021547503,0,0,1.0,0.2850108024691358,46,1.0847586469023185,nan,0,0,0.0,82.43566000010105,1.0,0.8950892857142857,0.7922912205567452,0.0,56.0,88.0,0.0
3000,3000,healthy,1.5,S2,default,class_size_desc,3,0,1.0,1021,,0.9353574926542605,0.9353574926542605,0,0,1.0,0.31969560185185186,49,1.1235602094240837,nan,0,0,0.0,60.12366599998131,1.0,0.9575892857142857,0.8993576017130621,0.0,66.0,0.0,0.0
3000,3000,healthy,2.0,S0,default,class_size_desc,3,0,1.0,1306,,0.48466647924871703,0.48466647924871703,39,924,4.8,0.4305693041526375,42,1.0,nan,0,0,0.0,27.156388999856063,0.4399917434705958,0.5052557212354767,0.4751494567520515,0.0,0.0,0.0,673.0255781011756
3000,3000,healthy,2.0,S0-QoS,default,class_size_desc,3,0,1.0,1306,,0.47905112233213304,0.47905112233213304,39,924,4.8,0.4305693041526375,42,1.0,nan,0,0,0.0,26.410180000084438,0.9710144927536232,0.7491289198606271,0.10377233293899961,0.0,0.0,0.0,680.3592342342342
3000,3000,healthy,2.0,S1,default,class_size_desc,3,0,1.0,1306,,0.8055130168453293,0.8055130168453293,0,0,1.0,0.36460185185185184,65,1.1742712294043092,nan,0,0,2.0,108.29182100019352,0.9710144927536232,0.8745644599303136,0.7003367003367004,0.0,120.0,134.0,0.0
3000,3000,healthy,2.0,S2,default,class_size_desc,3,0,1.0,1306,,0.8499234303215927,0.8499234303215927,0,0,1.0,0.39628367003367004,73,1.2162162162162162,nan,0,0,0.0,81.05706400010604,0.9855072463768116,0.9442508710801394,0.7272727272727273,0.0,196.0,0.0,0.0
3000,3000,uplink,0.5,S0,default,class_size_desc,3,0,1.0,368,L6,0.9755434782608695,0.9755434782608695,4,9,1.3,0.1250551189464741,7,1.0278551532033426,0.9090909090909091,17,33,0.0,28.424677999964842,0.9728784728784728,0.977754129928043,0.9740298916769505,0.0,0.0,0.0,9.000000000000002
3000,3000,uplink,0.5,S0-QoS,default,class_size_desc,3,0,1.0,368,L6,0.9755434782608695,0.9755434782608695,4,9,1.3,0.1250551189464741,7,1.0278551532033426,0.9090909090909091,17,33,0.0,27.083993000132978,1.0,1.0,0.9470588235294117,0.0,0.0,0.0,9.0
3000,3000,uplink,0.5,S1,default,class_size_desc,3,0,1.0,368,L6,0.9891304347826086,0.9891304347826086,0,0,1.0,0.12277357689039932,7,1.031135531135531,0.9696969696969697,17,32,0.0,47.68861599995944,1.0,1.0,0.9764705882352941,0.0,2.0,2.0,0.0
3000,3000,uplink,0.5,S2,default,class_size_desc,3,0,1.0,368,L6,0.9945652173913043,0.9945652173913043,0,0,1.0,0.12353430331350893,7,1.0327868852459017,1.0,17,33,0.0,46.0868309999114,1.0,1.0,0.9882352941176471,0.0,2.0,0.0,0.0
3000,3000,uplink,0.75,S0,default,class_size_desc,3,0,1.0,542,L6,0.8579335793357934,0.8579335793357934,14,77,2.0,0.18420196120079296,15,1.021505376344086,0.6122448979591837,17,49,0.0,30.013277000080052,0.8281407455562011,0.8703418403357818,0.8531247148479831,0.0,0.0,0.0,77.0
3000,3000,uplink,0.75,S0-QoS,default,class_size_desc,3,0,1.0,542,L6,0.8579335793357934,0.8579335793357934,14,77,2.0,0.18420196120079296,15,1.021505376344086,0.6122448979591837,17,49,0.0,28.099938999957885,1.0,0.9789029535864979,0.7073170731707317,0.0,0.0,0.0,77.0
3000,3000,uplink,0.75,S1,default,class_size_desc,3,0,1.0,542,L6,0.9501845018450185,0.9501845018450185,0,0,1.0,0.16894169498725572,15,1.0466019417475727,0.9387755102040817,17,46,0.0,66.90197800003261,1.0,0.9831223628691983,0.9065040650406504,0.0,11.0,16.0,0.0
3000,3000,uplink,0.75,S2,default,class_size_desc,3,0,1.0,542,L6,0.9797047970479705,0.9797047970479705,0,0,1.0,0.17474415887850467,15,1.0521029504080353,1.0,17,49,0.0,51.138806000153636,1.0,0.9915611814345991,0.9634146341463414,0.0,11.0,0.0,0.0
3000,3000,uplink,1.0,S0,default,class_size_desc,3,0,1.0,653,L6,0.7901990811638591,0.7901990811638591,17,138,2.4,0.22233248371566128,21,1.0193798449612403,0.505524861878453,17,61,0.0,27.85756399998718,0.7478988320332296,0.8142592322365114,0.7767763667940351,0.0,0.0,0.0,137.0
3000,3000,uplink,1.0,S0-QoS,default,class_size_desc,3,0,1.0,653,L6,0.7901990811638591,0.7901990811638591,17,138,2.4,0.22233248371566128,21,1.0193798449612403,0.5052344105598543,17,61,0.0,27.250756000057663,1.0,0.9581881533101045,0.5791245791245792,0.0,0.0,0.0,137.0
3000,3000,uplink,1.0,S1,default,class_size_desc,3,0,1.0,653,L6,0.9157733537519143,0.9157733537519143,0,0,1.0,0.19710089209855566,18,1.0629877369007803,0.95,17,57,0.0,84.32234799988692,1.0,0.9616724738675958,0.8518518518518519,0.0,19.0,36.0,0.0
3000,3000,uplink,1.0,S2,default,class_size_desc,3,0,1.0,653,L6,0.9693721286370597,0.9693721286370597,0,0,1.0,0.20991864910790145,21,1.0710900473933649,1.0,17,61,0.0,52.073409000058746,1.0,0.9825783972125436,0.9494949494949495,0.0,20.0,0.0,0.0
3000,3000,uplink,1.0,S2,lambda=0.5xmean,class_size_desc,3,1,1.0,653,L6,0.9693721286370597,0.9693721286370597,0,0,1.0,0.24244573067119796,5,1.2448657187993681,1.0,32,94,0.0,53.94552999996449,1.0,0.9825783972125436,0.9494949494949495,0.0,20.0,0.0,0.0
3000,3000,uplink,1.0,S2,lambda=1xmean,class_size_desc,3,2,1.0,653,L6,0.9693721286370597,0.9693721286370597,0,0,1.0,0.262518372982158,6,1.3143759873617693,1.0,39,124,0.0,54.33887699996376,1.0,0.9825783972125436,0.9494949494949495,0.0,20.0,0.0,0.0
3000,3000,uplink,1.0,S2,lambda=2xmean,class_size_desc,3,4,1.0,653,L6,0.9693721286370597,0.9693721286370597,0,0,1.0,0.27583043047295386,6,1.3638757240652974,1.0,42,129,0.0,55.54207399995903,1.0,0.9825783972125436,0.9494949494949495,0.0,20.0,0.0,0.0
3000,3000,uplink,1.0,S2,max_paths=1,class_size_desc,1,0,1.0,653,L6,0.9218989280245024,0.9218989280245024,0,0,1.0,0.19907306711979608,19,1.0664451827242525,1.0,17,60,0.0,62.39897399996153,1.0,0.9616724738675958,0.8653198653198653,0.0,19.0,32.0,0.0
3000,3000,uplink,1.0,S2,max_paths=2,class_size_desc,2,0,1.0,653,L6,0.9693721286370597,0.9693721286370597,0,0,1.0,0.20991864910790145,21,1.0710900473933649,1.0,17,61,0.0,56.81301699996766,1.0,0.9825783972125436,0.9494949494949495,0.0,20.0,0.0,0.0
3000,3000,uplink,1.0,S2,max_paths=4,class_size_desc,4,0,1.0,653,L6,0.9693721286370597,0.9693721286370597,0,0,1.0,0.20991864910790145,21,1.0710900473933649,1.0,17,61,0.0,61.95745600007285,1.0,0.9825783972125436,0.9494949494949495,0.0,20.0,0.0,0.0
3000,3000,uplink,1.0,S2,order=arrival,arrival,3,0,1.0,653,L6,0.9693721286370597,0.9693721286370597,0,0,1.0,0.20945932455395072,20,1.0700368615060558,1.0,17,61,0.0,50.916789999973844,1.0,0.9825783972125436,0.9494949494949495,0.0,20.0,0.0,0.0
3000,3000,uplink,1.0,S2,order=class_size_asc,class_size_asc,3,0,1.0,653,L6,0.9693721286370597,0.9693721286370597,0,0,1.0,0.20991864910790145,21,1.0710900473933649,1.0,17,61,0.0,51.28469999999652,1.0,0.9825783972125436,0.9494949494949495,0.0,20.0,0.0,0.0
3000,3000,uplink,1.0,S2,util_cap=0.9,class_size_desc,3,0,0.9,653,L6,0.9617151607963247,0.9617151607963247,0,0,0.9,0.21318627867459644,0,1.0939490445859872,1.0,21,71,0.0,52.663095000070825,1.0,0.975609756097561,0.9393939393939394,0.0,25.0,0.0,0.0
3000,3000,uplink,1.25,S0,default,class_size_desc,3,0,1.0,851,L6,0.6671605442871984,0.6671605442871984,26,331,3.1,0.28999281365052393,31,1.017613273771538,0.5084745762711864,17,80,0.0,39.48387800005548,0.6251021787110695,0.6942385824283703,0.6509064751137063,0.0,0.0,0.0,283.2463768115942
3000,3000,uplink,1.25,S0-QoS,default,class_size_desc,3,0,1.0,851,L6,0.6665150423916202,0.6665150423916202,26,331,3.1,0.28999281365052393,31,1.0176303317535544,0.5032119914346895,17,80,0.0,27.09015499999623,1.0,0.8903743315508021,0.3693618209747242,0.0,0.0,0.0,283.7956989247312
3000,3000,uplink,1.25,S1,default,class_size_desc,3,0,1.0,851,L6,0.9048178613396005,0.9048178613396005,0,0,1.0,0.2630272939677145,36,1.1025974025974026,1.1,22,89,0.0,69.51558000014302,1.0,0.93048128342246,0.8571428571428571,0.0,40.0,41.0,0.0
3000,3000,uplink,1.25,S2,default,class_size_desc,3,0,1.0,851,L6,0.9506462984723855,0.9506462984723855,0,0,1.0,0.2948024638912489,41,1.1569839307787393,1.0,36,120,0.0,55.0133320000441,1.0,0.9652406417112299,0.9246753246753247,0.0,42.0,0.0,0.0
3000,3000,uplink,1.5,S0,default,class_size_desc,3,0,1.0,1021,L6,0.5845140205421188,0.5845140205421188,35,536,3.7,0.34738760266213536,38,1.0167563462134324,0.5035714285714286,17,94,0.0,29.526964999831762,0.5506235797761858,0.6130802405110067,0.5648025005745108,0.0,0.0,0.0,424.21118502649676
3000,3000,uplink,1.5,S0-QoS,default,class_size_desc,3,0,1.0,1021,L6,0.5826664270168109,0.5826664270168109,35,536,3.7,0.34738760266213536,38,1.01680947938764,0.5072678730347078,17,94,0.0,29.58142800002861,1.0,0.84375,0.23747841966630395,0.0,0.0,0.0,426.09757801583606
3000,3000,uplink,1.5,S1,default,class_size_desc,3,0,1.0,1021,L6,0.8354554358472086,0.8354554358472086,0,0,1.0,0.30293606627017844,49,1.1438061742868308,0.9166666666666666,29,120,0.0,83.54101300005823,1.0,0.8861607142857143,0.7494646680942184,0.0,59.0,109.0,0.0
3000,3000,uplink,1.5,S2,default,class_size_desc,3,0,1.0,1021,L6,0.8952007835455436,0.8952007835455436,0,0,1.0,0.3464070730671198,51,1.2104303428154632,1.0,43,134,0.0,69.4076079998922,1.0,0.9575892857142857,0.8115631691648822,0.0,107.0,0.0,0.0
3000,3000,uplink,2.0,S0,default,class_size_desc,3,0,1.0,1306,L6,0.46219767197836326,0.46219767197836326,39,954,4.8,0.44466496743132256,42,1.0165664353261683,0.505524861878453,17,122,0.0,28.429357000050004,0.4261891209723211,0.48839171853723623,0.4452512028100817,0.0,0.0,0.0,702.3698403962576
3000,3000,uplink,2.0,S0-QoS,default,class_size_desc,3,0,1.0,1306,L6,0.45728050025523226,0.45728050025523226,39,954,4.8,0.44466496743132256,42,1.016744575455243,0.513413506012951,17,122,0.0,28.3838810000816,0.9710144927536232,0.7177700348432056,0.08620931537598205,0.0,0.0,0.0,708.7916666666666
3000,3000,uplink,2.0,S1,default,class_size_desc,3,0,1.0,1306,L6,0.7580398162327718,0.7580398162327718,0,0,1.0,0.36844307561597284,60,1.2168350168350168,0.9,41,136,2.0,104.65308700008791,0.9710144927536232,0.867595818815331,0.6026936026936027,0.0,164.0,152.0,0.0
3000,3000,uplink,2.0,S2,default,class_size_desc,3,0,1.0,1306,L6,0.8039816232771823,0.8039816232771823,0,0,1.0,0.39982370433305015,70,1.2565079365079366,0.9523809523809523,33,152,0.0,98.84665699996731,0.9855072463768116,0.9442508710801394,0.6262626262626263,0.0,254.0,2.0,0.0
3000,3000,multi,0.5,S0,default,class_size_desc,3,0,1.0,368,L14;L57;L61,0.9836956521739131,0.9836956521739131,3,6,1.3,0.12769816017316019,6,1.0515653775322285,1.0,34,56,0.0,27.222874000017327,0.9777924777924778,0.9839653100522666,0.9847250788427259,0.0,0.0,0.0,6.000000000000001
3000,3000,multi,0.5,S0-QoS,default,class_size_desc,3,0,1.0,368,L14;L57;L61,0.9836956521739131,0.9836956521739131,3,6,1.3,0.12769816017316019,6,1.0515653775322285,1.0,34,56,0.0,26.672111000152654,1.0,1.0,0.9647058823529412,0.0,0.0,0.0,6.0
3000,3000,multi,0.5,S1,default,class_size_desc,3,0,1.0,368,L14;L57;L61,0.9918478260869565,0.9918478260869565,0,0,1.0,0.12557077922077922,6,1.0511415525114156,1.0,34,56,0.0,45.53238199991938,1.0,1.0,0.9823529411764705,0.0,2.0,1.0,0.0
3000,3000,multi,0.5,S2,default,class_size_desc,3,0,1.0,368,L14;L57;L61,0.9945652173913043,0.9945652173913043,0,0,1.0,0.1258616883116883,6,1.0519125683060109,1.0,35,57,0.0,44.97420500001681,1.0,1.0,0.9882352941176471,0.0,2.0,0.0,0.0
3000,3000,multi,0.75,S0,default,class_size_desc,3,0,1.0,542,L14;L57;L61,0.8929889298892989,0.8929889298892989,13,58,2.0,0.18764895382395383,15,1.0550964187327823,1.0,34,80,0.0,28.004088999978194,0.8544292270504937,0.8965193999672293,0.8988356821617379,0.0,0.0,0.0,58.0
3000,3000,multi,0.75,S0-QoS,default,class_size_desc,3,0,1.0,542,L14;L57;L61,0.8929889298892989,0.8929889298892989,13,58,2.0,0.18764895382395383,15,1.0550964187327823,1.0,34,80,0.0,27.797751999969478,1.0,0.9789029535864979,0.7845528455284553,0.0,0.0,0.0,58.0
3000,3000,multi,0.75,S1,default,class_size_desc,3,0,1.0,542,L14;L57;L61,0.955719557195572,0.955719557195572,0,0,1.0,0.1720169191919192,15,1.066924066924067,1.0,38,94,0.0,55.76696600019204,1.0,0.9831223628691983,0.9186991869918699,0.0,11.0,13.0,0.0
3000,3000,multi,0.75,S2,default,class_size_desc,3,0,1.0,542,L14;L57;L61,0.9797047970479705,0.9797047970479705,0,0,1.0,0.17674960317460317,15,1.0721908349026994,1.0,43,99,0.0,51.25894099978723,1.0,0.9915611814345991,0.9634146341463414,0.0,11.0,0.0,0.0
3000,3000,multi,1.0,S0,default,class_size_desc,3,0,1.0,653,L14;L57;L61,0.8320739085682726,0.8320739085682726,18,110,2.4,0.22628196248196247,22,1.0570540671011344,0.9789473684210527,34,95,0.0,28.827482999986387,0.7682577002181847,0.8439221969825857,0.8354505402223068,0.0,0.0,0.0,109.65573770491802
3000,3000,multi,1.0,S0-QoS,default,class_size_desc,3,0,1.0,653,L14;L57;L61,0.832126153718803,0.832126153718803,18,110,2.4,0.22628196248196247,22,1.0570504849539915,0.9789473684210527,34,95,0.0,27.182508000123562,1.0,0.9581881533101045,0.6713076713076713,0.0,0.0,0.0,109.62162162162163
3000,3000,multi,1.0,S1,default,class_size_desc,3,0,1.0,653,L14;L57;L61,0.9203675344563553,0.9203675344563553,0,0,1.0,0.19786655844155845,22,1.0787576261785912,1.0,41,119,0.0,56.938492999961454,1.0,0.9616724738675958,0.8619528619528619,0.0,19.0,33.0,0.0
3000,3000,multi,1.0,S2,default,class_size_desc,3,0,1.0,653,L14;L57;L61,0.9693721286370597,0.9693721286370597,0,0,1.0,0.21099841269841269,23,1.0921537651395472,1.0,47,130,0.0,50.42871399996329,1.0,0.9825783972125436,0.9494949494949495,0.0,20.0,0.0,0.0
3000,3000,multi,1.0,S2,lambda=0.5xmean,class_size_desc,3,1,1.0,653,L14;L57;L61,0.9693721286370597,0.9693721286370597,0,0,1.0,0.24833088023088024,5,1.2648762506582412,1.0,58,169,0.0,54.12642900000719,1.0,0.9825783972125436,0.9494949494949495,0.0,20.0,0.0,0.0
3000,3000,multi,1.0,S2,lambda=1xmean,class_size_desc,3,2,1.0,653,L14;L57;L61,0.9693721286370597,0.9693721286370597,0,0,1.0,0.2616420274170274,5,1.306477093206951,1.0,64,187,0.0,54.255891999900996,1.0,0.9825783972125436,0.9494949494949495,0.0,20.0,0.0,0.0
3000,3000,multi,1.0,S2,lambda=2xmean,class_size_desc,3,4,1.0,653,L14;L57;L61,0.9693721286370597,0.9693721286370597,0,0,1.0,0.30314711399711397,6,1.434439178515008,1.0,81,251,0.0,70.24127099998623,1.0,0.9825783972125436,0.9494949494949495,0.0,20.0,0.0,0.0
3000,3000,multi,1.0,S2,max_paths=1,class_size_desc,1,0,1.0,653,L14;L57;L61,0.9218989280245024,0.9218989280245024,0,0,1.0,0.19837056277056278,22,1.079734219269103,1.0,42,120,0.0,65.92864300000656,1.0,0.9616724738675958,0.8653198653198653,0.0,19.0,32.0,0.0
3000,3000,multi,1.0,S2,max_paths=2,class_size_desc,2,0,1.0,653,L14;L57;L61,0.9693721286370597,0.9693721286370597,0,0,1.0,0.21099841269841269,23,1.0921537651395472,1.0,47,130,0.0,54.98270499992941,1.0,0.9825783972125436,0.9494949494949495,0.0,20.0,0.0,0.0
3000,3000,multi,1.0,S2,max_paths=4,class_size_desc,4,0,1.0,653,L14;L57;L61,0.9693721286370597,0.9693721286370597,0,0,1.0,0.21099841269841269,23,1.0921537651395472,1.0,47,130,0.0,52.2564020000118,1.0,0.9825783972125436,0.9494949494949495,0.0,20.0,0.0,0.0
3000,3000,multi,1.0,S2,order=arrival,arrival,3,0,1.0,653,L14;L57;L61,0.9693721286370597,0.9693721286370597,0,0,1.0,0.21126587301587302,23,1.0932069510268563,1.0,46,132,0.0,51.33078599988039,1.0,0.9825783972125436,0.9494949494949495,0.0,20.0,0.0,0.0
3000,3000,multi,1.0,S2,order=class_size_asc,class_size_asc,3,0,1.0,653,L14;L57;L61,0.9693721286370597,0.9693721286370597,0,0,1.0,0.21073095238095238,23,1.091100579252238,1.0,43,129,0.0,51.05703200001699,1.0,0.9825783972125436,0.9494949494949495,0.0,20.0,0.0,0.0
3000,3000,multi,1.0,S2,util_cap=0.9,class_size_desc,3,0,0.9,653,L14;L57;L61,0.9617151607963247,0.9617151607963247,0,0,0.9,0.21415436507936508,0,1.1167728237791932,1.0,46,131,0.0,53.8536369999747,1.0,0.975609756097561,0.9393939393939394,0.0,25.0,0.0,0.0
3000,3000,multi,1.25,S0,default,class_size_desc,3,0,1.0,851,L14;L57;L61,0.6953626594458352,0.6953626594458352,27,306,3.1,0.2949300505050505,33,1.0625260218951287,0.9568965517241379,34,122,0.0,28.759686000057627,0.6339013505537197,0.7126209353695468,0.6932843353487093,0.0,0.0,0.0,259.2463768115942
3000,3000,multi,1.25,S0-QoS,default,class_size_desc,3,0,1.0,851,L14;L57;L61,0.6954422119293355,0.6954422119293355,27,306,3.1,0.2949300505050505,33,1.062518869467163,0.9568965517241379,34,122,0.0,29.89470399984384,1.0,0.8903743315508021,0.433302135978869,0.0,0.0,0.0,259.1786776481354
3000,3000,multi,1.25,S1,default,class_size_desc,3,0,1.0,851,L14;L57;L61,0.8954171562867215,0.8954171562867215,0,0,1.0,0.2647583333333333,33,1.1386701662292213,0.9580838323353293,48,176,0.0,383.2491079999727,1.0,0.9224598930481284,0.8441558441558441,0.0,38.0,51.0,0.0
3000,3000,multi,1.25,S2,default,class_size_desc,3,0,1.0,851,L14;L57;L61,0.9506462984723855,0.9506462984723855,0,0,1.0,0.29129166666666667,37,1.1771734651833539,1.0,63,199,0.0,126.99874500003716,1.0,0.9652406417112299,0.9246753246753247,0.0,42.0,0.0,0.0
3000,3000,multi,1.5,S0,default,class_size_desc,3,0,1.0,1021,L14;L57;L61,0.5919027901150485,0.5919027901150485,37,537,3.7,0.35398012265512263,39,1.06286242465629,0.838010776829816,34,151,0.0,59.812642999986565,0.5388352187061741,0.6078602518352316,0.5886398773071227,0.0,0.0,0.0,416.66725129253547
3000,3000,multi,1.5,S0-QoS,default,class_size_desc,3,0,1.0,1021,L14;L57;L61,0.5908970918277118,0.5908970918277118,37,537,3.7,0.35398012265512263,39,1.0636841951535727,0.8475232198142415,34,151,0.0,34.13159999990967,1.0,0.8459821428571429,0.25333175750769543,0.0,0.0,0.0,417.6940692439062
3000,3000,multi,1.5,S1,default,class_size_desc,3,0,1.0,1021,L14;L57;L61,0.8423114593535749,0.8423114593535749,0,0,1.0,0.31843095238095237,44,1.2093023255813953,0.9343434343434344,54,219,0.0,186.53957699984858,1.0,0.8816964285714286,0.7687366167023555,0.0,54.0,107.0,0.0
3000,3000,multi,1.5,S2,default,class_size_desc,3,0,1.0,1021,L14;L57;L61,0.9187071498530852,0.9187071498530852,0,0,1.0,0.38779761904761906,61,1.3091684434968016,0.9637096774193549,71,280,0.0,107.83301100013887,1.0,0.9575892857142857,0.8629550321199143,0.0,83.0,0.0,0.0
3000,3000,multi,2.0,S0,default,class_size_desc,3,0,1.0,1306,L14;L57;L61,0.4643709018395397,0.4643709018395397,40,990,4.8,0.45256392496392495,43,1.0623797141587064,0.810671256454389,34,190,0.0,31.335526000020764,0.41738579171325585,0.4781235297210174,0.46199705805748414,0.0,0.0,0.0,699.5316021975611
3000,3000,multi,2.0,S0-QoS,default,class_size_desc,3,0,1.0,1306,L14;L57;L61,0.4613550188779898,0.4613550188779898,40,990,4.8,0.45256392496392495,43,1.064665635395647,0.834920634920635,34,190,0.0,34.77407599984872,0.9710144927536232,0.7317073170731707,0.08169975531086641,0.0,0.0,0.0,703.4703453453453
3000,3000,multi,2.0,S1,default,class_size_desc,3,0,1.0,1306,L14;L57;L61,0.7534456355283308,0.7534456355283308,0,0,1.0,0.40458571428571427,68,1.317750677506775,0.9272727272727272,72,312,2.0,180.3992819998257,0.9710144927536232,0.8571428571428571,0.6026936026936027,0.0,140.0,182.0,0.0
3000,3000,multi,2.0,S2,default,class_size_desc,3,0,1.0,1306,L14;L57;L61,0.774885145482389,0.774885145482389,0,0,1.0,0.4381857142857143,77,1.3708827404479578,0.9136690647482014,73,308,0.0,119.00545399998919,0.9855072463768116,0.9442508710801394,0.5622895622895623,0.0,292.0,2.0,0.0
3000,3000,recovered,0.5,S0,default,class_size_desc,3,0,1.0,368,,0.9836956521739131,0.9836956521739131,3,6,1.3,0.1211981271043771,6,1.0,nan,34,56,0.0,28.392527000050904,0.9777924777924778,0.9839653100522666,0.9847250788427259,0.0,0.0,0.0,6.000000000000001
3000,3000,recovered,0.5,S0-QoS,default,class_size_desc,3,0,1.0,368,,0.9836956521739131,0.9836956521739131,3,6,1.3,0.1211981271043771,6,1.0,nan,34,56,0.0,26.32782499995301,1.0,1.0,0.9647058823529412,0.0,0.0,0.0,6.0
3000,3000,recovered,0.5,S1,default,class_size_desc,3,0,1.0,368,,0.9918478260869565,0.9918478260869565,0,0,1.0,0.11912984006734006,6,1.0,nan,38,63,0.0,66.95383499982199,1.0,1.0,0.9823529411764705,0.0,2.0,1.0,0.0
3000,3000,recovered,0.5,S2,default,class_size_desc,3,0,1.0,368,,0.9945652173913043,0.9945652173913043,0,0,1.0,0.11938699494949495,6,1.0,nan,39,65,0.0,52.021191000221734,1.0,1.0,0.9882352941176471,0.0,2.0,0.0,0.0
3000,3000,recovered,0.75,S0,default,class_size_desc,3,0,1.0,542,,0.8929889298892989,0.8929889298892989,13,58,2.0,0.17848867143658811,14,1.0,nan,34,80,0.0,43.68297300015911,0.8544292270504937,0.8965193999672293,0.8988356821617379,0.0,0.0,0.0,58.0
3000,3000,recovered,0.75,S0-QoS,default,class_size_desc,3,0,1.0,542,,0.8929889298892989,0.8929889298892989,13,58,2.0,0.17848867143658811,14,1.0,nan,34,80,0.0,32.63842000001205,1.0,0.9789029535864979,0.7845528455284553,0.0,0.0,0.0,58.0
3000,3000,recovered,0.75,S1,default,class_size_desc,3,0,1.0,542,,0.955719557195572,0.955719557195572,0,0,1.0,0.16293143237934904,14,1.0064350064350065,nan,49,120,0.0,77.25993400003972,1.0,0.9831223628691983,0.9186991869918699,0.0,11.0,13.0,0.0
3000,3000,recovered,0.75,S2,default,class_size_desc,3,0,1.0,542,,0.9797047970479705,0.9797047970479705,0,0,1.0,0.1671905864197531,14,1.009416195856874,nan,54,129,0.0,59.63483899995481,1.0,0.9915611814345991,0.9634146341463414,0.0,11.0,0.0,0.0
3000,3000,recovered,1.0,S0,default,class_size_desc,3,0,1.0,653,,0.8351366957045666,0.8351366957045666,17,108,2.4,0.21528465207631875,21,1.0,nan,34,95,0.0,32.09186600020075,0.775504077029779,0.8479872376329922,0.8365728746779746,0.0,0.0,0.0,107.65573770491802
3000,3000,recovered,1.0,S0-QoS,default,class_size_desc,3,0,1.0,653,,0.8351889408550971,0.8351889408550971,17,108,2.4,0.21528465207631875,21,1.0,nan,34,95,0.0,30.155422999996517,1.0,0.9581881533101045,0.678041678041678,0.0,0.0,0.0,107.62162162162163
3000,3000,recovered,1.0,S1,default,class_size_desc,3,0,1.0,653,,0.9203675344563553,0.9203675344563553,0,0,1.0,0.18699379208754208,20,1.0116472545757071,nan,64,187,0.0,62.71559700007856,1.0,0.9616724738675958,0.8619528619528619,0.0,19.0,33.0,0.0
3000,3000,recovered,1.0,S2,default,class_size_desc,3,0,1.0,653,,0.9693721286370597,0.9693721286370597,0,0,1.0,0.19774821127946127,21,1.0184307530279095,nan,86,231,0.0,101.70071000015923,1.0,0.9825783972125436,0.9494949494949495,0.0,20.0,0.0,0.0
3000,3000,recovered,1.0,S2,lambda=0.5xmean,class_size_desc,3,1,1.0,653,,0.9693721286370597,0.9693721286370597,0,0,1.0,0.22228110970819304,4,1.1848341232227488,nan,122,352,0.0,55.93885799999043,1.0,0.9825783972125436,0.9494949494949495,0.0,20.0,0.0,0.0
3000,3000,recovered,1.0,S2,lambda=1xmean,class_size_desc,3,2,1.0,653,,0.9693721286370597,0.9693721286370597,0,0,1.0,0.24342276936026935,6,1.2580305423907319,nan,130,387,0.0,59.601135999855615,1.0,0.9825783972125436,0.9494949494949495,0.0,20.0,0.0,0.0
3000,3000,recovered,1.0,S2,lambda=2xmean,class_size_desc,3,4,1.0,653,,0.9693721286370597,0.9693721286370597,0,0,1.0,0.256247439674523,7,1.3059505002632965,nan,129,381,0.0,60.11977899993326,1.0,0.9825783972125436,0.9494949494949495,0.0,20.0,0.0,0.0
3000,3000,recovered,1.0,S2,max_paths=1,class_size_desc,1,0,1.0,653,,0.9218989280245024,0.9218989280245024,0,0,1.0,0.1874581228956229,20,1.0121816168327795,nan,75,194,0.0,88.894683000035,1.0,0.9616724738675958,0.8653198653198653,0.0,19.0,32.0,0.0
3000,3000,recovered,1.0,S2,max_paths=2,class_size_desc,2,0,1.0,653,,0.9693721286370597,0.9693721286370597,0,0,1.0,0.19774821127946127,21,1.0184307530279095,nan,86,231,0.0,55.3935249999995,1.0,0.9825783972125436,0.9494949494949495,0.0,20.0,0.0,0.0
3000,3000,recovered,1.0,S2,max_paths=4,class_size_desc,4,0,1.0,653,,0.9693721286370597,0.9693721286370597,0,0,1.0,0.19774821127946127,21,1.0184307530279095,nan,86,231,0.0,54.47352999999566,1.0,0.9825783972125436,0.9494949494949495,0.0,20.0,0.0,0.0
3000,3000,recovered,1.0,S2,order=arrival,arrival,3,0,1.0,653,,0.9693721286370597,0.9693721286370597,0,0,1.0,0.19774821127946127,21,1.0184307530279095,nan,70,222,0.0,55.53098399991541,1.0,0.9825783972125436,0.9494949494949495,0.0,20.0,0.0,0.0
3000,3000,recovered,1.0,S2,order=class_size_asc,class_size_asc,3,0,1.0,653,,0.9693721286370597,0.9693721286370597,0,0,1.0,0.19774821127946127,21,1.0184307530279095,nan,60,209,0.0,68.34104700010357,1.0,0.9825783972125436,0.9494949494949495,0.0,20.0,0.0,0.0
3000,3000,recovered,1.0,S2,util_cap=0.9,class_size_desc,3,0,0.9,653,,0.9617151607963247,0.9617151607963247,0,0,0.9,0.1969797278338945,0,1.0307855626326965,nan,99,267,0.0,68.80369400005293,1.0,0.975609756097561,0.9393939393939394,0.0,25.0,0.0,0.0
3000,3000,recovered,1.25,S0,default,class_size_desc,3,0,1.0,851,,0.7012381001038847,0.7012381001038847,26,301,3.1,0.2807644851290685,31,1.0,nan,34,122,0.0,29.046073000017714,0.6483941041769081,0.7206423257438783,0.6950159370803111,0.0,0.0,0.0,254.24637681159422
3000,3000,recovered,1.25,S0-QoS,default,class_size_desc,3,0,1.0,851,,0.7013176525873849,0.7013176525873849,26,301,3.1,0.2807644851290685,31,1.0,nan,34,122,0.0,30.225394999888522,1.0,0.8983957219251337,0.4384969411736742,0.0,0.0,0.0,254.17867764813545
3000,3000,recovered,1.25,S1,default,class_size_desc,3,0,1.0,851,,0.8942420681551116,0.8942420681551116,0,0,1.0,0.23674386223344557,34,1.0310994305738064,nan,94,333,0.0,128.7405509999644,1.0,0.93048128342246,0.8337662337662337,0.0,40.0,50.0,0.0
3000,3000,recovered,1.25,S2,default,class_size_desc,3,0,1.0,851,,0.9506462984723855,0.9506462984723855,0,0,1.0,0.25841550925925927,35,1.0593325092707047,nan,114,398,0.0,61.630522000086785,1.0,0.9652406417112299,0.9246753246753247,0.0,42.0,0.0,0.0
3000,3000,recovered,1.5,S0,default,class_size_desc,3,0,1.0,1021,,0.6134801988820858,0.6134801988820858,35,506,3.7,0.33648277918069586,38,1.0,nan,34,151,0.0,30.248477999975876,0.5683122590214688,0.6349267450702772,0.6031584621217339,0.0,0.0,0.0,394.6367169413904
3000,3000,recovered,1.5,S0-QoS,default,class_size_desc,3,0,1.0,1021,,0.6112074171022105,0.6112074171022105,35,506,3.7,0.33648277918069586,38,1.0,nan,34,151,0.0,27.249192999988736,1.0,0.859375,0.28488816458534677,0.0,0.0,0.0,396.9572271386431
3000,3000,recovered,1.5,S1,default,class_size_desc,3,0,1.0,1021,,0.8589618021547503,0.8589618021547503,0,0,1.0,0.2850108024691358,46,1.0847586469023185,nan,108,452,0.0,100.06135500020719,1.0,0.8950892857142857,0.7922912205567452,0.0,56.0,88.0,0.0
3000,3000,recovered,1.5,S2,default,class_size_desc,3,0,1.0,1021,,0.9353574926542605,0.9353574926542605,0,0,1.0,0.31969560185185186,49,1.1235602094240837,nan,124,542,0.0,82.70075700011148,1.0,0.9575892857142857,0.8993576017130621,0.0,66.0,0.0,0.0
3000,3000,recovered,2.0,S0,default,class_size_desc,3,0,1.0,1306,,0.48466647924871703,0.48466647924871703,39,924,4.8,0.4305693041526375,42,1.0,nan,34,190,0.0,29.821257000094192,0.4399917434705958,0.5052557212354767,0.4751494567520515,0.0,0.0,0.0,673.0255781011756
3000,3000,recovered,2.0,S0-QoS,default,class_size_desc,3,0,1.0,1306,,0.47905112233213304,0.47905112233213304,39,924,4.8,0.4305693041526375,42,1.0,nan,34,190,0.0,26.81564099998468,0.9710144927536232,0.7491289198606271,0.10377233293899961,0.0,0.0,0.0,680.3592342342342
3000,3000,recovered,2.0,S1,default,class_size_desc,3,0,1.0,1306,,0.8055130168453293,0.8055130168453293,0,0,1.0,0.36460185185185184,65,1.1742712294043092,nan,121,604,2.0,111.19916400002694,0.9710144927536232,0.8745644599303136,0.7003367003367004,0.0,120.0,134.0,0.0
3000,3000,recovered,2.0,S2,default,class_size_desc,3,0,1.0,1306,,0.8499234303215927,0.8499234303215927,0,0,1.0,0.39628367003367004,73,1.2162162162162162,nan,128,694,0.0,93.8229460000457,0.9855072463768116,0.9442508710801394,0.7272727272727273,0.0,196.0,0.0,0.0
